2026-09-27T01:23:30.8947039Z Current runner version: '2.337.0'
2026-09-27T01:23:30.8967549Z ##[group]Runner Image Provisioner
2026-09-27T01:23:30.8968266Z Hosted Compute Agent
2026-09-27T01:23:30.8968811Z Version: 20260828.587
2026-09-27T01:23:30.8969338Z Commit: abac92662cab4cc7352de4f9f9d2e2419aad9c29
2026-09-27T01:23:30.8969946Z Build Date: 2026-08-28T16:44:25Z
2026-09-27T01:23:30.8970532Z Worker ID: {8bcfa5ad-4799-4d62-ae04-492937f1842d}
2026-09-27T01:23:30.8971185Z Azure Region: centralus
2026-09-27T01:23:30.8971679Z ##[endgroup]
2026-09-27T01:23:30.8972815Z ##[group]Operating System
2026-09-27T01:23:30.8973354Z Ubuntu
2026-09-27T01:23:30.8973819Z 24.04.5
2026-09-27T01:23:30.8974253Z LTS
2026-09-27T01:23:30.8974709Z ##[endgroup]
2026-09-27T01:23:30.8975162Z ##[group]Runner Image
2026-09-27T01:23:30.8976032Z Image: ubuntu-24.04
2026-09-27T01:23:30.8976573Z Version: 20260920.314.1
2026-09-27T01:23:30.8977606Z Included Software: https://github.com/actions/runner-images/blob/ubuntu24/20260920.314/images/ubuntu/Ubuntu2404-Readme.md
2026-09-27T01:23:30.8978942Z Image Release: https://github.com/actions/runner-images/releases/tag/ubuntu24%2F20260920.314
2026-09-27T01:23:30.8979715Z ##[endgroup]
2026-09-27T01:23:30.8980687Z ##[group]GITHUB_TOKEN Permissions
2026-09-27T01:23:30.8982841Z Contents: write
2026-09-27T01:23:30.8983380Z Metadata: read
2026-09-27T01:23:30.8983837Z ##[endgroup]
2026-09-27T01:23:30.8985648Z Secret source: Actions
2026-09-27T01:23:30.8986578Z Cache mode: write
2026-09-27T01:23:30.8987164Z Prepare workflow directory
2026-09-27T01:23:30.9601757Z Prepare all required actions
2026-09-27T01:23:30.9644862Z Getting action download info
2026-09-27T01:23:31.2059122Z Download action repository 'actions/checkout@v4' (SHA:11d5960a326750d5838078e36cf38b85af677262)
2026-09-27T01:23:31.4462906Z Download action repository 'actions/upload-artifact@v4' (SHA:ea165f8d65b6e75b540449e92b4886f43607fa02)
2026-09-27T01:23:32.5250065Z Complete job name: build
2026-09-27T01:23:32.5922989Z ##[group]Run actions/checkout@v4
2026-09-27T01:23:32.5924232Z with:
2026-09-27T01:23:32.5925039Z   repository: avrignaud/common_drivers
2026-09-27T01:23:32.5932718Z   token: ***
2026-09-27T01:23:32.5933547Z   ssh-strict: true
2026-09-27T01:23:32.5934355Z   ssh-user: git
2026-09-27T01:23:32.5935176Z   persist-credentials: true
2026-09-27T01:23:32.5936147Z   clean: true
2026-09-27T01:23:32.5936994Z   sparse-checkout-cone-mode: true
2026-09-27T01:23:32.5937958Z   fetch-depth: 1
2026-09-27T01:23:32.5938719Z   fetch-tags: false
2026-09-27T01:23:32.5939558Z   show-progress: true
2026-09-27T01:23:32.5940412Z   lfs: false
2026-09-27T01:23:32.5941187Z   submodules: false
2026-09-27T01:23:32.5942029Z   set-safe-directory: true
2026-09-27T01:23:32.5942956Z   allow-unsafe-pr-checkout: false
2026-09-27T01:23:32.5944097Z env:
2026-09-27T01:23:32.5944960Z   CE_COMMIT: cb01a8989c75486ff0cfc7cbab7bcd6c20cfbc7f
2026-09-27T01:23:32.5946487Z   BASE_CD: 23b23cb6b709d53a5b7cb2cc6984f0c4d16bb125
2026-09-27T01:23:32.5947875Z   PATCHED_CD: 48e62bf2932c98e48d18569ff0a1d73e25924eda
2026-09-27T01:23:32.5949079Z   PATCHED_CD_REPO: avrignaud/common_drivers
2026-09-27T01:23:32.5951155Z   OFFICIAL_TAR_URL: https://archive.coreelec.org/Amlogic-no/CE-22/20260926/CoreELEC-Amlogic-no.aarch64-22.0-Piers_nightly_20260926.tar
2026-09-27T01:23:32.5953240Z   RELEASE_TAG: test-hpd-leak-fix-nightly_20260926
2026-09-27T01:23:32.5954761Z   BUILD_UNPATCHED: yes
2026-09-27T01:23:32.5955599Z ##[endgroup]
2026-09-27T01:23:32.6852322Z Syncing repository: avrignaud/common_drivers
2026-09-27T01:23:32.6855784Z ##[group]Getting Git version info
2026-09-27T01:23:32.6858039Z Working directory is '/home/runner/work/common_drivers/common_drivers'
2026-09-27T01:23:32.6860886Z [command]/usr/bin/git version
2026-09-27T01:23:32.6862229Z git version 2.55.0
2026-09-27T01:23:32.6869192Z ##[endgroup]
2026-09-27T01:23:32.6877403Z Temporarily overriding HOME='/home/runner/work/_temp/16fb3fb9-1536-488c-9e3c-4f13b834186d' before making global git config changes
2026-09-27T01:23:32.6881229Z Adding repository directory to the temporary git global config as a safe directory
2026-09-27T01:23:32.6884704Z [command]/usr/bin/git config --global --add safe.directory /home/runner/work/common_drivers/common_drivers
2026-09-27T01:23:32.6920543Z Deleting the contents of '/home/runner/work/common_drivers/common_drivers'
2026-09-27T01:23:32.6924309Z ##[group]Initializing the repository
2026-09-27T01:23:32.6927706Z [command]/usr/bin/git init /home/runner/work/common_drivers/common_drivers
2026-09-27T01:23:32.7000301Z hint: Using 'master' as the name for the initial branch. This default branch name
2026-09-27T01:23:32.7003325Z hint: will change to "main" in Git 3.0. To configure the initial branch name
2026-09-27T01:23:32.7006270Z hint: to use in all of your new repositories, which will suppress this warning,
2026-09-27T01:23:32.7008735Z hint: call:
2026-09-27T01:23:32.7009913Z hint:
2026-09-27T01:23:32.7011414Z hint: 	git config --global init.defaultBranch <name>
2026-09-27T01:23:32.7013387Z hint:
2026-09-27T01:23:32.7019364Z hint: Names commonly chosen instead of 'master' are 'main', 'trunk' and
2026-09-27T01:23:32.7022070Z hint: 'development'. The just-created branch can be renamed via this command:
2026-09-27T01:23:32.7023807Z hint:
2026-09-27T01:23:32.7024849Z hint: 	git branch -m <name>
2026-09-27T01:23:32.7026142Z hint:
2026-09-27T01:23:32.7027624Z hint: Disable this message with "git config set advice.defaultBranchName false"
2026-09-27T01:23:32.7029989Z Initialized empty Git repository in /home/runner/work/common_drivers/common_drivers/.git/
2026-09-27T01:23:32.7033954Z [command]/usr/bin/git remote add origin https://github.com/avrignaud/common_drivers
2026-09-27T01:23:32.7052593Z ##[endgroup]
2026-09-27T01:23:32.7054687Z ##[group]Disabling automatic garbage collection
2026-09-27T01:23:32.7056621Z [command]/usr/bin/git config --local gc.auto 0
2026-09-27T01:23:32.7080115Z ##[endgroup]
2026-09-27T01:23:32.7081896Z ##[group]Setting up auth
2026-09-27T01:23:32.7084410Z [command]/usr/bin/git config --local --name-only --get-regexp core\.sshCommand
2026-09-27T01:23:32.7112269Z [command]/usr/bin/git submodule foreach --recursive sh -c "git config --local --name-only --get-regexp 'core\.sshCommand' && git config --local --unset-all 'core.sshCommand' || :"
2026-09-27T01:23:32.7366328Z [command]/usr/bin/git config --local --name-only --get-regexp http\.https\:\/\/github\.com\/\.extraheader
2026-09-27T01:23:32.7400191Z [command]/usr/bin/git submodule foreach --recursive sh -c "git config --local --name-only --get-regexp 'http\.https\:\/\/github\.com\/\.extraheader' && git config --local --unset-all 'http.https://github.com/.extraheader' || :"
2026-09-27T01:23:32.7580425Z [command]/usr/bin/git config --local --name-only --get-regexp ^includeIf\.gitdir:
2026-09-27T01:23:32.7610219Z [command]/usr/bin/git submodule foreach --recursive git config --local --show-origin --name-only --get-regexp remote.origin.url
2026-09-27T01:23:32.7775350Z [command]/usr/bin/git config --local http.https://github.com/.extraheader AUTHORIZATION: basic ***
2026-09-27T01:23:32.7802949Z ##[endgroup]
2026-09-27T01:23:32.7805229Z ##[group]Fetching the repository
2026-09-27T01:23:32.7813554Z [command]/usr/bin/git -c protocol.version=2 fetch --no-tags --prune --no-recurse-submodules --depth=1 origin +9dd7450c1f067870d609df9b1b29633e5096e71a:refs/remotes/origin/ci-test-build
2026-09-27T01:23:33.2446334Z From https://github.com/avrignaud/common_drivers
2026-09-27T01:23:33.2447162Z  * [new ref]         9dd7450c1f067870d609df9b1b29633e5096e71a -> origin/ci-test-build
2026-09-27T01:23:33.2458133Z ##[endgroup]
2026-09-27T01:23:33.2458936Z ##[group]Determining the checkout info
2026-09-27T01:23:33.2459562Z ##[endgroup]
2026-09-27T01:23:33.2460018Z [command]/usr/bin/git sparse-checkout disable
2026-09-27T01:23:33.2502172Z [command]/usr/bin/git config --local --unset-all extensions.worktreeConfig
2026-09-27T01:23:33.2526872Z ##[group]Checking out the ref
2026-09-27T01:23:33.2531375Z [command]/usr/bin/git checkout --progress --force -B ci-test-build refs/remotes/origin/ci-test-build
2026-09-27T01:23:33.2577895Z Switched to a new branch 'ci-test-build'
2026-09-27T01:23:33.2582075Z branch 'ci-test-build' set up to track 'origin/ci-test-build'.
2026-09-27T01:23:33.2585039Z ##[endgroup]
2026-09-27T01:23:33.2615666Z [command]/usr/bin/git log -1 --format=%H
2026-09-27T01:23:33.2633452Z 9dd7450c1f067870d609df9b1b29633e5096e71a
2026-09-27T01:23:33.2801135Z ##[group]Run df -h /
2026-09-27T01:23:33.2801672Z [36;1mdf -h /[0m
2026-09-27T01:23:33.2802381Z [36;1msudo rm -rf /usr/share/dotnet /usr/local/lib/android /opt/ghc /usr/local/.ghcup /opt/hostedtoolcache/CodeQL /usr/local/share/boost[0m
2026-09-27T01:23:33.2803211Z [36;1msudo docker image prune -af >/dev/null 2>&1 || true[0m
2026-09-27T01:23:33.2803659Z [36;1mdf -h /[0m
2026-09-27T01:23:33.2946470Z shell: /usr/bin/bash -e {0}
2026-09-27T01:23:33.2946903Z env:
2026-09-27T01:23:33.2947375Z   CE_COMMIT: cb01a8989c75486ff0cfc7cbab7bcd6c20cfbc7f
2026-09-27T01:23:33.2947886Z   BASE_CD: 23b23cb6b709d53a5b7cb2cc6984f0c4d16bb125
2026-09-27T01:23:33.2948351Z   PATCHED_CD: 48e62bf2932c98e48d18569ff0a1d73e25924eda
2026-09-27T01:23:33.2948862Z   PATCHED_CD_REPO: avrignaud/common_drivers
2026-09-27T01:23:33.2949627Z   OFFICIAL_TAR_URL: https://archive.coreelec.org/Amlogic-no/CE-22/20260926/CoreELEC-Amlogic-no.aarch64-22.0-Piers_nightly_20260926.tar
2026-09-27T01:23:33.2950458Z   RELEASE_TAG: test-hpd-leak-fix-nightly_20260926
2026-09-27T01:23:33.2950952Z   BUILD_UNPATCHED: yes
2026-09-27T01:23:33.2951321Z ##[endgroup]
2026-09-27T01:23:33.3216979Z Filesystem      Size  Used Avail Use% Mounted on
2026-09-27T01:23:33.3217802Z /dev/root       145G   59G   86G  41% /
2026-09-27T01:26:04.6033480Z Filesystem      Size  Used Avail Use% Mounted on
2026-09-27T01:26:04.6034092Z /dev/root       145G   35G  110G  25% /
2026-09-27T01:26:04.6076978Z ##[group]Run sudo apt-get update -q
2026-09-27T01:26:04.6077412Z [36;1msudo apt-get update -q[0m
2026-09-27T01:26:04.6077839Z [36;1msudo DEBIAN_FRONTEND=noninteractive apt-get install -y -q --no-install-recommends \[0m
2026-09-27T01:26:04.6078412Z [36;1m  bash bc bzip2 curl diffutils gawk gcc g++ gperf gzip file patchutils lzop make patch perl \[0m
2026-09-27T01:26:04.6079047Z [36;1m  rdfind rsync sed tar unzip xz-utils zip zstd libncurses5-dev libc6-dev libjson-perl \[0m
2026-09-27T01:26:04.6079611Z [36;1m  libparse-yapp-perl libxml-parser-perl python3 squashfs-tools kmod xmlstarlet binutils[0m
2026-09-27T01:26:04.6080105Z [36;1mnproc; free -g; df -h /[0m
2026-09-27T01:26:04.6113616Z shell: /usr/bin/bash -e {0}
2026-09-27T01:26:04.6114088Z env:
2026-09-27T01:26:04.6114397Z   CE_COMMIT: cb01a8989c75486ff0cfc7cbab7bcd6c20cfbc7f
2026-09-27T01:26:04.6114786Z   BASE_CD: 23b23cb6b709d53a5b7cb2cc6984f0c4d16bb125
2026-09-27T01:26:04.6115278Z   PATCHED_CD: 48e62bf2932c98e48d18569ff0a1d73e25924eda
2026-09-27T01:26:04.6115674Z   PATCHED_CD_REPO: avrignaud/common_drivers
2026-09-27T01:26:04.6116454Z   OFFICIAL_TAR_URL: https://archive.coreelec.org/Amlogic-no/CE-22/20260926/CoreELEC-Amlogic-no.aarch64-22.0-Piers_nightly_20260926.tar
2026-09-27T01:26:04.6117062Z   RELEASE_TAG: test-hpd-leak-fix-nightly_20260926
2026-09-27T01:26:04.6117420Z   BUILD_UNPATCHED: yes
2026-09-27T01:26:04.6117685Z ##[endgroup]
2026-09-27T01:26:04.6697355Z Get:1 file:/etc/apt/apt-mirrors.txt Mirrorlist [144 B]
2026-09-27T01:26:04.7032286Z Hit:2 http://azure.archive.ubuntu.com/ubuntu noble InRelease
2026-09-27T01:26:04.7061070Z Get:3 http://azure.archive.ubuntu.com/ubuntu noble-updates InRelease [126 kB]
2026-09-27T01:26:04.7083881Z Get:4 http://azure.archive.ubuntu.com/ubuntu noble-backports InRelease [126 kB]
2026-09-27T01:26:04.7100397Z Get:5 http://azure.archive.ubuntu.com/ubuntu noble-security InRelease [126 kB]
2026-09-27T01:26:04.7443242Z Get:6 https://packages.microsoft.com/ubuntu/24.04/prod noble InRelease [3600 B]
2026-09-27T01:26:04.8151233Z Get:7 http://azure.archive.ubuntu.com/ubuntu noble-updates/main amd64 Packages [1319 kB]
2026-09-27T01:26:04.8257960Z Get:8 http://azure.archive.ubuntu.com/ubuntu noble-updates/main Translation-en [299 kB]
2026-09-27T01:26:04.8270219Z Get:9 http://azure.archive.ubuntu.com/ubuntu noble-updates/main amd64 Components [181 kB]
2026-09-27T01:26:04.8296938Z Get:10 http://azure.archive.ubuntu.com/ubuntu noble-updates/universe amd64 Packages [1697 kB]
2026-09-27T01:26:04.8349748Z Get:11 http://azure.archive.ubuntu.com/ubuntu noble-updates/universe Translation-en [340 kB]
2026-09-27T01:26:04.8376856Z Get:12 http://azure.archive.ubuntu.com/ubuntu noble-updates/universe amd64 Components [388 kB]
2026-09-27T01:26:04.8389673Z Get:13 http://azure.archive.ubuntu.com/ubuntu noble-updates/restricted amd64 Packages [1654 kB]
2026-09-27T01:26:04.8477758Z Get:14 http://azure.archive.ubuntu.com/ubuntu noble-updates/restricted Translation-en [377 kB]
2026-09-27T01:26:04.8482769Z Get:15 http://azure.archive.ubuntu.com/ubuntu noble-updates/multiverse amd64 Components [940 B]
2026-09-27T01:26:04.8596710Z Get:16 http://azure.archive.ubuntu.com/ubuntu noble-backports/main amd64 Packages [40.6 kB]
2026-09-27T01:26:04.9081146Z Get:17 http://azure.archive.ubuntu.com/ubuntu noble-backports/main amd64 Components [5760 B]
2026-09-27T01:26:04.9089089Z Get:18 http://azure.archive.ubuntu.com/ubuntu noble-backports/universe amd64 Packages [31.0 kB]
2026-09-27T01:26:04.9097902Z Get:19 http://azure.archive.ubuntu.com/ubuntu noble-backports/universe Translation-en [18.6 kB]
2026-09-27T01:26:04.9105397Z Get:20 http://azure.archive.ubuntu.com/ubuntu noble-backports/universe amd64 Components [12.6 kB]
2026-09-27T01:26:04.9147544Z Get:21 http://azure.archive.ubuntu.com/ubuntu noble-security/main amd64 Packages [1053 kB]
2026-09-27T01:26:04.9165634Z Get:22 http://azure.archive.ubuntu.com/ubuntu noble-security/main Translation-en [219 kB]
2026-09-27T01:26:04.9184570Z Get:23 http://azure.archive.ubuntu.com/ubuntu noble-security/main amd64 Components [46.5 kB]
2026-09-27T01:26:04.9210706Z Get:24 http://azure.archive.ubuntu.com/ubuntu noble-security/universe amd64 Packages [1220 kB]
2026-09-27T01:26:04.9243425Z Get:25 http://azure.archive.ubuntu.com/ubuntu noble-security/universe Translation-en [245 kB]
2026-09-27T01:26:04.9297085Z Get:26 http://azure.archive.ubuntu.com/ubuntu noble-security/universe amd64 Components [76.3 kB]
2026-09-27T01:26:04.9298491Z Get:27 http://azure.archive.ubuntu.com/ubuntu noble-security/restricted amd64 Packages [1535 kB]
2026-09-27T01:26:04.9337358Z Get:28 http://azure.archive.ubuntu.com/ubuntu noble-security/restricted Translation-en [353 kB]
2026-09-27T01:26:04.9372238Z Get:29 https://packages.microsoft.com/ubuntu/24.04/prod noble/main arm64 Packages [446 kB]
2026-09-27T01:26:04.9432140Z Get:30 https://packages.microsoft.com/ubuntu/24.04/prod noble/main amd64 Packages [498 kB]
2026-09-27T01:26:11.7870939Z Fetched 12.4 MB in 1s (10.2 MB/s)
2026-09-27T01:26:12.4446753Z Reading package lists...
2026-09-27T01:26:12.4699058Z Reading package lists...
2026-09-27T01:26:12.5870703Z Building dependency tree...
2026-09-27T01:26:12.5874657Z Reading state information...
2026-09-27T01:26:12.7220197Z bash is already the newest version (5.2.21-2ubuntu4).
2026-09-27T01:26:12.7221408Z bc is already the newest version (1.07.1-3ubuntu4).
2026-09-27T01:26:12.7222025Z bc set to manually installed.
2026-09-27T01:26:12.7222567Z bzip2 is already the newest version (1.0.8-5.1ubuntu0.1).
2026-09-27T01:26:12.7223160Z diffutils is already the newest version (1:3.10-1ubuntu0.1).
2026-09-27T01:26:12.7223800Z gawk is already the newest version (1:5.2.1-2ubuntu0.1).
2026-09-27T01:26:12.7224320Z gawk set to manually installed.
2026-09-27T01:26:12.7224904Z gcc is already the newest version (4:13.2.0-7ubuntu1).
2026-09-27T01:26:12.7225520Z g++ is already the newest version (4:13.2.0-7ubuntu1).
2026-09-27T01:26:12.7225876Z gzip is already the newest version (1.12-1ubuntu3.2).
2026-09-27T01:26:12.7226612Z file is already the newest version (1:5.45-3build1).
2026-09-27T01:26:12.7227003Z make is already the newest version (4.3-4.1build2).
2026-09-27T01:26:12.7227399Z patch is already the newest version (2.7.6-7build3).
2026-09-27T01:26:12.7227732Z patch set to manually installed.
2026-09-27T01:26:12.7228061Z perl is already the newest version (5.38.2-3.2ubuntu0.6).
2026-09-27T01:26:12.7228660Z perl set to manually installed.
2026-09-27T01:26:12.7229008Z rsync is already the newest version (3.2.7-1ubuntu1.5).
2026-09-27T01:26:12.7229381Z sed is already the newest version (4.9-2ubuntu0.24.04.1).
2026-09-27T01:26:12.7229750Z sed set to manually installed.
2026-09-27T01:26:12.7230073Z tar is already the newest version (1.35+dfsg-3ubuntu0.4).
2026-09-27T01:26:12.7230438Z unzip is already the newest version (6.0-28ubuntu4.1).
2026-09-27T01:26:12.7230848Z xz-utils is already the newest version (5.6.1+really5.4.5-1ubuntu0.3).
2026-09-27T01:26:12.7231271Z zip is already the newest version (3.0-13ubuntu0.2).
2026-09-27T01:26:12.7231651Z zstd is already the newest version (1.5.5+dfsg2-2build1.1).
2026-09-27T01:26:12.7231976Z zstd set to manually installed.
2026-09-27T01:26:12.7232354Z libncurses-dev is already the newest version (6.4+20240113-1ubuntu2.2).
2026-09-27T01:26:12.7232760Z libncurses-dev set to manually installed.
2026-09-27T01:26:12.7233342Z libc6-dev is already the newest version (2.39-0ubuntu8.9).
2026-09-27T01:26:12.7233690Z libc6-dev set to manually installed.
2026-09-27T01:26:12.7234005Z libjson-perl is already the newest version (4.10000-1).
2026-09-27T01:26:12.7234378Z libjson-perl set to manually installed.
2026-09-27T01:26:12.7234738Z python3 is already the newest version (3.12.3-0ubuntu2.1).
2026-09-27T01:26:12.7235125Z squashfs-tools is already the newest version (1:4.6.1-1build1).
2026-09-27T01:26:12.7235544Z squashfs-tools set to manually installed.
2026-09-27T01:26:12.7236002Z kmod is already the newest version (31+20240202-2ubuntu7.2).
2026-09-27T01:26:12.7236450Z kmod set to manually installed.
2026-09-27T01:26:12.7236917Z binutils is already the newest version (2.42-4ubuntu2.10).
2026-09-27T01:26:12.7237295Z The following additional packages will be installed:
2026-09-27T01:26:12.7237720Z   libcurl3t64-gnutls libcurl4t64 libfile-listing-perl libhtml-tree-perl
2026-09-27T01:26:12.7238189Z   libhttp-cookies-perl libhttp-negotiate-perl libio-socket-ssl-perl
2026-09-27T01:26:12.7238674Z   liblwp-protocol-https-perl libnet-http-perl libnet-ssleay-perl
2026-09-27T01:26:12.7239160Z   libtry-tiny-perl libwww-perl libwww-robotrules-perl perl-openssl-defaults
2026-09-27T01:26:12.7239538Z Suggested packages:
2026-09-27T01:26:12.7239937Z   libcrypt-ssleay-perl libsub-name-perl libauthen-ntlm-perl debhelper
2026-09-27T01:26:12.7240311Z Recommended packages:
2026-09-27T01:26:12.7240684Z   libhtml-format-perl libdata-dump-perl libhtml-form-perl libhttp-daemon-perl
2026-09-27T01:26:12.7241099Z   libmailtools-perl
2026-09-27T01:26:12.7393847Z The following NEW packages will be installed:
2026-09-27T01:26:12.7394705Z   gperf libfile-listing-perl libhtml-tree-perl libhttp-cookies-perl
2026-09-27T01:26:12.7395408Z   libhttp-negotiate-perl libio-socket-ssl-perl liblwp-protocol-https-perl
2026-09-27T01:26:12.7398400Z   libnet-http-perl libnet-ssleay-perl libparse-yapp-perl libtry-tiny-perl
2026-09-27T01:26:12.7399130Z   libwww-perl libwww-robotrules-perl libxml-parser-perl lzop patchutils
2026-09-27T01:26:12.7400405Z   perl-openssl-defaults rdfind xmlstarlet
2026-09-27T01:26:12.7403932Z The following packages will be upgraded:
2026-09-27T01:26:12.7410394Z   curl libcurl3t64-gnutls libcurl4t64
2026-09-27T01:26:12.7548513Z 3 upgraded, 19 newly installed, 0 to remove and 29 not upgraded.
2026-09-27T01:26:12.7549169Z Need to get 2627 kB of archives.
2026-09-27T01:26:12.7549619Z After this operation, 5345 kB of additional disk space will be used.
2026-09-27T01:26:12.7550176Z Get:1 file:/etc/apt/apt-mirrors.txt Mirrorlist [144 B]
2026-09-27T01:26:12.8010054Z Get:2 http://azure.archive.ubuntu.com/ubuntu noble-updates/main amd64 curl amd64 8.5.0-2ubuntu10.15 [227 kB]
2026-09-27T01:26:12.8312123Z Get:3 http://azure.archive.ubuntu.com/ubuntu noble-updates/main amd64 libcurl4t64 amd64 8.5.0-2ubuntu10.15 [343 kB]
2026-09-27T01:26:12.8610936Z Get:4 http://azure.archive.ubuntu.com/ubuntu noble/universe amd64 gperf amd64 3.1-1build1 [103 kB]
2026-09-27T01:26:12.8889485Z Get:5 http://azure.archive.ubuntu.com/ubuntu noble-updates/main amd64 libcurl3t64-gnutls amd64 8.5.0-2ubuntu10.15 [336 kB]
2026-09-27T01:26:12.9191078Z Get:6 http://azure.archive.ubuntu.com/ubuntu noble/main amd64 libfile-listing-perl all 6.16-1 [11.3 kB]
2026-09-27T01:26:12.9465712Z Get:7 http://azure.archive.ubuntu.com/ubuntu noble/main amd64 libhtml-tree-perl all 5.07-3 [200 kB]
2026-09-27T01:26:12.9752787Z Get:8 http://azure.archive.ubuntu.com/ubuntu noble/main amd64 libhttp-cookies-perl all 6.11-1 [18.2 kB]
2026-09-27T01:26:13.0030619Z Get:9 http://azure.archive.ubuntu.com/ubuntu noble/main amd64 libhttp-negotiate-perl all 6.01-2 [12.4 kB]
2026-09-27T01:26:13.0313402Z Get:10 http://azure.archive.ubuntu.com/ubuntu noble/main amd64 perl-openssl-defaults amd64 7build3 [6626 B]
2026-09-27T01:26:13.0598811Z Get:11 http://azure.archive.ubuntu.com/ubuntu noble/main amd64 libnet-ssleay-perl amd64 1.94-1build4 [316 kB]
2026-09-27T01:26:13.0900680Z Get:12 http://azure.archive.ubuntu.com/ubuntu noble/main amd64 libio-socket-ssl-perl all 2.085-1 [195 kB]
2026-09-27T01:26:13.1181531Z Get:13 http://azure.archive.ubuntu.com/ubuntu noble/main amd64 libnet-http-perl all 6.23-1 [22.3 kB]
2026-09-27T01:26:13.1457471Z Get:14 http://azure.archive.ubuntu.com/ubuntu noble/main amd64 libtry-tiny-perl all 0.31-2 [20.8 kB]
2026-09-27T01:26:13.1735123Z Get:15 http://azure.archive.ubuntu.com/ubuntu noble/main amd64 libwww-robotrules-perl all 6.02-1 [12.6 kB]
2026-09-27T01:26:13.2011648Z Get:16 http://azure.archive.ubuntu.com/ubuntu noble-updates/main amd64 libwww-perl all 6.76-1ubuntu0.1 [139 kB]
2026-09-27T01:26:13.2298550Z Get:17 http://azure.archive.ubuntu.com/ubuntu noble/main amd64 liblwp-protocol-https-perl all 6.13-1 [9006 B]
2026-09-27T01:26:13.2589664Z Get:18 http://azure.archive.ubuntu.com/ubuntu noble/universe amd64 libparse-yapp-perl all 1.21-3 [38.0 kB]
2026-09-27T01:26:13.2867897Z Get:19 http://azure.archive.ubuntu.com/ubuntu noble-updates/main amd64 libxml-parser-perl amd64 2.47-1ubuntu0.24.04.1 [204 kB]
2026-09-27T01:26:13.3626979Z Get:20 http://azure.archive.ubuntu.com/ubuntu noble/main amd64 lzop amd64 1.04-2build3 [82.2 kB]
2026-09-27T01:26:13.3959340Z Get:21 http://azure.archive.ubuntu.com/ubuntu noble/main amd64 patchutils amd64 0.4.2-1build3 [77.0 kB]
2026-09-27T01:26:13.4601001Z Get:22 http://azure.archive.ubuntu.com/ubuntu noble/universe amd64 xmlstarlet amd64 1.6.1-4 [213 kB]
2026-09-27T01:26:13.5330937Z Get:23 http://azure.archive.ubuntu.com/ubuntu noble/universe amd64 rdfind amd64 1.6.0-1build3 [40.7 kB]
2026-09-27T01:26:13.7436220Z Fetched 2627 kB in 1s (3334 kB/s)
2026-09-27T01:26:13.7745283Z (Reading database ... 
2026-09-27T01:26:13.7746027Z (Reading database ... 5%
2026-09-27T01:26:13.7746730Z (Reading database ... 10%
2026-09-27T01:26:13.7747758Z (Reading database ... 15%
2026-09-27T01:26:13.7748265Z (Reading database ... 20%
2026-09-27T01:26:13.7748597Z (Reading database ... 25%
2026-09-27T01:26:13.7748891Z (Reading database ... 30%
2026-09-27T01:26:13.7749405Z (Reading database ... 35%
2026-09-27T01:26:13.7749755Z (Reading database ... 40%
2026-09-27T01:26:13.7750046Z (Reading database ... 45%
2026-09-27T01:26:13.7750319Z (Reading database ... 50%
2026-09-27T01:26:13.7788733Z (Reading database ... 55%
2026-09-27T01:26:13.8901440Z (Reading database ... 60%
2026-09-27T01:26:14.0969441Z (Reading database ... 65%
2026-09-27T01:26:14.3033791Z (Reading database ... 70%
2026-09-27T01:26:14.4510364Z (Reading database ... 75%
2026-09-27T01:26:14.6079162Z (Reading database ... 80%
2026-09-27T01:26:14.8557374Z (Reading database ... 85%
2026-09-27T01:26:15.0120382Z (Reading database ... 90%
2026-09-27T01:26:15.1558886Z (Reading database ... 95%
2026-09-27T01:26:15.1559445Z (Reading database ... 100%
2026-09-27T01:26:15.1559943Z (Reading database ... 202190 files and directories currently installed.)
2026-09-27T01:26:15.1598467Z Preparing to unpack .../00-curl_8.5.0-2ubuntu10.15_amd64.deb ...
2026-09-27T01:26:15.1941770Z Unpacking curl (8.5.0-2ubuntu10.15) over (8.5.0-2ubuntu10.13) ...
2026-09-27T01:26:15.2410538Z Preparing to unpack .../01-libcurl4t64_8.5.0-2ubuntu10.15_amd64.deb ...
2026-09-27T01:26:15.2466969Z Unpacking libcurl4t64:amd64 (8.5.0-2ubuntu10.15) over (8.5.0-2ubuntu10.13) ...
2026-09-27T01:26:15.2835398Z Selecting previously unselected package gperf.
2026-09-27T01:26:15.2936066Z Preparing to unpack .../02-gperf_3.1-1build1_amd64.deb ...
2026-09-27T01:26:15.2944093Z Unpacking gperf (3.1-1build1) ...
2026-09-27T01:26:15.3232299Z Preparing to unpack .../03-libcurl3t64-gnutls_8.5.0-2ubuntu10.15_amd64.deb ...
2026-09-27T01:26:15.3293758Z Unpacking libcurl3t64-gnutls:amd64 (8.5.0-2ubuntu10.15) over (8.5.0-2ubuntu10.13) ...
2026-09-27T01:26:15.3508442Z Selecting previously unselected package libfile-listing-perl.
2026-09-27T01:26:15.3597770Z Preparing to unpack .../04-libfile-listing-perl_6.16-1_all.deb ...
2026-09-27T01:26:15.3605422Z Unpacking libfile-listing-perl (6.16-1) ...
2026-09-27T01:26:15.3736292Z Selecting previously unselected package libhtml-tree-perl.
2026-09-27T01:26:15.3823686Z Preparing to unpack .../05-libhtml-tree-perl_5.07-3_all.deb ...
2026-09-27T01:26:15.3829303Z Unpacking libhtml-tree-perl (5.07-3) ...
2026-09-27T01:26:15.4087979Z Selecting previously unselected package libhttp-cookies-perl.
2026-09-27T01:26:15.4175465Z Preparing to unpack .../06-libhttp-cookies-perl_6.11-1_all.deb ...
2026-09-27T01:26:15.4182599Z Unpacking libhttp-cookies-perl (6.11-1) ...
2026-09-27T01:26:15.4359998Z Selecting previously unselected package libhttp-negotiate-perl.
2026-09-27T01:26:15.4445647Z Preparing to unpack .../07-libhttp-negotiate-perl_6.01-2_all.deb ...
2026-09-27T01:26:15.4451629Z Unpacking libhttp-negotiate-perl (6.01-2) ...
2026-09-27T01:26:15.4573637Z Selecting previously unselected package perl-openssl-defaults:amd64.
2026-09-27T01:26:15.4660311Z Preparing to unpack .../08-perl-openssl-defaults_7build3_amd64.deb ...
2026-09-27T01:26:15.4666824Z Unpacking perl-openssl-defaults:amd64 (7build3) ...
2026-09-27T01:26:15.4817575Z Selecting previously unselected package libnet-ssleay-perl:amd64.
2026-09-27T01:26:15.4904069Z Preparing to unpack .../09-libnet-ssleay-perl_1.94-1build4_amd64.deb ...
2026-09-27T01:26:15.4909595Z Unpacking libnet-ssleay-perl:amd64 (1.94-1build4) ...
2026-09-27T01:26:15.5354880Z Selecting previously unselected package libio-socket-ssl-perl.
2026-09-27T01:26:15.5441876Z Preparing to unpack .../10-libio-socket-ssl-perl_2.085-1_all.deb ...
2026-09-27T01:26:15.5447665Z Unpacking libio-socket-ssl-perl (2.085-1) ...
2026-09-27T01:26:15.5637319Z Selecting previously unselected package libnet-http-perl.
2026-09-27T01:26:15.5724030Z Preparing to unpack .../11-libnet-http-perl_6.23-1_all.deb ...
2026-09-27T01:26:15.5729802Z Unpacking libnet-http-perl (6.23-1) ...
2026-09-27T01:26:15.5854604Z Selecting previously unselected package libtry-tiny-perl.
2026-09-27T01:26:15.5941889Z Preparing to unpack .../12-libtry-tiny-perl_0.31-2_all.deb ...
2026-09-27T01:26:15.5948211Z Unpacking libtry-tiny-perl (0.31-2) ...
2026-09-27T01:26:15.6069468Z Selecting previously unselected package libwww-robotrules-perl.
2026-09-27T01:26:15.6156386Z Preparing to unpack .../13-libwww-robotrules-perl_6.02-1_all.deb ...
2026-09-27T01:26:15.6162168Z Unpacking libwww-robotrules-perl (6.02-1) ...
2026-09-27T01:26:15.6292517Z Selecting previously unselected package libwww-perl.
2026-09-27T01:26:15.6379602Z Preparing to unpack .../14-libwww-perl_6.76-1ubuntu0.1_all.deb ...
2026-09-27T01:26:15.6386062Z Unpacking libwww-perl (6.76-1ubuntu0.1) ...
2026-09-27T01:26:15.6577488Z Selecting previously unselected package liblwp-protocol-https-perl.
2026-09-27T01:26:15.6663708Z Preparing to unpack .../15-liblwp-protocol-https-perl_6.13-1_all.deb ...
2026-09-27T01:26:15.6669643Z Unpacking liblwp-protocol-https-perl (6.13-1) ...
2026-09-27T01:26:15.6787941Z Selecting previously unselected package libparse-yapp-perl.
2026-09-27T01:26:15.6874423Z Preparing to unpack .../16-libparse-yapp-perl_1.21-3_all.deb ...
2026-09-27T01:26:15.6881201Z Unpacking libparse-yapp-perl (1.21-3) ...
2026-09-27T01:26:15.7017602Z Selecting previously unselected package libxml-parser-perl.
2026-09-27T01:26:15.7103541Z Preparing to unpack .../17-libxml-parser-perl_2.47-1ubuntu0.24.04.1_amd64.deb ...
2026-09-27T01:26:15.7109433Z Unpacking libxml-parser-perl (2.47-1ubuntu0.24.04.1) ...
2026-09-27T01:26:15.7452476Z Selecting previously unselected package lzop.
2026-09-27T01:26:15.7540034Z Preparing to unpack .../18-lzop_1.04-2build3_amd64.deb ...
2026-09-27T01:26:15.7546036Z Unpacking lzop (1.04-2build3) ...
2026-09-27T01:26:15.7679933Z Selecting previously unselected package patchutils.
2026-09-27T01:26:15.7766283Z Preparing to unpack .../19-patchutils_0.4.2-1build3_amd64.deb ...
2026-09-27T01:26:15.7771276Z Unpacking patchutils (0.4.2-1build3) ...
2026-09-27T01:26:15.7927628Z Selecting previously unselected package xmlstarlet.
2026-09-27T01:26:15.8014740Z Preparing to unpack .../20-xmlstarlet_1.6.1-4_amd64.deb ...
2026-09-27T01:26:15.8021332Z Unpacking xmlstarlet (1.6.1-4) ...
2026-09-27T01:26:15.8541114Z Selecting previously unselected package rdfind.
2026-09-27T01:26:15.8629187Z Preparing to unpack .../21-rdfind_1.6.0-1build3_amd64.deb ...
2026-09-27T01:26:15.8636428Z Unpacking rdfind (1.6.0-1build3) ...
2026-09-27T01:26:15.9033524Z Setting up libhttp-negotiate-perl (6.01-2) ...
2026-09-27T01:26:15.9050945Z Setting up libfile-listing-perl (6.16-1) ...
2026-09-27T01:26:15.9064778Z Setting up libparse-yapp-perl (1.21-3) ...
2026-09-27T01:26:15.9078577Z Setting up libcurl4t64:amd64 (8.5.0-2ubuntu10.15) ...
2026-09-27T01:26:15.9093194Z Setting up libhttp-cookies-perl (6.11-1) ...
2026-09-27T01:26:15.9107286Z Setting up libhtml-tree-perl (5.07-3) ...
2026-09-27T01:26:15.9120809Z Setting up rdfind (1.6.0-1build3) ...
2026-09-27T01:26:15.9134412Z Setting up libtry-tiny-perl (0.31-2) ...
2026-09-27T01:26:15.9147573Z Setting up libcurl3t64-gnutls:amd64 (8.5.0-2ubuntu10.15) ...
2026-09-27T01:26:15.9159897Z Setting up perl-openssl-defaults:amd64 (7build3) ...
2026-09-27T01:26:15.9174391Z Setting up libnet-http-perl (6.23-1) ...
2026-09-27T01:26:15.9187703Z Setting up gperf (3.1-1build1) ...
2026-09-27T01:26:15.9202078Z Setting up patchutils (0.4.2-1build3) ...
2026-09-27T01:26:15.9214980Z Setting up xmlstarlet (1.6.1-4) ...
2026-09-27T01:26:15.9227769Z Setting up libwww-robotrules-perl (6.02-1) ...
2026-09-27T01:26:15.9239848Z Setting up lzop (1.04-2build3) ...
2026-09-27T01:26:15.9252634Z Setting up curl (8.5.0-2ubuntu10.15) ...
2026-09-27T01:26:15.9265757Z Setting up libnet-ssleay-perl:amd64 (1.94-1build4) ...
2026-09-27T01:26:15.9278807Z Setting up libio-socket-ssl-perl (2.085-1) ...
2026-09-27T01:26:15.9302672Z Setting up liblwp-protocol-https-perl (6.13-1) ...
2026-09-27T01:26:15.9321999Z Setting up libwww-perl (6.76-1ubuntu0.1) ...
2026-09-27T01:26:15.9341733Z Setting up libxml-parser-perl (2.47-1ubuntu0.24.04.1) ...
2026-09-27T01:26:15.9358835Z Processing triggers for libc-bin (2.39-0ubuntu8.9) ...
2026-09-27T01:26:16.1196488Z Processing triggers for man-db (2.12.0-4build2) ...
2026-09-27T01:26:16.1214107Z Not building database; man-db/auto-update is not 'true'.
2026-09-27T01:26:16.1224225Z Processing triggers for install-info (7.1-3build2) ...
2026-09-27T01:26:16.7702944Z 
2026-09-27T01:26:16.7704303Z Running kernel seems to be up-to-date.
2026-09-27T01:26:16.7704795Z 
2026-09-27T01:26:16.7704952Z Restarting services...
2026-09-27T01:26:16.7822946Z  systemctl restart packagekit.service php8.3-fpm.service
2026-09-27T01:26:16.8531113Z 
2026-09-27T01:26:16.8532453Z No containers need to be restarted.
2026-09-27T01:26:16.8532937Z 
2026-09-27T01:26:16.8536665Z No user sessions are running outdated binaries.
2026-09-27T01:26:16.8537130Z 
2026-09-27T01:26:16.8537554Z No VM guests are running outdated hypervisor (qemu) binaries on this host.
2026-09-27T01:26:17.5050118Z 4
2026-09-27T01:26:17.5062391Z                total        used        free      shared  buff/cache   available
2026-09-27T01:26:17.5062858Z Mem:              15           1          11           0           3          14
2026-09-27T01:26:17.5063252Z Swap:              2           0           2
2026-09-27T01:26:17.5071091Z Filesystem      Size  Used Avail Use% Mounted on
2026-09-27T01:26:17.5071517Z /dev/root       145G   35G  110G  25% /
2026-09-27T01:26:17.5104520Z ##[group]Run mkdir -p "$RUNNER_TEMP/work"
2026-09-27T01:26:17.5104909Z [36;1mmkdir -p "$RUNNER_TEMP/work"[0m
2026-09-27T01:26:17.5105339Z [36;1mWORK="$RUNNER_TEMP/work" OUT="$GITHUB_WORKSPACE/out" bash ci/build-test-kernel.sh[0m
2026-09-27T01:26:17.5139130Z shell: /usr/bin/bash -e {0}
2026-09-27T01:26:17.5139441Z env:
2026-09-27T01:26:17.5139796Z   CE_COMMIT: cb01a8989c75486ff0cfc7cbab7bcd6c20cfbc7f
2026-09-27T01:26:17.5140162Z   BASE_CD: 23b23cb6b709d53a5b7cb2cc6984f0c4d16bb125
2026-09-27T01:26:17.5140506Z   PATCHED_CD: 48e62bf2932c98e48d18569ff0a1d73e25924eda
2026-09-27T01:26:17.5140896Z   PATCHED_CD_REPO: avrignaud/common_drivers
2026-09-27T01:26:17.5141467Z   OFFICIAL_TAR_URL: https://archive.coreelec.org/Amlogic-no/CE-22/20260926/CoreELEC-Amlogic-no.aarch64-22.0-Piers_nightly_20260926.tar
2026-09-27T01:26:17.5142029Z   RELEASE_TAG: test-hpd-leak-fix-nightly_20260926
2026-09-27T01:26:17.5142377Z   BUILD_UNPATCHED: yes
2026-09-27T01:26:17.5142637Z ##[endgroup]
2026-09-27T01:26:17.5240407Z 
2026-09-27T01:26:17.5241273Z === official nightly: https://archive.coreelec.org/Amlogic-no/CE-22/20260926/CoreELEC-Amlogic-no.aarch64-22.0-Piers_nightly_20260926.tar  [01:26:17Z]
2026-09-27T01:29:28.5608260Z target/KERNEL: OK
2026-09-27T01:29:29.1232221Z target/SYSTEM: OK
2026-09-27T01:29:29.1253418Z 
2026-09-27T01:29:29.1254509Z === official KERNEL boot image  [01:29:29Z]
2026-09-27T01:29:29.1547843Z boot image: total=24287232 page=2048 hdr_ver=0 os_ver=0x0 name='' cmdline=''
2026-09-27T01:29:29.1548733Z   kernel @0x2000000  ramdisk @0x1000000  second @0xf00000  tags @0x100
2026-09-27T01:29:29.1549432Z   kernel=16974650 bytes (head 894c5a4f)
2026-09-27T01:29:29.1549875Z   ramdisk=7308290 bytes (head 28b52ffd)
2026-09-27T01:29:29.4994821Z official: Linux version 5.15.196 (docker@2cbe31e1f425) (Android (10087095, +pgo, +bolt, +lto, -mlgo, based on r487747c) clang version 17.0.2 (https://android.googlesource.com/toolchain/llvm-project d9f89f4d16663d5012e5c09495f3b30ece3d2362), LLD 17.0.2) #1 SMP PREEMPT Sat Sep 26 01:32:28 IDT 2026
2026-09-27T01:29:29.5005081Z 
2026-09-27T01:29:29.5005336Z === official modules (unsquashfs)  [01:29:29Z]
2026-09-27T01:29:29.6541933Z official modules: /home/runner/work/_temp/work/official-sys/usr/lib/kernel-overlays/base/lib/modules/5.15.196 (903 .ko)
2026-09-27T01:29:29.6568138Z 
2026-09-27T01:29:29.6568755Z === CoreELEC cb01a8989c75486ff0cfc7cbab7bcd6c20cfbc7f  [01:29:29Z]
2026-09-27T01:29:45.2603055Z projects/Amlogic-ce/packages/linux/package.mk:PKG_VERSION="69e87fa40cc3a04bf91d92e388d2787a2efcb50c"
2026-09-27T01:29:45.2604215Z projects/Amlogic-ce/packages/linux-drivers/amlogic/common_drivers/package.mk:PKG_VERSION="23b23cb6b709d53a5b7cb2cc6984f0c4d16bb125"
2026-09-27T01:29:45.2605260Z projects/Amlogic-ce/packages/lang/clang/package.mk:PKG_VERSION="r487747c"
2026-09-27T01:29:45.4382971Z **** This system lacks the following tools needed to build  ****
2026-09-27T01:29:45.4383828Z mkfontdir provided by xfonts-utils
2026-09-27T01:29:45.4384735Z mkfontscale provided by xfonts-utils
2026-09-27T01:29:45.4385093Z xsltproc provided by xsltproc
2026-09-27T01:29:45.4385375Z bdftopcf provided by xfonts-utils
2026-09-27T01:29:45.4385731Z **** The system appears to be a ubuntu system ****
2026-09-27T01:29:45.4560918Z Reading package lists...
2026-09-27T01:29:45.5917527Z Building dependency tree...
2026-09-27T01:29:45.5923926Z Reading state information...
2026-09-27T01:29:45.7314079Z The following additional packages will be installed:
2026-09-27T01:29:45.7314587Z   xfonts-encodings
2026-09-27T01:29:45.7434900Z The following NEW packages will be installed:
2026-09-27T01:29:45.7435537Z   xfonts-encodings xfonts-utils xsltproc
2026-09-27T01:29:45.7573944Z 0 upgraded, 3 newly installed, 0 to remove and 29 not upgraded.
2026-09-27T01:29:45.7574710Z Need to get 688 kB of archives.
2026-09-27T01:29:45.7575349Z After this operation, 1205 kB of additional disk space will be used.
2026-09-27T01:29:45.7576586Z Get:1 file:/etc/apt/apt-mirrors.txt Mirrorlist [144 B]
2026-09-27T01:29:45.8190649Z Get:2 http://azure.archive.ubuntu.com/ubuntu noble/main amd64 xfonts-encodings all 1:1.0.5-0ubuntu2 [578 kB]
2026-09-27T01:29:45.8497906Z Get:3 http://azure.archive.ubuntu.com/ubuntu noble/main amd64 xfonts-utils amd64 1:7.7+6build3 [94.4 kB]
2026-09-27T01:29:45.8792646Z Get:4 http://azure.archive.ubuntu.com/ubuntu noble-updates/main amd64 xsltproc amd64 1.1.39-0exp1ubuntu0.24.04.3 [15.0 kB]
2026-09-27T01:29:46.0843225Z Fetched 688 kB in 0s (5310 kB/s)
2026-09-27T01:29:46.1570069Z Selecting previously unselected package xfonts-encodings.
2026-09-27T01:29:46.1599104Z (Reading database ... 
2026-09-27T01:29:46.1599486Z (Reading database ... 5%
2026-09-27T01:29:46.1599897Z (Reading database ... 10%
2026-09-27T01:29:46.1600270Z (Reading database ... 15%
2026-09-27T01:29:46.1600606Z (Reading database ... 20%
2026-09-27T01:29:46.1600958Z (Reading database ... 25%
2026-09-27T01:29:46.1601338Z (Reading database ... 30%
2026-09-27T01:29:46.1601711Z (Reading database ... 35%
2026-09-27T01:29:46.1602087Z (Reading database ... 40%
2026-09-27T01:29:46.1602463Z (Reading database ... 45%
2026-09-27T01:29:46.1602929Z (Reading database ... 50%
2026-09-27T01:29:46.1614813Z (Reading database ... 55%
2026-09-27T01:29:46.1698272Z (Reading database ... 60%
2026-09-27T01:29:46.1718972Z (Reading database ... 65%
2026-09-27T01:29:46.1735665Z (Reading database ... 70%
2026-09-27T01:29:46.1763202Z (Reading database ... 75%
2026-09-27T01:29:46.1781801Z (Reading database ... 80%
2026-09-27T01:29:46.1803019Z (Reading database ... 85%
2026-09-27T01:29:46.1961946Z (Reading database ... 90%
2026-09-27T01:29:46.2163416Z (Reading database ... 95%
2026-09-27T01:29:46.2163883Z (Reading database ... 100%
2026-09-27T01:29:46.2164576Z (Reading database ... 202888 files and directories currently installed.)
2026-09-27T01:29:46.2196622Z Preparing to unpack .../xfonts-encodings_1%3a1.0.5-0ubuntu2_all.deb ...
2026-09-27T01:29:46.2204810Z Unpacking xfonts-encodings (1:1.0.5-0ubuntu2) ...
2026-09-27T01:29:46.3672955Z Selecting previously unselected package xfonts-utils.
2026-09-27T01:29:46.3780346Z Preparing to unpack .../xfonts-utils_1%3a7.7+6build3_amd64.deb ...
2026-09-27T01:29:46.3877122Z Unpacking xfonts-utils (1:7.7+6build3) ...
2026-09-27T01:29:46.5437781Z Selecting previously unselected package xsltproc.
2026-09-27T01:29:46.5546275Z Preparing to unpack .../xsltproc_1.1.39-0exp1ubuntu0.24.04.3_amd64.deb ...
2026-09-27T01:29:46.5555841Z Unpacking xsltproc (1.1.39-0exp1ubuntu0.24.04.3) ...
2026-09-27T01:29:46.5951085Z Setting up xsltproc (1.1.39-0exp1ubuntu0.24.04.3) ...
2026-09-27T01:29:46.6840556Z Setting up xfonts-encodings (1:1.0.5-0ubuntu2) ...
2026-09-27T01:29:46.6858676Z Setting up xfonts-utils (1:7.7+6build3) ...
2026-09-27T01:29:46.6970616Z Processing triggers for fontconfig (2.15.0-1.1ubuntu2) ...
2026-09-27T01:29:46.7323903Z Processing triggers for man-db (2.12.0-4build2) ...
2026-09-27T01:29:46.7335882Z Not building database; man-db/auto-update is not 'true'.
2026-09-27T01:29:47.1211930Z 
2026-09-27T01:29:47.1212672Z Running kernel seems to be up-to-date.
2026-09-27T01:29:47.1212963Z 
2026-09-27T01:29:47.1213146Z No services need to be restarted.
2026-09-27T01:29:47.1213337Z 
2026-09-27T01:29:47.1213503Z No containers need to be restarted.
2026-09-27T01:29:47.1213769Z 
2026-09-27T01:29:47.1213939Z No user sessions are running outdated binaries.
2026-09-27T01:29:47.1214209Z 
2026-09-27T01:29:47.1214395Z No VM guests are running outdated hypervisor (qemu) binaries on this host.
2026-09-27T01:29:47.8138566Z yes: standard output: Broken pipe
2026-09-27T01:29:47.8161294Z distributions/CoreELEC/options:10:  DISTRO_MIRROR="https://sources.libreelec.tv/mirror https://ftp.gnu.org/gnu"
2026-09-27T01:29:47.8162880Z distributions/CoreELEC/options:180:  DISTRO_MIRROR="http://sources.coreelec.org http://sources.libreelec.tv/mirror https://ftp.gnu.org/gnu"
2026-09-27T01:29:48.6989295Z sources/gmp/gmp-6.3.0.tar.xz: OK
2026-09-27T01:29:48.6991727Z pre-seeded gmp: gmp-6.3.0.tar.xz
2026-09-27T01:29:48.7004722Z 
2026-09-27T01:29:48.7005377Z === build linux (unpatched)  [01:29:48Z]
2026-09-27T01:30:46.2686392Z **********************************************************************
2026-09-27T01:30:46.2686909Z ***                                                                ***
2026-09-27T01:30:46.2687484Z ***   OpenSSL has been successfully configured                     ***
2026-09-27T01:30:46.2687924Z ***                                                                ***
2026-09-27T01:30:46.2688377Z ***   If you encounter a problem while building, please open an    ***
2026-09-27T01:30:46.2688974Z ***   issue on GitHub <https://github.com/openssl/openssl/issues>  ***
2026-09-27T01:30:46.2689459Z ***   and include the output from the following command:           ***
2026-09-27T01:30:46.2689880Z ***                                                                ***
2026-09-27T01:30:46.2690266Z ***       perl configdata.pm --dump                                ***
2026-09-27T01:30:46.2690657Z ***                                                                ***
2026-09-27T01:30:46.2691043Z ***   (If you are new to OpenSSL, you might want to consult the    ***
2026-09-27T01:30:46.2691437Z ***   'Troubleshooting' section in the INSTALL.md file first)      ***
2026-09-27T01:30:46.2691829Z ***                                                                ***
2026-09-27T01:32:52.3948800Z **********************************************************************
2026-09-27T01:32:52.3949368Z *** Installing runtime libraries
2026-09-27T01:32:52.4063117Z *** Installing development files
2026-09-27T01:32:52.5757515Z *** Installing runtime programs
2026-09-27T01:32:52.6667196Z *** Installing engines
2026-09-27T01:32:52.6672013Z *** Installing modules
2026-09-27T01:41:46.7739090Z -- Installing: /home/runner/work/_temp/work/ce/build.CoreELEC-Amlogic-no.aarch64-22/toolchain/share/cmake-4.4/Help/envvar/CTEST_OUTPUT_ON_FAILURE.rst
2026-09-27T01:48:41.6544324Z groff: fatal error: cannot load 'DESC' description file for device 'html' (try installing the 'groff' package?)
2026-09-27T01:48:44.4595580Z groff: fatal error: cannot load 'DESC' description file for device 'html' (try installing the 'groff' package?)
2026-09-27T01:49:30.9517605Z curl: (22) The requested URL returned error: 400
2026-09-27T01:49:31.9651833Z curl: (22) The requested URL returned error: 404
2026-09-27T01:52:59.4221913Z         ********************************************************************************
2026-09-27T01:52:59.4222794Z         ********************************************************************************
2026-09-27T01:52:59.4223364Z         ********************************************************************************
2026-09-27T01:52:59.4224325Z         ********************************************************************************
2026-09-27T01:52:59.4224836Z         ********************************************************************************
2026-09-27T01:52:59.4225230Z         ********************************************************************************
2026-09-27T01:52:59.4225640Z         ********************************************************************************
2026-09-27T01:52:59.4226189Z         ********************************************************************************
2026-09-27T01:52:59.4226596Z         ********************************************************************************
2026-09-27T01:52:59.4226959Z         ********************************************************************************
2026-09-27T01:52:59.4227313Z         ********************************************************************************
2026-09-27T01:52:59.4227723Z         ********************************************************************************
2026-09-27T01:52:59.4228069Z         ********************************************************************************
2026-09-27T01:52:59.4228866Z         ********************************************************************************
2026-09-27T01:52:59.4229481Z         ********************************************************************************
2026-09-27T01:52:59.4231251Z         ********************************************************************************
2026-09-27T01:52:59.4231771Z         ********************************************************************************
2026-09-27T01:52:59.4232214Z         ********************************************************************************
2026-09-27T01:52:59.4232637Z         ********************************************************************************
2026-09-27T01:52:59.4233058Z         ********************************************************************************
2026-09-27T01:53:01.3869614Z         ********************************************************************************
2026-09-27T01:53:01.3870276Z         ********************************************************************************
2026-09-27T01:54:10.6867247Z   INSTALL dest/include
2026-09-27T01:58:32.2436648Z *** This configuration is not supported in the following subdirectories:
2026-09-27T02:06:53.4721090Z *** These auxiliary programs are missing or incompatible versions: makeinfo
2026-09-27T02:06:53.4721604Z *** some features or tests will be disabled.
2026-09-27T02:06:53.4721920Z *** Check the INSTALL file for required versions.
2026-09-27T02:12:02.4696752Z checking whether we are compiling with ASan... /home/runner/work/_temp/work/ce/build.CoreELEC-Amlogic-no.aarch64-22/toolchain/bin/aarch64-libreelec-linux-gnu-nm: conftest: error: bad subsection length (9025 > max=180)
2026-09-27T02:12:02.4698510Z /home/runner/work/_temp/work/ce/build.CoreELEC-Amlogic-no.aarch64-22/toolchain/bin/aarch64-libreelec-linux-gnu-nm: conftest: error: could not parse subsection at offset 24
2026-09-27T02:12:06.9192051Z *** This configuration is not supported in the following subdirectories:
2026-09-27T02:14:42.2092363Z make[2]: [Makefile:1871: aarch64-libreelec-linux-gnu/bits/largefile-config.h] Error 1 (ignored)
2026-09-27T02:14:42.2104328Z make[2]: [Makefile:1872: aarch64-libreelec-linux-gnu/bits/largefile-config.h] Error 1 (ignored)
2026-09-27T02:21:54.5108316Z /home/runner/work/_temp/work/ce/build.CoreELEC-Amlogic-no.aarch64-22/toolchain/bin/aarch64-libreelec-linux-gnu-strip: busybox_unstripped: error: bad subsection length (9025 > max=360)
2026-09-27T02:21:54.5113030Z /home/runner/work/_temp/work/ce/build.CoreELEC-Amlogic-no.aarch64-22/toolchain/bin/aarch64-libreelec-linux-gnu-strip: busybox_unstripped: error: could not parse subsection at offset 24
2026-09-27T02:40:06.5380357Z   INSTALL /home/runner/work/_temp/work/ce/build.CoreELEC-Amlogic-no.aarch64-22/install_pkg/linux-69e87fa40cc3a04bf91d92e388d2787a2efcb50c/usr/lib/kernel-overlays/base/lib/modules/5.15.196/kernel/arch/arm64/lib/xor-neon.ko
2026-09-27T02:40:06.5389155Z   INSTALL /home/runner/work/_temp/work/ce/build.CoreELEC-Amlogic-no.aarch64-22/install_pkg/linux-69e87fa40cc3a04bf91d92e388d2787a2efcb50c/usr/lib/kernel-overlays/base/lib/modules/5.15.196/kernel/common_drivers/drivers/amfc/aml_erofs/aml-erofs.ko
2026-09-27T02:40:06.5393518Z   INSTALL /home/runner/work/_temp/work/ce/build.CoreELEC-Amlogic-no.aarch64-22/install_pkg/linux-69e87fa40cc3a04bf91d92e388d2787a2efcb50c/usr/lib/kernel-overlays/base/lib/modules/5.15.196/kernel/common_drivers/drivers/dvb/demux/amlogic-dvb-demux.ko
2026-09-27T02:40:06.5411340Z   INSTALL /home/runner/work/_temp/work/ce/build.CoreELEC-Amlogic-no.aarch64-22/install_pkg/linux-69e87fa40cc3a04bf91d92e388d2787a2efcb50c/usr/lib/kernel-overlays/base/lib/modules/5.15.196/kernel/common_drivers/drivers/dvb/dummy_fe/amlogic-dummy-fe.ko
2026-09-27T02:40:06.5430132Z   INSTALL /home/runner/work/_temp/work/ce/build.CoreELEC-Amlogic-no.aarch64-22/install_pkg/linux-69e87fa40cc3a04bf91d92e388d2787a2efcb50c/usr/lib/kernel-overlays/base/lib/modules/5.15.196/kernel/common_drivers/drivers/dvb/smartcard/amsmc.ko
2026-09-27T02:40:06.5458897Z   INSTALL /home/runner/work/_temp/work/ce/build.CoreELEC-Amlogic-no.aarch64-22/install_pkg/linux-69e87fa40cc3a04bf91d92e388d2787a2efcb50c/usr/lib/kernel-overlays/base/lib/modules/5.15.196/kernel/common_drivers/drivers/dvb/smartcard_sc2/amsmc_sc2.ko
2026-09-27T02:40:06.5470591Z   INSTALL /home/runner/work/_temp/work/ce/build.CoreELEC-Amlogic-no.aarch64-22/install_pkg/linux-69e87fa40cc3a04bf91d92e388d2787a2efcb50c/usr/lib/kernel-overlays/base/lib/modules/5.15.196/kernel/common_drivers/drivers/gki_tool/amlogic-gkitool.ko
2026-09-27T02:40:06.5479470Z   INSTALL /home/runner/work/_temp/work/ce/build.CoreELEC-Amlogic-no.aarch64-22/install_pkg/linux-69e87fa40cc3a04bf91d92e388d2787a2efcb50c/usr/lib/kernel-overlays/base/lib/modules/5.15.196/kernel/common_drivers/drivers/input/keyboard/gpio_keypad.ko
2026-09-27T02:40:06.5499516Z   INSTALL /home/runner/work/_temp/work/ce/build.CoreELEC-Amlogic-no.aarch64-22/install_pkg/linux-69e87fa40cc3a04bf91d92e388d2787a2efcb50c/usr/lib/kernel-overlays/base/lib/modules/5.15.196/kernel/common_drivers/drivers/input/meson-remote.ko
2026-09-27T02:40:06.5510091Z   INSTALL /home/runner/work/_temp/work/ce/build.CoreELEC-Amlogic-no.aarch64-22/install_pkg/linux-69e87fa40cc3a04bf91d92e388d2787a2efcb50c/usr/lib/kernel-overlays/base/lib/modules/5.15.196/kernel/crypto/blake2b_generic.ko
2026-09-27T02:40:06.5512096Z   INSTALL /home/runner/work/_temp/work/ce/build.CoreELEC-Amlogic-no.aarch64-22/install_pkg/linux-69e87fa40cc3a04bf91d92e388d2787a2efcb50c/usr/lib/kernel-overlays/base/lib/modules/5.15.196/kernel/crypto/xor.ko
2026-09-27T02:40:06.5536312Z   INSTALL /home/runner/work/_temp/work/ce/build.CoreELEC-Amlogic-no.aarch64-22/install_pkg/linux-69e87fa40cc3a04bf91d92e388d2787a2efcb50c/usr/lib/kernel-overlays/base/lib/modules/5.15.196/kernel/crypto/xxhash_generic.ko
2026-09-27T02:40:06.5557001Z   INSTALL /home/runner/work/_temp/work/ce/build.CoreELEC-Amlogic-no.aarch64-22/install_pkg/linux-69e87fa40cc3a04bf91d92e388d2787a2efcb50c/usr/lib/kernel-overlays/base/lib/modules/5.15.196/kernel/drivers/bcma/bcma.ko
2026-09-27T02:40:06.5561940Z   INSTALL /home/runner/work/_temp/work/ce/build.CoreELEC-Amlogic-no.aarch64-22/install_pkg/linux-69e87fa40cc3a04bf91d92e388d2787a2efcb50c/usr/lib/kernel-overlays/base/lib/modules/5.15.196/kernel/drivers/block/aoe/aoe.ko
2026-09-27T02:40:06.5582186Z   INSTALL /home/runner/work/_temp/work/ce/build.CoreELEC-Amlogic-no.aarch64-22/install_pkg/linux-69e87fa40cc3a04bf91d92e388d2787a2efcb50c/usr/lib/kernel-overlays/base/lib/modules/5.15.196/kernel/drivers/block/pktcdvd.ko
2026-09-27T02:40:06.5598170Z   INSTALL /home/runner/work/_temp/work/ce/build.CoreELEC-Amlogic-no.aarch64-22/install_pkg/linux-69e87fa40cc3a04bf91d92e388d2787a2efcb50c/usr/lib/kernel-overlays/base/lib/modules/5.15.196/kernel/drivers/block/zram/zram.ko
2026-09-27T02:40:06.5620257Z   INSTALL /home/runner/work/_temp/work/ce/build.CoreELEC-Amlogic-no.aarch64-22/install_pkg/linux-69e87fa40cc3a04bf91d92e388d2787a2efcb50c/usr/lib/kernel-overlays/base/lib/modules/5.15.196/kernel/drivers/bluetooth/ath3k.ko
2026-09-27T02:40:06.5631799Z   INSTALL /home/runner/work/_temp/work/ce/build.CoreELEC-Amlogic-no.aarch64-22/install_pkg/linux-69e87fa40cc3a04bf91d92e388d2787a2efcb50c/usr/lib/kernel-overlays/base/lib/modules/5.15.196/kernel/drivers/bluetooth/bcm203x.ko
2026-09-27T02:40:06.5634182Z   INSTALL /home/runner/work/_temp/work/ce/build.CoreELEC-Amlogic-no.aarch64-22/install_pkg/linux-69e87fa40cc3a04bf91d92e388d2787a2efcb50c/usr/lib/kernel-overlays/base/lib/modules/5.15.196/kernel/drivers/bluetooth/bfusb.ko
2026-09-27T02:40:06.5652834Z   INSTALL /home/runner/work/_temp/work/ce/build.CoreELEC-Amlogic-no.aarch64-22/install_pkg/linux-69e87fa40cc3a04bf91d92e388d2787a2efcb50c/usr/lib/kernel-overlays/base/lib/modules/5.15.196/kernel/drivers/bluetooth/bpa10x.ko
2026-09-27T02:40:06.5670976Z   INSTALL /home/runner/work/_temp/work/ce/build.CoreELEC-Amlogic-no.aarch64-22/install_pkg/linux-69e87fa40cc3a04bf91d92e388d2787a2efcb50c/usr/lib/kernel-overlays/base/lib/modules/5.15.196/kernel/drivers/bluetooth/btbcm.ko
2026-09-27T02:40:06.5694201Z   INSTALL /home/runner/work/_temp/work/ce/build.CoreELEC-Amlogic-no.aarch64-22/install_pkg/linux-69e87fa40cc3a04bf91d92e388d2787a2efcb50c/usr/lib/kernel-overlays/base/lib/modules/5.15.196/kernel/drivers/bluetooth/btintel.ko
2026-09-27T02:40:06.5697069Z   INSTALL /home/runner/work/_temp/work/ce/build.CoreELEC-Amlogic-no.aarch64-22/install_pkg/linux-69e87fa40cc3a04bf91d92e388d2787a2efcb50c/usr/lib/kernel-overlays/base/lib/modules/5.15.196/kernel/drivers/bluetooth/btmrvl.ko
2026-09-27T02:40:06.5699321Z   INSTALL /home/runner/work/_temp/work/ce/build.CoreELEC-Amlogic-no.aarch64-22/install_pkg/linux-69e87fa40cc3a04bf91d92e388d2787a2efcb50c/usr/lib/kernel-overlays/base/lib/modules/5.15.196/kernel/drivers/bluetooth/btmrvl_sdio.ko
2026-09-27T02:40:06.5722093Z   INSTALL /home/runner/work/_temp/work/ce/build.CoreELEC-Amlogic-no.aarch64-22/install_pkg/linux-69e87fa40cc3a04bf91d92e388d2787a2efcb50c/usr/lib/kernel-overlays/base/lib/modules/5.15.196/kernel/drivers/bluetooth/btqca.ko
2026-09-27T02:40:06.5742706Z   INSTALL /home/runner/work/_temp/work/ce/build.CoreELEC-Amlogic-no.aarch64-22/install_pkg/linux-69e87fa40cc3a04bf91d92e388d2787a2efcb50c/usr/lib/kernel-overlays/base/lib/modules/5.15.196/kernel/drivers/bluetooth/btrtl.ko
2026-09-27T02:40:06.5750148Z   INSTALL /home/runner/work/_temp/work/ce/build.CoreELEC-Amlogic-no.aarch64-22/install_pkg/linux-69e87fa40cc3a04bf91d92e388d2787a2efcb50c/usr/lib/kernel-overlays/base/lib/modules/5.15.196/kernel/drivers/bluetooth/btusb.ko
2026-09-27T02:40:06.5762472Z   INSTALL /home/runner/work/_temp/work/ce/build.CoreELEC-Amlogic-no.aarch64-22/install_pkg/linux-69e87fa40cc3a04bf91d92e388d2787a2efcb50c/usr/lib/kernel-overlays/base/lib/modules/5.15.196/kernel/drivers/bluetooth/hci_uart.ko
2026-09-27T02:40:06.5783525Z   INSTALL /home/runner/work/_temp/work/ce/build.CoreELEC-Amlogic-no.aarch64-22/install_pkg/linux-69e87fa40cc3a04bf91d92e388d2787a2efcb50c/usr/lib/kernel-overlays/base/lib/modules/5.15.196/kernel/drivers/bluetooth/hci_vhci.ko
2026-09-27T02:40:06.5808075Z   INSTALL /home/runner/work/_temp/work/ce/build.CoreELEC-Amlogic-no.aarch64-22/install_pkg/linux-69e87fa40cc3a04bf91d92e388d2787a2efcb50c/usr/lib/kernel-overlays/base/lib/modules/5.15.196/kernel/drivers/gpio/gpio-pcf857x.ko
2026-09-27T02:40:06.5833235Z   INSTALL /home/runner/work/_temp/work/ce/build.CoreELEC-Amlogic-no.aarch64-22/install_pkg/linux-69e87fa40cc3a04bf91d92e388d2787a2efcb50c/usr/lib/kernel-overlays/base/lib/modules/5.15.196/kernel/drivers/hid/hid-firetv.ko
2026-09-27T02:40:06.5850364Z   INSTALL /home/runner/work/_temp/work/ce/build.CoreELEC-Amlogic-no.aarch64-22/install_pkg/linux-69e87fa40cc3a04bf91d92e388d2787a2efcb50c/usr/lib/kernel-overlays/base/lib/modules/5.15.196/kernel/drivers/i2c/muxes/i2c-arb-gpio-challenge.ko
2026-09-27T02:40:06.5855409Z   INSTALL /home/runner/work/_temp/work/ce/build.CoreELEC-Amlogic-no.aarch64-22/install_pkg/linux-69e87fa40cc3a04bf91d92e388d2787a2efcb50c/usr/lib/kernel-overlays/base/lib/modules/5.15.196/kernel/drivers/i2c/muxes/i2c-demux-pinctrl.ko
2026-09-27T02:40:06.5886684Z   INSTALL /home/runner/work/_temp/work/ce/build.CoreELEC-Amlogic-no.aarch64-22/install_pkg/linux-69e87fa40cc3a04bf91d92e388d2787a2efcb50c/usr/lib/kernel-overlays/base/lib/modules/5.15.196/kernel/drivers/i2c/muxes/i2c-mux-gpio.ko
2026-09-27T02:40:06.5905350Z   INSTALL /home/runner/work/_temp/work/ce/build.CoreELEC-Amlogic-no.aarch64-22/install_pkg/linux-69e87fa40cc3a04bf91d92e388d2787a2efcb50c/usr/lib/kernel-overlays/base/lib/modules/5.15.196/kernel/drivers/i2c/muxes/i2c-mux-gpmux.ko
2026-09-27T02:40:06.5930769Z   INSTALL /home/runner/work/_temp/work/ce/build.CoreELEC-Amlogic-no.aarch64-22/install_pkg/linux-69e87fa40cc3a04bf91d92e388d2787a2efcb50c/usr/lib/kernel-overlays/base/lib/modules/5.15.196/kernel/drivers/i2c/muxes/i2c-mux-ltc4306.ko
2026-09-27T02:40:06.5938230Z   INSTALL /home/runner/work/_temp/work/ce/build.CoreELEC-Amlogic-no.aarch64-22/install_pkg/linux-69e87fa40cc3a04bf91d92e388d2787a2efcb50c/usr/lib/kernel-overlays/base/lib/modules/5.15.196/kernel/drivers/i2c/muxes/i2c-mux-mlxcpld.ko
2026-09-27T02:40:06.5970677Z   INSTALL /home/runner/work/_temp/work/ce/build.CoreELEC-Amlogic-no.aarch64-22/install_pkg/linux-69e87fa40cc3a04bf91d92e388d2787a2efcb50c/usr/lib/kernel-overlays/base/lib/modules/5.15.196/kernel/drivers/i2c/muxes/i2c-mux-pca9541.ko
2026-09-27T02:40:06.5977299Z   INSTALL /home/runner/work/_temp/work/ce/build.CoreELEC-Amlogic-no.aarch64-22/install_pkg/linux-69e87fa40cc3a04bf91d92e388d2787a2efcb50c/usr/lib/kernel-overlays/base/lib/modules/5.15.196/kernel/drivers/i2c/muxes/i2c-mux-pca954x.ko
2026-09-27T02:40:06.6000154Z   INSTALL /home/runner/work/_temp/work/ce/build.CoreELEC-Amlogic-no.aarch64-22/install_pkg/linux-69e87fa40cc3a04bf91d92e388d2787a2efcb50c/usr/lib/kernel-overlays/base/lib/modules/5.15.196/kernel/drivers/i2c/muxes/i2c-mux-reg.ko
2026-09-27T02:40:06.6012818Z   INSTALL /home/runner/work/_temp/work/ce/build.CoreELEC-Amlogic-no.aarch64-22/install_pkg/linux-69e87fa40cc3a04bf91d92e388d2787a2efcb50c/usr/lib/kernel-overlays/base/lib/modules/5.15.196/kernel/drivers/i2c/muxes/i2c-mux-pinctrl.ko
2026-09-27T02:40:06.6028439Z   INSTALL /home/runner/work/_temp/work/ce/build.CoreELEC-Amlogic-no.aarch64-22/install_pkg/linux-69e87fa40cc3a04bf91d92e388d2787a2efcb50c/usr/lib/kernel-overlays/base/lib/modules/5.15.196/kernel/drivers/leds/aw210xx/leds_aw210xx.ko
2026-09-27T02:40:06.6062364Z   INSTALL /home/runner/work/_temp/work/ce/build.CoreELEC-Amlogic-no.aarch64-22/install_pkg/linux-69e87fa40cc3a04bf91d92e388d2787a2efcb50c/usr/lib/kernel-overlays/base/lib/modules/5.15.196/kernel/drivers/leds/leds-is31fl32xx.ko
2026-09-27T02:40:06.6083124Z   INSTALL /home/runner/work/_temp/work/ce/build.CoreELEC-Amlogic-no.aarch64-22/install_pkg/linux-69e87fa40cc3a04bf91d92e388d2787a2efcb50c/usr/lib/kernel-overlays/base/lib/modules/5.15.196/kernel/drivers/leds/leds-tca6507.ko
2026-09-27T02:40:06.6093956Z   INSTALL /home/runner/work/_temp/work/ce/build.CoreELEC-Amlogic-no.aarch64-22/install_pkg/linux-69e87fa40cc3a04bf91d92e388d2787a2efcb50c/usr/lib/kernel-overlays/base/lib/modules/5.15.196/kernel/drivers/md/dm-bio-prison.ko
2026-09-27T02:40:06.6106981Z   INSTALL /home/runner/work/_temp/work/ce/build.CoreELEC-Amlogic-no.aarch64-22/install_pkg/linux-69e87fa40cc3a04bf91d92e388d2787a2efcb50c/usr/lib/kernel-overlays/base/lib/modules/5.15.196/kernel/drivers/md/dm-bow.ko
2026-09-27T02:40:06.6123543Z   INSTALL /home/runner/work/_temp/work/ce/build.CoreELEC-Amlogic-no.aarch64-22/install_pkg/linux-69e87fa40cc3a04bf91d92e388d2787a2efcb50c/usr/lib/kernel-overlays/base/lib/modules/5.15.196/kernel/drivers/md/dm-bufio.ko
2026-09-27T02:40:06.6151403Z   INSTALL /home/runner/work/_temp/work/ce/build.CoreELEC-Amlogic-no.aarch64-22/install_pkg/linux-69e87fa40cc3a04bf91d92e388d2787a2efcb50c/usr/lib/kernel-overlays/base/lib/modules/5.15.196/kernel/drivers/md/dm-crypt.ko
2026-09-27T02:40:06.6180877Z   INSTALL /home/runner/work/_temp/work/ce/build.CoreELEC-Amlogic-no.aarch64-22/install_pkg/linux-69e87fa40cc3a04bf91d92e388d2787a2efcb50c/usr/lib/kernel-overlays/base/lib/modules/5.15.196/kernel/drivers/md/dm-default-key.ko
2026-09-27T02:40:06.6207294Z   INSTALL /home/runner/work/_temp/work/ce/build.CoreELEC-Amlogic-no.aarch64-22/install_pkg/linux-69e87fa40cc3a04bf91d92e388d2787a2efcb50c/usr/lib/kernel-overlays/base/lib/modules/5.15.196/kernel/drivers/md/dm-mod.ko
2026-09-27T02:40:06.6209809Z   INSTALL /home/runner/work/_temp/work/ce/build.CoreELEC-Amlogic-no.aarch64-22/install_pkg/linux-69e87fa40cc3a04bf91d92e388d2787a2efcb50c/usr/lib/kernel-overlays/base/lib/modules/5.15.196/kernel/drivers/md/dm-thin-pool.ko
2026-09-27T02:40:06.6238336Z   INSTALL /home/runner/work/_temp/work/ce/build.CoreELEC-Amlogic-no.aarch64-22/install_pkg/linux-69e87fa40cc3a04bf91d92e388d2787a2efcb50c/usr/lib/kernel-overlays/base/lib/modules/5.15.196/kernel/drivers/md/dm-user.ko
2026-09-27T02:40:06.6241082Z   INSTALL /home/runner/work/_temp/work/ce/build.CoreELEC-Amlogic-no.aarch64-22/install_pkg/linux-69e87fa40cc3a04bf91d92e388d2787a2efcb50c/usr/lib/kernel-overlays/base/lib/modules/5.15.196/kernel/drivers/md/dm-snapshot.ko
2026-09-27T02:40:06.6259995Z   INSTALL /home/runner/work/_temp/work/ce/build.CoreELEC-Amlogic-no.aarch64-22/install_pkg/linux-69e87fa40cc3a04bf91d92e388d2787a2efcb50c/usr/lib/kernel-overlays/base/lib/modules/5.15.196/kernel/drivers/md/dm-verity.ko
2026-09-27T02:40:06.6297808Z   INSTALL /home/runner/work/_temp/work/ce/build.CoreELEC-Amlogic-no.aarch64-22/install_pkg/linux-69e87fa40cc3a04bf91d92e388d2787a2efcb50c/usr/lib/kernel-overlays/base/lib/modules/5.15.196/kernel/drivers/md/persistent-data/dm-persistent-data.ko
2026-09-27T02:40:06.6302837Z   INSTALL /home/runner/work/_temp/work/ce/build.CoreELEC-Amlogic-no.aarch64-22/install_pkg/linux-69e87fa40cc3a04bf91d92e388d2787a2efcb50c/usr/lib/kernel-overlays/base/lib/modules/5.15.196/kernel/drivers/media/common/b2c2/b2c2-flexcop.ko
2026-09-27T02:40:06.6333334Z   INSTALL /home/runner/work/_temp/work/ce/build.CoreELEC-Amlogic-no.aarch64-22/install_pkg/linux-69e87fa40cc3a04bf91d92e388d2787a2efcb50c/usr/lib/kernel-overlays/base/lib/modules/5.15.196/kernel/drivers/media/common/cypress_firmware.ko
2026-09-27T02:40:06.6336241Z   INSTALL /home/runner/work/_temp/work/ce/build.CoreELEC-Amlogic-no.aarch64-22/install_pkg/linux-69e87fa40cc3a04bf91d92e388d2787a2efcb50c/usr/lib/kernel-overlays/base/lib/modules/5.15.196/kernel/drivers/media/common/cx2341x.ko
2026-09-27T02:40:06.6353467Z   INSTALL /home/runner/work/_temp/work/ce/build.CoreELEC-Amlogic-no.aarch64-22/install_pkg/linux-69e87fa40cc3a04bf91d92e388d2787a2efcb50c/usr/lib/kernel-overlays/base/lib/modules/5.15.196/kernel/drivers/media/common/siano/smsdvb.ko
2026-09-27T02:40:06.6364935Z   INSTALL /home/runner/work/_temp/work/ce/build.CoreELEC-Amlogic-no.aarch64-22/install_pkg/linux-69e87fa40cc3a04bf91d92e388d2787a2efcb50c/usr/lib/kernel-overlays/base/lib/modules/5.15.196/kernel/drivers/media/common/siano/smsmdtv.ko
2026-09-27T02:40:06.6389796Z   INSTALL /home/runner/work/_temp/work/ce/build.CoreELEC-Amlogic-no.aarch64-22/install_pkg/linux-69e87fa40cc3a04bf91d92e388d2787a2efcb50c/usr/lib/kernel-overlays/base/lib/modules/5.15.196/kernel/drivers/media/common/ttpci-eeprom.ko
2026-09-27T02:40:06.6395722Z   INSTALL /home/runner/work/_temp/work/ce/build.CoreELEC-Amlogic-no.aarch64-22/install_pkg/linux-69e87fa40cc3a04bf91d92e388d2787a2efcb50c/usr/lib/kernel-overlays/base/lib/modules/5.15.196/kernel/drivers/media/common/tveeprom.ko
2026-09-27T02:40:06.6413340Z   INSTALL /home/runner/work/_temp/work/ce/build.CoreELEC-Amlogic-no.aarch64-22/install_pkg/linux-69e87fa40cc3a04bf91d92e388d2787a2efcb50c/usr/lib/kernel-overlays/base/lib/modules/5.15.196/kernel/drivers/media/dvb-frontends/a8293.ko
2026-09-27T02:40:06.6415615Z   INSTALL /home/runner/work/_temp/work/ce/build.CoreELEC-Amlogic-no.aarch64-22/install_pkg/linux-69e87fa40cc3a04bf91d92e388d2787a2efcb50c/usr/lib/kernel-overlays/base/lib/modules/5.15.196/kernel/drivers/media/dvb-frontends/af9013.ko
2026-09-27T02:40:06.6439630Z   INSTALL /home/runner/work/_temp/work/ce/build.CoreELEC-Amlogic-no.aarch64-22/install_pkg/linux-69e87fa40cc3a04bf91d92e388d2787a2efcb50c/usr/lib/kernel-overlays/base/lib/modules/5.15.196/kernel/drivers/media/dvb-frontends/af9033.ko
2026-09-27T02:40:06.6460327Z   INSTALL /home/runner/work/_temp/work/ce/build.CoreELEC-Amlogic-no.aarch64-22/install_pkg/linux-69e87fa40cc3a04bf91d92e388d2787a2efcb50c/usr/lib/kernel-overlays/base/lib/modules/5.15.196/kernel/drivers/media/dvb-frontends/as102_fe.ko
2026-09-27T02:40:06.6470036Z   INSTALL /home/runner/work/_temp/work/ce/build.CoreELEC-Amlogic-no.aarch64-22/install_pkg/linux-69e87fa40cc3a04bf91d92e388d2787a2efcb50c/usr/lib/kernel-overlays/base/lib/modules/5.15.196/kernel/drivers/media/dvb-frontends/ascot2e.ko
2026-09-27T02:40:06.6497320Z   INSTALL /home/runner/work/_temp/work/ce/build.CoreELEC-Amlogic-no.aarch64-22/install_pkg/linux-69e87fa40cc3a04bf91d92e388d2787a2efcb50c/usr/lib/kernel-overlays/base/lib/modules/5.15.196/kernel/drivers/media/dvb-frontends/au8522_common.ko
2026-09-27T02:40:06.6507642Z   INSTALL /home/runner/work/_temp/work/ce/build.CoreELEC-Amlogic-no.aarch64-22/install_pkg/linux-69e87fa40cc3a04bf91d92e388d2787a2efcb50c/usr/lib/kernel-overlays/base/lib/modules/5.15.196/kernel/drivers/media/dvb-frontends/atbm8830.ko
2026-09-27T02:40:06.6519236Z   INSTALL /home/runner/work/_temp/work/ce/build.CoreELEC-Amlogic-no.aarch64-22/install_pkg/linux-69e87fa40cc3a04bf91d92e388d2787a2efcb50c/usr/lib/kernel-overlays/base/lib/modules/5.15.196/kernel/drivers/media/dvb-frontends/au8522_decoder.ko
2026-09-27T02:40:06.6521784Z   INSTALL /home/runner/work/_temp/work/ce/build.CoreELEC-Amlogic-no.aarch64-22/install_pkg/linux-69e87fa40cc3a04bf91d92e388d2787a2efcb50c/usr/lib/kernel-overlays/base/lib/modules/5.15.196/kernel/drivers/media/dvb-frontends/au8522_dig.ko
2026-09-27T02:40:06.6546374Z   INSTALL /home/runner/work/_temp/work/ce/build.CoreELEC-Amlogic-no.aarch64-22/install_pkg/linux-69e87fa40cc3a04bf91d92e388d2787a2efcb50c/usr/lib/kernel-overlays/base/lib/modules/5.15.196/kernel/drivers/media/dvb-frontends/bcm3510.ko
2026-09-27T02:40:06.6552375Z   INSTALL /home/runner/work/_temp/work/ce/build.CoreELEC-Amlogic-no.aarch64-22/install_pkg/linux-69e87fa40cc3a04bf91d92e388d2787a2efcb50c/usr/lib/kernel-overlays/base/lib/modules/5.15.196/kernel/drivers/media/dvb-frontends/cx22700.ko
2026-09-27T02:40:06.6576519Z   INSTALL /home/runner/work/_temp/work/ce/build.CoreELEC-Amlogic-no.aarch64-22/install_pkg/linux-69e87fa40cc3a04bf91d92e388d2787a2efcb50c/usr/lib/kernel-overlays/base/lib/modules/5.15.196/kernel/drivers/media/dvb-frontends/cx22702.ko
2026-09-27T02:40:06.6583864Z   INSTALL /home/runner/work/_temp/work/ce/build.CoreELEC-Amlogic-no.aarch64-22/install_pkg/linux-69e87fa40cc3a04bf91d92e388d2787a2efcb50c/usr/lib/kernel-overlays/base/lib/modules/5.15.196/kernel/drivers/media/dvb-frontends/cx24110.ko
2026-09-27T02:40:06.6603194Z   INSTALL /home/runner/work/_temp/work/ce/build.CoreELEC-Amlogic-no.aarch64-22/install_pkg/linux-69e87fa40cc3a04bf91d92e388d2787a2efcb50c/usr/lib/kernel-overlays/base/lib/modules/5.15.196/kernel/drivers/media/dvb-frontends/cx24116.ko
2026-09-27T02:40:06.6605526Z   INSTALL /home/runner/work/_temp/work/ce/build.CoreELEC-Amlogic-no.aarch64-22/install_pkg/linux-69e87fa40cc3a04bf91d92e388d2787a2efcb50c/usr/lib/kernel-overlays/base/lib/modules/5.15.196/kernel/drivers/media/dvb-frontends/cx24113.ko
2026-09-27T02:40:06.6623833Z   INSTALL /home/runner/work/_temp/work/ce/build.CoreELEC-Amlogic-no.aarch64-22/install_pkg/linux-69e87fa40cc3a04bf91d92e388d2787a2efcb50c/usr/lib/kernel-overlays/base/lib/modules/5.15.196/kernel/drivers/media/dvb-frontends/cx24117.ko
2026-09-27T02:40:06.6647829Z   INSTALL /home/runner/work/_temp/work/ce/build.CoreELEC-Amlogic-no.aarch64-22/install_pkg/linux-69e87fa40cc3a04bf91d92e388d2787a2efcb50c/usr/lib/kernel-overlays/base/lib/modules/5.15.196/kernel/drivers/media/dvb-frontends/cx24120.ko
2026-09-27T02:40:06.6661854Z   INSTALL /home/runner/work/_temp/work/ce/build.CoreELEC-Amlogic-no.aarch64-22/install_pkg/linux-69e87fa40cc3a04bf91d92e388d2787a2efcb50c/usr/lib/kernel-overlays/base/lib/modules/5.15.196/kernel/drivers/media/dvb-frontends/cx24123.ko
2026-09-27T02:40:06.6671972Z   INSTALL /home/runner/work/_temp/work/ce/build.CoreELEC-Amlogic-no.aarch64-22/install_pkg/linux-69e87fa40cc3a04bf91d92e388d2787a2efcb50c/usr/lib/kernel-overlays/base/lib/modules/5.15.196/kernel/drivers/media/dvb-frontends/cxd2099.ko
2026-09-27T02:40:06.6674030Z   INSTALL /home/runner/work/_temp/work/ce/build.CoreELEC-Amlogic-no.aarch64-22/install_pkg/linux-69e87fa40cc3a04bf91d92e388d2787a2efcb50c/usr/lib/kernel-overlays/base/lib/modules/5.15.196/kernel/drivers/media/dvb-frontends/cxd2820r.ko
2026-09-27T02:40:06.6711457Z   INSTALL /home/runner/work/_temp/work/ce/build.CoreELEC-Amlogic-no.aarch64-22/install_pkg/linux-69e87fa40cc3a04bf91d92e388d2787a2efcb50c/usr/lib/kernel-overlays/base/lib/modules/5.15.196/kernel/drivers/media/dvb-frontends/cxd2841er.ko
2026-09-27T02:40:06.6718856Z   INSTALL /home/runner/work/_temp/work/ce/build.CoreELEC-Amlogic-no.aarch64-22/install_pkg/linux-69e87fa40cc3a04bf91d92e388d2787a2efcb50c/usr/lib/kernel-overlays/base/lib/modules/5.15.196/kernel/drivers/media/dvb-frontends/cxd2878.ko
2026-09-27T02:40:06.6723599Z   INSTALL /home/runner/work/_temp/work/ce/build.CoreELEC-Amlogic-no.aarch64-22/install_pkg/linux-69e87fa40cc3a04bf91d92e388d2787a2efcb50c/usr/lib/kernel-overlays/base/lib/modules/5.15.196/kernel/drivers/media/dvb-frontends/cxd2880/cxd2880.ko
2026-09-27T02:40:06.6744969Z   INSTALL /home/runner/work/_temp/work/ce/build.CoreELEC-Amlogic-no.aarch64-22/install_pkg/linux-69e87fa40cc3a04bf91d92e388d2787a2efcb50c/usr/lib/kernel-overlays/base/lib/modules/5.15.196/kernel/drivers/media/dvb-frontends/dib0070.ko
2026-09-27T02:40:06.6768286Z   INSTALL /home/runner/work/_temp/work/ce/build.CoreELEC-Amlogic-no.aarch64-22/install_pkg/linux-69e87fa40cc3a04bf91d92e388d2787a2efcb50c/usr/lib/kernel-overlays/base/lib/modules/5.15.196/kernel/drivers/media/dvb-frontends/dib0090.ko
2026-09-27T02:40:06.6781723Z   INSTALL /home/runner/work/_temp/work/ce/build.CoreELEC-Amlogic-no.aarch64-22/install_pkg/linux-69e87fa40cc3a04bf91d92e388d2787a2efcb50c/usr/lib/kernel-overlays/base/lib/modules/5.15.196/kernel/drivers/media/dvb-frontends/dib3000mb.ko
2026-09-27T02:40:06.6783991Z   INSTALL /home/runner/work/_temp/work/ce/build.CoreELEC-Amlogic-no.aarch64-22/install_pkg/linux-69e87fa40cc3a04bf91d92e388d2787a2efcb50c/usr/lib/kernel-overlays/base/lib/modules/5.15.196/kernel/drivers/media/dvb-frontends/dib3000mc.ko
2026-09-27T02:40:06.6788457Z   INSTALL /home/runner/work/_temp/work/ce/build.CoreELEC-Amlogic-no.aarch64-22/install_pkg/linux-69e87fa40cc3a04bf91d92e388d2787a2efcb50c/usr/lib/kernel-overlays/base/lib/modules/5.15.196/kernel/drivers/media/dvb-frontends/dib7000m.ko
2026-09-27T02:40:06.6824993Z   INSTALL /home/runner/work/_temp/work/ce/build.CoreELEC-Amlogic-no.aarch64-22/install_pkg/linux-69e87fa40cc3a04bf91d92e388d2787a2efcb50c/usr/lib/kernel-overlays/base/lib/modules/5.15.196/kernel/drivers/media/dvb-frontends/dib7000p.ko
2026-09-27T02:40:06.6831799Z   INSTALL /home/runner/work/_temp/work/ce/build.CoreELEC-Amlogic-no.aarch64-22/install_pkg/linux-69e87fa40cc3a04bf91d92e388d2787a2efcb50c/usr/lib/kernel-overlays/base/lib/modules/5.15.196/kernel/drivers/media/dvb-frontends/dib8000.ko
2026-09-27T02:40:06.6842647Z   INSTALL /home/runner/work/_temp/work/ce/build.CoreELEC-Amlogic-no.aarch64-22/install_pkg/linux-69e87fa40cc3a04bf91d92e388d2787a2efcb50c/usr/lib/kernel-overlays/base/lib/modules/5.15.196/kernel/drivers/media/dvb-frontends/dib9000.ko
2026-09-27T02:40:06.6847685Z   INSTALL /home/runner/work/_temp/work/ce/build.CoreELEC-Amlogic-no.aarch64-22/install_pkg/linux-69e87fa40cc3a04bf91d92e388d2787a2efcb50c/usr/lib/kernel-overlays/base/lib/modules/5.15.196/kernel/drivers/media/dvb-frontends/dibx000_common.ko
2026-09-27T02:40:06.6880368Z   INSTALL /home/runner/work/_temp/work/ce/build.CoreELEC-Amlogic-no.aarch64-22/install_pkg/linux-69e87fa40cc3a04bf91d92e388d2787a2efcb50c/usr/lib/kernel-overlays/base/lib/modules/5.15.196/kernel/drivers/media/dvb-frontends/drx39xyj/drx39xyj.ko
2026-09-27T02:40:06.6888108Z   INSTALL /home/runner/work/_temp/work/ce/build.CoreELEC-Amlogic-no.aarch64-22/install_pkg/linux-69e87fa40cc3a04bf91d92e388d2787a2efcb50c/usr/lib/kernel-overlays/base/lib/modules/5.15.196/kernel/drivers/media/dvb-frontends/drxd.ko
2026-09-27T02:40:06.6893831Z   INSTALL /home/runner/work/_temp/work/ce/build.CoreELEC-Amlogic-no.aarch64-22/install_pkg/linux-69e87fa40cc3a04bf91d92e388d2787a2efcb50c/usr/lib/kernel-overlays/base/lib/modules/5.15.196/kernel/drivers/media/dvb-frontends/drxk.ko
2026-09-27T02:40:06.6911531Z   INSTALL /home/runner/work/_temp/work/ce/build.CoreELEC-Amlogic-no.aarch64-22/install_pkg/linux-69e87fa40cc3a04bf91d92e388d2787a2efcb50c/usr/lib/kernel-overlays/base/lib/modules/5.15.196/kernel/drivers/media/dvb-frontends/ds3000.ko
2026-09-27T02:40:06.6931617Z   INSTALL /home/runner/work/_temp/work/ce/build.CoreELEC-Amlogic-no.aarch64-22/install_pkg/linux-69e87fa40cc3a04bf91d92e388d2787a2efcb50c/usr/lib/kernel-overlays/base/lib/modules/5.15.196/kernel/drivers/media/dvb-frontends/dvb-pll.ko
2026-09-27T02:40:06.6949797Z   INSTALL /home/runner/work/_temp/work/ce/build.CoreELEC-Amlogic-no.aarch64-22/install_pkg/linux-69e87fa40cc3a04bf91d92e388d2787a2efcb50c/usr/lib/kernel-overlays/base/lib/modules/5.15.196/kernel/drivers/media/dvb-frontends/ec100.ko
2026-09-27T02:40:06.6955645Z   INSTALL /home/runner/work/_temp/work/ce/build.CoreELEC-Amlogic-no.aarch64-22/install_pkg/linux-69e87fa40cc3a04bf91d92e388d2787a2efcb50c/usr/lib/kernel-overlays/base/lib/modules/5.15.196/kernel/drivers/media/dvb-frontends/gp8psk-fe.ko
2026-09-27T02:40:06.6976310Z   INSTALL /home/runner/work/_temp/work/ce/build.CoreELEC-Amlogic-no.aarch64-22/install_pkg/linux-69e87fa40cc3a04bf91d92e388d2787a2efcb50c/usr/lib/kernel-overlays/base/lib/modules/5.15.196/kernel/drivers/media/dvb-frontends/gx1133.ko
2026-09-27T02:40:06.7000767Z   INSTALL /home/runner/work/_temp/work/ce/build.CoreELEC-Amlogic-no.aarch64-22/install_pkg/linux-69e87fa40cc3a04bf91d92e388d2787a2efcb50c/usr/lib/kernel-overlays/base/lib/modules/5.15.196/kernel/drivers/media/dvb-frontends/helene.ko
2026-09-27T02:40:06.7003002Z   INSTALL /home/runner/work/_temp/work/ce/build.CoreELEC-Amlogic-no.aarch64-22/install_pkg/linux-69e87fa40cc3a04bf91d92e388d2787a2efcb50c/usr/lib/kernel-overlays/base/lib/modules/5.15.196/kernel/drivers/media/dvb-frontends/horus3a.ko
2026-09-27T02:40:06.7016754Z   INSTALL /home/runner/work/_temp/work/ce/build.CoreELEC-Amlogic-no.aarch64-22/install_pkg/linux-69e87fa40cc3a04bf91d92e388d2787a2efcb50c/usr/lib/kernel-overlays/base/lib/modules/5.15.196/kernel/drivers/media/dvb-frontends/isl6405.ko
2026-09-27T02:40:06.7030022Z   INSTALL /home/runner/work/_temp/work/ce/build.CoreELEC-Amlogic-no.aarch64-22/install_pkg/linux-69e87fa40cc3a04bf91d92e388d2787a2efcb50c/usr/lib/kernel-overlays/base/lib/modules/5.15.196/kernel/drivers/media/dvb-frontends/isl6421.ko
2026-09-27T02:40:06.7051774Z   INSTALL /home/runner/work/_temp/work/ce/build.CoreELEC-Amlogic-no.aarch64-22/install_pkg/linux-69e87fa40cc3a04bf91d92e388d2787a2efcb50c/usr/lib/kernel-overlays/base/lib/modules/5.15.196/kernel/drivers/media/dvb-frontends/isl6423.ko
2026-09-27T02:40:06.7068305Z   INSTALL /home/runner/work/_temp/work/ce/build.CoreELEC-Amlogic-no.aarch64-22/install_pkg/linux-69e87fa40cc3a04bf91d92e388d2787a2efcb50c/usr/lib/kernel-overlays/base/lib/modules/5.15.196/kernel/drivers/media/dvb-frontends/itd1000.ko
2026-09-27T02:40:06.7081303Z   INSTALL /home/runner/work/_temp/work/ce/build.CoreELEC-Amlogic-no.aarch64-22/install_pkg/linux-69e87fa40cc3a04bf91d92e388d2787a2efcb50c/usr/lib/kernel-overlays/base/lib/modules/5.15.196/kernel/drivers/media/dvb-frontends/ix2505v.ko
2026-09-27T02:40:06.7084291Z   INSTALL /home/runner/work/_temp/work/ce/build.CoreELEC-Amlogic-no.aarch64-22/install_pkg/linux-69e87fa40cc3a04bf91d92e388d2787a2efcb50c/usr/lib/kernel-overlays/base/lib/modules/5.15.196/kernel/drivers/media/dvb-frontends/l64781.ko
2026-09-27T02:40:06.7099635Z   INSTALL /home/runner/work/_temp/work/ce/build.CoreELEC-Amlogic-no.aarch64-22/install_pkg/linux-69e87fa40cc3a04bf91d92e388d2787a2efcb50c/usr/lib/kernel-overlays/base/lib/modules/5.15.196/kernel/drivers/media/dvb-frontends/lg2160.ko
2026-09-27T02:40:06.7118999Z   INSTALL /home/runner/work/_temp/work/ce/build.CoreELEC-Amlogic-no.aarch64-22/install_pkg/linux-69e87fa40cc3a04bf91d92e388d2787a2efcb50c/usr/lib/kernel-overlays/base/lib/modules/5.15.196/kernel/drivers/media/dvb-frontends/lgdt3305.ko
2026-09-27T02:40:06.7124111Z   INSTALL /home/runner/work/_temp/work/ce/build.CoreELEC-Amlogic-no.aarch64-22/install_pkg/linux-69e87fa40cc3a04bf91d92e388d2787a2efcb50c/usr/lib/kernel-overlays/base/lib/modules/5.15.196/kernel/drivers/media/dvb-frontends/lgdt3306a.ko
2026-09-27T02:40:06.7136759Z   INSTALL /home/runner/work/_temp/work/ce/build.CoreELEC-Amlogic-no.aarch64-22/install_pkg/linux-69e87fa40cc3a04bf91d92e388d2787a2efcb50c/usr/lib/kernel-overlays/base/lib/modules/5.15.196/kernel/drivers/media/dvb-frontends/lgdt330x.ko
2026-09-27T02:40:06.7155419Z   INSTALL /home/runner/work/_temp/work/ce/build.CoreELEC-Amlogic-no.aarch64-22/install_pkg/linux-69e87fa40cc3a04bf91d92e388d2787a2efcb50c/usr/lib/kernel-overlays/base/lib/modules/5.15.196/kernel/drivers/media/dvb-frontends/lgs8gl5.ko
2026-09-27T02:40:06.7173379Z   INSTALL /home/runner/work/_temp/work/ce/build.CoreELEC-Amlogic-no.aarch64-22/install_pkg/linux-69e87fa40cc3a04bf91d92e388d2787a2efcb50c/usr/lib/kernel-overlays/base/lib/modules/5.15.196/kernel/drivers/media/dvb-frontends/lgs8gxx.ko
2026-09-27T02:40:06.7193984Z   INSTALL /home/runner/work/_temp/work/ce/build.CoreELEC-Amlogic-no.aarch64-22/install_pkg/linux-69e87fa40cc3a04bf91d92e388d2787a2efcb50c/usr/lib/kernel-overlays/base/lib/modules/5.15.196/kernel/drivers/media/dvb-frontends/lnbh25.ko
2026-09-27T02:40:06.7200920Z   INSTALL /home/runner/work/_temp/work/ce/build.CoreELEC-Amlogic-no.aarch64-22/install_pkg/linux-69e87fa40cc3a04bf91d92e388d2787a2efcb50c/usr/lib/kernel-overlays/base/lib/modules/5.15.196/kernel/drivers/media/dvb-frontends/lnbh29.ko
2026-09-27T02:40:06.7211961Z   INSTALL /home/runner/work/_temp/work/ce/build.CoreELEC-Amlogic-no.aarch64-22/install_pkg/linux-69e87fa40cc3a04bf91d92e388d2787a2efcb50c/usr/lib/kernel-overlays/base/lib/modules/5.15.196/kernel/drivers/media/dvb-frontends/lnbp21.ko
2026-09-27T02:40:06.7234768Z   INSTALL /home/runner/work/_temp/work/ce/build.CoreELEC-Amlogic-no.aarch64-22/install_pkg/linux-69e87fa40cc3a04bf91d92e388d2787a2efcb50c/usr/lib/kernel-overlays/base/lib/modules/5.15.196/kernel/drivers/media/dvb-frontends/lnbp22.ko
2026-09-27T02:40:06.7238660Z   INSTALL /home/runner/work/_temp/work/ce/build.CoreELEC-Amlogic-no.aarch64-22/install_pkg/linux-69e87fa40cc3a04bf91d92e388d2787a2efcb50c/usr/lib/kernel-overlays/base/lib/modules/5.15.196/kernel/drivers/media/dvb-frontends/m88ds3103.ko
2026-09-27T02:40:06.7260504Z   INSTALL /home/runner/work/_temp/work/ce/build.CoreELEC-Amlogic-no.aarch64-22/install_pkg/linux-69e87fa40cc3a04bf91d92e388d2787a2efcb50c/usr/lib/kernel-overlays/base/lib/modules/5.15.196/kernel/drivers/media/dvb-frontends/m88rs2000.ko
2026-09-27T02:40:06.7262665Z   INSTALL /home/runner/work/_temp/work/ce/build.CoreELEC-Amlogic-no.aarch64-22/install_pkg/linux-69e87fa40cc3a04bf91d92e388d2787a2efcb50c/usr/lib/kernel-overlays/base/lib/modules/5.15.196/kernel/drivers/media/dvb-frontends/m88rs6060.ko
2026-09-27T02:40:06.7302229Z   INSTALL /home/runner/work/_temp/work/ce/build.CoreELEC-Amlogic-no.aarch64-22/install_pkg/linux-69e87fa40cc3a04bf91d92e388d2787a2efcb50c/usr/lib/kernel-overlays/base/lib/modules/5.15.196/kernel/drivers/media/dvb-frontends/mb86a16.ko
2026-09-27T02:40:06.7308286Z   INSTALL /home/runner/work/_temp/work/ce/build.CoreELEC-Amlogic-no.aarch64-22/install_pkg/linux-69e87fa40cc3a04bf91d92e388d2787a2efcb50c/usr/lib/kernel-overlays/base/lib/modules/5.15.196/kernel/drivers/media/dvb-frontends/mb86a20s.ko
2026-09-27T02:40:06.7317159Z   INSTALL /home/runner/work/_temp/work/ce/build.CoreELEC-Amlogic-no.aarch64-22/install_pkg/linux-69e87fa40cc3a04bf91d92e388d2787a2efcb50c/usr/lib/kernel-overlays/base/lib/modules/5.15.196/kernel/drivers/media/dvb-frontends/mn88443x.ko
2026-09-27T02:40:06.7322312Z   INSTALL /home/runner/work/_temp/work/ce/build.CoreELEC-Amlogic-no.aarch64-22/install_pkg/linux-69e87fa40cc3a04bf91d92e388d2787a2efcb50c/usr/lib/kernel-overlays/base/lib/modules/5.15.196/kernel/drivers/media/dvb-frontends/mn88472.ko
2026-09-27T02:40:06.7348062Z   INSTALL /home/runner/work/_temp/work/ce/build.CoreELEC-Amlogic-no.aarch64-22/install_pkg/linux-69e87fa40cc3a04bf91d92e388d2787a2efcb50c/usr/lib/kernel-overlays/base/lib/modules/5.15.196/kernel/drivers/media/dvb-frontends/mn88473.ko
2026-09-27T02:40:06.7367707Z   INSTALL /home/runner/work/_temp/work/ce/build.CoreELEC-Amlogic-no.aarch64-22/install_pkg/linux-69e87fa40cc3a04bf91d92e388d2787a2efcb50c/usr/lib/kernel-overlays/base/lib/modules/5.15.196/kernel/drivers/media/dvb-frontends/mt312.ko
2026-09-27T02:40:06.7386722Z   INSTALL /home/runner/work/_temp/work/ce/build.CoreELEC-Amlogic-no.aarch64-22/install_pkg/linux-69e87fa40cc3a04bf91d92e388d2787a2efcb50c/usr/lib/kernel-overlays/base/lib/modules/5.15.196/kernel/drivers/media/dvb-frontends/mt352.ko
2026-09-27T02:40:06.7389796Z   INSTALL /home/runner/work/_temp/work/ce/build.CoreELEC-Amlogic-no.aarch64-22/install_pkg/linux-69e87fa40cc3a04bf91d92e388d2787a2efcb50c/usr/lib/kernel-overlays/base/lib/modules/5.15.196/kernel/drivers/media/dvb-frontends/mxl5xx.ko
2026-09-27T02:40:06.7396341Z   INSTALL /home/runner/work/_temp/work/ce/build.CoreELEC-Amlogic-no.aarch64-22/install_pkg/linux-69e87fa40cc3a04bf91d92e388d2787a2efcb50c/usr/lib/kernel-overlays/base/lib/modules/5.15.196/kernel/drivers/media/dvb-frontends/mxl692.ko
2026-09-27T02:40:06.7421986Z   INSTALL /home/runner/work/_temp/work/ce/build.CoreELEC-Amlogic-no.aarch64-22/install_pkg/linux-69e87fa40cc3a04bf91d92e388d2787a2efcb50c/usr/lib/kernel-overlays/base/lib/modules/5.15.196/kernel/drivers/media/dvb-frontends/nxt200x.ko
2026-09-27T02:40:06.7429536Z   INSTALL /home/runner/work/_temp/work/ce/build.CoreELEC-Amlogic-no.aarch64-22/install_pkg/linux-69e87fa40cc3a04bf91d92e388d2787a2efcb50c/usr/lib/kernel-overlays/base/lib/modules/5.15.196/kernel/drivers/media/dvb-frontends/nxt6000.ko
2026-09-27T02:40:06.7449777Z   INSTALL /home/runner/work/_temp/work/ce/build.CoreELEC-Amlogic-no.aarch64-22/install_pkg/linux-69e87fa40cc3a04bf91d92e388d2787a2efcb50c/usr/lib/kernel-overlays/base/lib/modules/5.15.196/kernel/drivers/media/dvb-frontends/or51132.ko
2026-09-27T02:40:06.7452259Z   INSTALL /home/runner/work/_temp/work/ce/build.CoreELEC-Amlogic-no.aarch64-22/install_pkg/linux-69e87fa40cc3a04bf91d92e388d2787a2efcb50c/usr/lib/kernel-overlays/base/lib/modules/5.15.196/kernel/drivers/media/dvb-frontends/or51211.ko
2026-09-27T02:40:06.7472985Z   INSTALL /home/runner/work/_temp/work/ce/build.CoreELEC-Amlogic-no.aarch64-22/install_pkg/linux-69e87fa40cc3a04bf91d92e388d2787a2efcb50c/usr/lib/kernel-overlays/base/lib/modules/5.15.196/kernel/drivers/media/dvb-frontends/rtl2830.ko
2026-09-27T02:40:06.7493957Z   INSTALL /home/runner/work/_temp/work/ce/build.CoreELEC-Amlogic-no.aarch64-22/install_pkg/linux-69e87fa40cc3a04bf91d92e388d2787a2efcb50c/usr/lib/kernel-overlays/base/lib/modules/5.15.196/kernel/drivers/media/dvb-frontends/rtl2832.ko
2026-09-27T02:40:06.7497050Z   INSTALL /home/runner/work/_temp/work/ce/build.CoreELEC-Amlogic-no.aarch64-22/install_pkg/linux-69e87fa40cc3a04bf91d92e388d2787a2efcb50c/usr/lib/kernel-overlays/base/lib/modules/5.15.196/kernel/drivers/media/dvb-frontends/s5h1409.ko
2026-09-27T02:40:06.7516541Z   INSTALL /home/runner/work/_temp/work/ce/build.CoreELEC-Amlogic-no.aarch64-22/install_pkg/linux-69e87fa40cc3a04bf91d92e388d2787a2efcb50c/usr/lib/kernel-overlays/base/lib/modules/5.15.196/kernel/drivers/media/dvb-frontends/s5h1411.ko
2026-09-27T02:40:06.7527515Z   INSTALL /home/runner/work/_temp/work/ce/build.CoreELEC-Amlogic-no.aarch64-22/install_pkg/linux-69e87fa40cc3a04bf91d92e388d2787a2efcb50c/usr/lib/kernel-overlays/base/lib/modules/5.15.196/kernel/drivers/media/dvb-frontends/s5h1420.ko
2026-09-27T02:40:06.7543564Z   INSTALL /home/runner/work/_temp/work/ce/build.CoreELEC-Amlogic-no.aarch64-22/install_pkg/linux-69e87fa40cc3a04bf91d92e388d2787a2efcb50c/usr/lib/kernel-overlays/base/lib/modules/5.15.196/kernel/drivers/media/dvb-frontends/s5h1432.ko
2026-09-27T02:40:06.7548398Z   INSTALL /home/runner/work/_temp/work/ce/build.CoreELEC-Amlogic-no.aarch64-22/install_pkg/linux-69e87fa40cc3a04bf91d92e388d2787a2efcb50c/usr/lib/kernel-overlays/base/lib/modules/5.15.196/kernel/drivers/media/dvb-frontends/s921.ko
2026-09-27T02:40:06.7582402Z   INSTALL /home/runner/work/_temp/work/ce/build.CoreELEC-Amlogic-no.aarch64-22/install_pkg/linux-69e87fa40cc3a04bf91d92e388d2787a2efcb50c/usr/lib/kernel-overlays/base/lib/modules/5.15.196/kernel/drivers/media/dvb-frontends/si2165.ko
2026-09-27T02:40:06.7592705Z   INSTALL /home/runner/work/_temp/work/ce/build.CoreELEC-Amlogic-no.aarch64-22/install_pkg/linux-69e87fa40cc3a04bf91d92e388d2787a2efcb50c/usr/lib/kernel-overlays/base/lib/modules/5.15.196/kernel/drivers/media/dvb-frontends/si2183.ko
2026-09-27T02:40:06.7606532Z   INSTALL /home/runner/work/_temp/work/ce/build.CoreELEC-Amlogic-no.aarch64-22/install_pkg/linux-69e87fa40cc3a04bf91d92e388d2787a2efcb50c/usr/lib/kernel-overlays/base/lib/modules/5.15.196/kernel/drivers/media/dvb-frontends/si2168.ko
2026-09-27T02:40:06.7612398Z   INSTALL /home/runner/work/_temp/work/ce/build.CoreELEC-Amlogic-no.aarch64-22/install_pkg/linux-69e87fa40cc3a04bf91d92e388d2787a2efcb50c/usr/lib/kernel-overlays/base/lib/modules/5.15.196/kernel/drivers/media/dvb-frontends/si21xx.ko
2026-09-27T02:40:06.7636652Z   INSTALL /home/runner/work/_temp/work/ce/build.CoreELEC-Amlogic-no.aarch64-22/install_pkg/linux-69e87fa40cc3a04bf91d92e388d2787a2efcb50c/usr/lib/kernel-overlays/base/lib/modules/5.15.196/kernel/drivers/media/dvb-frontends/sp2.ko
2026-09-27T02:40:06.7656871Z   INSTALL /home/runner/work/_temp/work/ce/build.CoreELEC-Amlogic-no.aarch64-22/install_pkg/linux-69e87fa40cc3a04bf91d92e388d2787a2efcb50c/usr/lib/kernel-overlays/base/lib/modules/5.15.196/kernel/drivers/media/dvb-frontends/sp887x.ko
2026-09-27T02:40:06.7667973Z   INSTALL /home/runner/work/_temp/work/ce/build.CoreELEC-Amlogic-no.aarch64-22/install_pkg/linux-69e87fa40cc3a04bf91d92e388d2787a2efcb50c/usr/lib/kernel-overlays/base/lib/modules/5.15.196/kernel/drivers/media/dvb-frontends/stb0899.ko
2026-09-27T02:40:06.7679771Z   INSTALL /home/runner/work/_temp/work/ce/build.CoreELEC-Amlogic-no.aarch64-22/install_pkg/linux-69e87fa40cc3a04bf91d92e388d2787a2efcb50c/usr/lib/kernel-overlays/base/lib/modules/5.15.196/kernel/drivers/media/dvb-frontends/stb6000.ko
2026-09-27T02:40:06.7692167Z   INSTALL /home/runner/work/_temp/work/ce/build.CoreELEC-Amlogic-no.aarch64-22/install_pkg/linux-69e87fa40cc3a04bf91d92e388d2787a2efcb50c/usr/lib/kernel-overlays/base/lib/modules/5.15.196/kernel/drivers/media/dvb-frontends/stb6100.ko
2026-09-27T02:40:06.7709268Z   INSTALL /home/runner/work/_temp/work/ce/build.CoreELEC-Amlogic-no.aarch64-22/install_pkg/linux-69e87fa40cc3a04bf91d92e388d2787a2efcb50c/usr/lib/kernel-overlays/base/lib/modules/5.15.196/kernel/drivers/media/dvb-frontends/stv0288.ko
2026-09-27T02:40:06.7714543Z   INSTALL /home/runner/work/_temp/work/ce/build.CoreELEC-Amlogic-no.aarch64-22/install_pkg/linux-69e87fa40cc3a04bf91d92e388d2787a2efcb50c/usr/lib/kernel-overlays/base/lib/modules/5.15.196/kernel/drivers/media/dvb-frontends/stv0297.ko
2026-09-27T02:40:06.7748056Z   INSTALL /home/runner/work/_temp/work/ce/build.CoreELEC-Amlogic-no.aarch64-22/install_pkg/linux-69e87fa40cc3a04bf91d92e388d2787a2efcb50c/usr/lib/kernel-overlays/base/lib/modules/5.15.196/kernel/drivers/media/dvb-frontends/stv0299.ko
2026-09-27T02:40:06.7753307Z   INSTALL /home/runner/work/_temp/work/ce/build.CoreELEC-Amlogic-no.aarch64-22/install_pkg/linux-69e87fa40cc3a04bf91d92e388d2787a2efcb50c/usr/lib/kernel-overlays/base/lib/modules/5.15.196/kernel/drivers/media/dvb-frontends/stv0367.ko
2026-09-27T02:40:06.7780041Z   INSTALL /home/runner/work/_temp/work/ce/build.CoreELEC-Amlogic-no.aarch64-22/install_pkg/linux-69e87fa40cc3a04bf91d92e388d2787a2efcb50c/usr/lib/kernel-overlays/base/lib/modules/5.15.196/kernel/drivers/media/dvb-frontends/stv0900.ko
2026-09-27T02:40:06.7788694Z   INSTALL /home/runner/work/_temp/work/ce/build.CoreELEC-Amlogic-no.aarch64-22/install_pkg/linux-69e87fa40cc3a04bf91d92e388d2787a2efcb50c/usr/lib/kernel-overlays/base/lib/modules/5.15.196/kernel/drivers/media/dvb-frontends/stv090x.ko
2026-09-27T02:40:06.7793662Z   INSTALL /home/runner/work/_temp/work/ce/build.CoreELEC-Amlogic-no.aarch64-22/install_pkg/linux-69e87fa40cc3a04bf91d92e388d2787a2efcb50c/usr/lib/kernel-overlays/base/lib/modules/5.15.196/kernel/drivers/media/dvb-frontends/stv0910.ko
2026-09-27T02:40:06.7819238Z   INSTALL /home/runner/work/_temp/work/ce/build.CoreELEC-Amlogic-no.aarch64-22/install_pkg/linux-69e87fa40cc3a04bf91d92e388d2787a2efcb50c/usr/lib/kernel-overlays/base/lib/modules/5.15.196/kernel/drivers/media/dvb-frontends/stv6110.ko
2026-09-27T02:40:06.7840431Z   INSTALL /home/runner/work/_temp/work/ce/build.CoreELEC-Amlogic-no.aarch64-22/install_pkg/linux-69e87fa40cc3a04bf91d92e388d2787a2efcb50c/usr/lib/kernel-overlays/base/lib/modules/5.15.196/kernel/drivers/media/dvb-frontends/stv6110x.ko
2026-09-27T02:40:06.7846657Z   INSTALL /home/runner/work/_temp/work/ce/build.CoreELEC-Amlogic-no.aarch64-22/install_pkg/linux-69e87fa40cc3a04bf91d92e388d2787a2efcb50c/usr/lib/kernel-overlays/base/lib/modules/5.15.196/kernel/drivers/media/dvb-frontends/stv6111.ko
2026-09-27T02:40:06.7849328Z   INSTALL /home/runner/work/_temp/work/ce/build.CoreELEC-Amlogic-no.aarch64-22/install_pkg/linux-69e87fa40cc3a04bf91d92e388d2787a2efcb50c/usr/lib/kernel-overlays/base/lib/modules/5.15.196/kernel/drivers/media/dvb-frontends/tas2101.ko
2026-09-27T02:40:06.7884330Z   INSTALL /home/runner/work/_temp/work/ce/build.CoreELEC-Amlogic-no.aarch64-22/install_pkg/linux-69e87fa40cc3a04bf91d92e388d2787a2efcb50c/usr/lib/kernel-overlays/base/lib/modules/5.15.196/kernel/drivers/media/dvb-frontends/tc90522.ko
2026-09-27T02:40:06.7896102Z   INSTALL /home/runner/work/_temp/work/ce/build.CoreELEC-Amlogic-no.aarch64-22/install_pkg/linux-69e87fa40cc3a04bf91d92e388d2787a2efcb50c/usr/lib/kernel-overlays/base/lib/modules/5.15.196/kernel/drivers/media/dvb-frontends/tda10021.ko
2026-09-27T02:40:06.7901083Z   INSTALL /home/runner/work/_temp/work/ce/build.CoreELEC-Amlogic-no.aarch64-22/install_pkg/linux-69e87fa40cc3a04bf91d92e388d2787a2efcb50c/usr/lib/kernel-overlays/base/lib/modules/5.15.196/kernel/drivers/media/dvb-frontends/tda10023.ko
2026-09-27T02:40:06.7938349Z   INSTALL /home/runner/work/_temp/work/ce/build.CoreELEC-Amlogic-no.aarch64-22/install_pkg/linux-69e87fa40cc3a04bf91d92e388d2787a2efcb50c/usr/lib/kernel-overlays/base/lib/modules/5.15.196/kernel/drivers/media/dvb-frontends/tda10048.ko
2026-09-27T02:40:06.7961544Z   INSTALL /home/runner/work/_temp/work/ce/build.CoreELEC-Amlogic-no.aarch64-22/install_pkg/linux-69e87fa40cc3a04bf91d92e388d2787a2efcb50c/usr/lib/kernel-overlays/base/lib/modules/5.15.196/kernel/drivers/media/dvb-frontends/tda1004x.ko
2026-09-27T02:40:06.7975755Z   INSTALL /home/runner/work/_temp/work/ce/build.CoreELEC-Amlogic-no.aarch64-22/install_pkg/linux-69e87fa40cc3a04bf91d92e388d2787a2efcb50c/usr/lib/kernel-overlays/base/lib/modules/5.15.196/kernel/drivers/media/dvb-frontends/tda10071.ko
2026-09-27T02:40:06.7978168Z   INSTALL /home/runner/work/_temp/work/ce/build.CoreELEC-Amlogic-no.aarch64-22/install_pkg/linux-69e87fa40cc3a04bf91d92e388d2787a2efcb50c/usr/lib/kernel-overlays/base/lib/modules/5.15.196/kernel/drivers/media/dvb-frontends/tda10086.ko
2026-09-27T02:40:06.7991479Z   INSTALL /home/runner/work/_temp/work/ce/build.CoreELEC-Amlogic-no.aarch64-22/install_pkg/linux-69e87fa40cc3a04bf91d92e388d2787a2efcb50c/usr/lib/kernel-overlays/base/lib/modules/5.15.196/kernel/drivers/media/dvb-frontends/tda665x.ko
2026-09-27T02:40:06.8004899Z   INSTALL /home/runner/work/_temp/work/ce/build.CoreELEC-Amlogic-no.aarch64-22/install_pkg/linux-69e87fa40cc3a04bf91d92e388d2787a2efcb50c/usr/lib/kernel-overlays/base/lib/modules/5.15.196/kernel/drivers/media/dvb-frontends/tda18271c2dd.ko
2026-09-27T02:40:06.8007730Z   INSTALL /home/runner/work/_temp/work/ce/build.CoreELEC-Amlogic-no.aarch64-22/install_pkg/linux-69e87fa40cc3a04bf91d92e388d2787a2efcb50c/usr/lib/kernel-overlays/base/lib/modules/5.15.196/kernel/drivers/media/dvb-frontends/tda8083.ko
2026-09-27T02:40:06.8027972Z   INSTALL /home/runner/work/_temp/work/ce/build.CoreELEC-Amlogic-no.aarch64-22/install_pkg/linux-69e87fa40cc3a04bf91d92e388d2787a2efcb50c/usr/lib/kernel-overlays/base/lib/modules/5.15.196/kernel/drivers/media/dvb-frontends/tda8261.ko
2026-09-27T02:40:06.8049303Z   INSTALL /home/runner/work/_temp/work/ce/build.CoreELEC-Amlogic-no.aarch64-22/install_pkg/linux-69e87fa40cc3a04bf91d92e388d2787a2efcb50c/usr/lib/kernel-overlays/base/lib/modules/5.15.196/kernel/drivers/media/dvb-frontends/tda826x.ko
2026-09-27T02:40:06.8067623Z   INSTALL /home/runner/work/_temp/work/ce/build.CoreELEC-Amlogic-no.aarch64-22/install_pkg/linux-69e87fa40cc3a04bf91d92e388d2787a2efcb50c/usr/lib/kernel-overlays/base/lib/modules/5.15.196/kernel/drivers/media/dvb-frontends/ts2020.ko
2026-09-27T02:40:06.8069781Z   INSTALL /home/runner/work/_temp/work/ce/build.CoreELEC-Amlogic-no.aarch64-22/install_pkg/linux-69e87fa40cc3a04bf91d92e388d2787a2efcb50c/usr/lib/kernel-overlays/base/lib/modules/5.15.196/kernel/drivers/media/dvb-frontends/tua6100.ko
2026-09-27T02:40:06.8087524Z   INSTALL /home/runner/work/_temp/work/ce/build.CoreELEC-Amlogic-no.aarch64-22/install_pkg/linux-69e87fa40cc3a04bf91d92e388d2787a2efcb50c/usr/lib/kernel-overlays/base/lib/modules/5.15.196/kernel/drivers/media/dvb-frontends/ves1820.ko
2026-09-27T02:40:06.8107599Z   INSTALL /home/runner/work/_temp/work/ce/build.CoreELEC-Amlogic-no.aarch64-22/install_pkg/linux-69e87fa40cc3a04bf91d92e388d2787a2efcb50c/usr/lib/kernel-overlays/base/lib/modules/5.15.196/kernel/drivers/media/dvb-frontends/ves1x93.ko
2026-09-27T02:40:06.8118038Z   INSTALL /home/runner/work/_temp/work/ce/build.CoreELEC-Amlogic-no.aarch64-22/install_pkg/linux-69e87fa40cc3a04bf91d92e388d2787a2efcb50c/usr/lib/kernel-overlays/base/lib/modules/5.15.196/kernel/drivers/media/dvb-frontends/zd1301_demod.ko
2026-09-27T02:40:06.8130011Z   INSTALL /home/runner/work/_temp/work/ce/build.CoreELEC-Amlogic-no.aarch64-22/install_pkg/linux-69e87fa40cc3a04bf91d92e388d2787a2efcb50c/usr/lib/kernel-overlays/base/lib/modules/5.15.196/kernel/drivers/media/dvb-frontends/zl10036.ko
2026-09-27T02:40:06.8133656Z   INSTALL /home/runner/work/_temp/work/ce/build.CoreELEC-Amlogic-no.aarch64-22/install_pkg/linux-69e87fa40cc3a04bf91d92e388d2787a2efcb50c/usr/lib/kernel-overlays/base/lib/modules/5.15.196/kernel/drivers/media/dvb-frontends/zl10039.ko
2026-09-27T02:40:06.8160256Z   INSTALL /home/runner/work/_temp/work/ce/build.CoreELEC-Amlogic-no.aarch64-22/install_pkg/linux-69e87fa40cc3a04bf91d92e388d2787a2efcb50c/usr/lib/kernel-overlays/base/lib/modules/5.15.196/kernel/drivers/media/dvb-frontends/zl10353.ko
2026-09-27T02:40:06.8176185Z   INSTALL /home/runner/work/_temp/work/ce/build.CoreELEC-Amlogic-no.aarch64-22/install_pkg/linux-69e87fa40cc3a04bf91d92e388d2787a2efcb50c/usr/lib/kernel-overlays/base/lib/modules/5.15.196/kernel/drivers/media/i2c/cs3308.ko
2026-09-27T02:40:06.8194986Z   INSTALL /home/runner/work/_temp/work/ce/build.CoreELEC-Amlogic-no.aarch64-22/install_pkg/linux-69e87fa40cc3a04bf91d92e388d2787a2efcb50c/usr/lib/kernel-overlays/base/lib/modules/5.15.196/kernel/drivers/media/i2c/cs5345.ko
2026-09-27T02:40:06.8197438Z   INSTALL /home/runner/work/_temp/work/ce/build.CoreELEC-Amlogic-no.aarch64-22/install_pkg/linux-69e87fa40cc3a04bf91d92e388d2787a2efcb50c/usr/lib/kernel-overlays/base/lib/modules/5.15.196/kernel/drivers/media/i2c/cs53l32a.ko
2026-09-27T02:40:06.8213934Z   INSTALL /home/runner/work/_temp/work/ce/build.CoreELEC-Amlogic-no.aarch64-22/install_pkg/linux-69e87fa40cc3a04bf91d92e388d2787a2efcb50c/usr/lib/kernel-overlays/base/lib/modules/5.15.196/kernel/drivers/media/i2c/cx25840/cx25840.ko
2026-09-27T02:40:06.8231531Z   INSTALL /home/runner/work/_temp/work/ce/build.CoreELEC-Amlogic-no.aarch64-22/install_pkg/linux-69e87fa40cc3a04bf91d92e388d2787a2efcb50c/usr/lib/kernel-overlays/base/lib/modules/5.15.196/kernel/drivers/media/i2c/msp3400.ko
2026-09-27T02:40:06.8237607Z   INSTALL /home/runner/work/_temp/work/ce/build.CoreELEC-Amlogic-no.aarch64-22/install_pkg/linux-69e87fa40cc3a04bf91d92e388d2787a2efcb50c/usr/lib/kernel-overlays/base/lib/modules/5.15.196/kernel/drivers/media/i2c/saa7115.ko
2026-09-27T02:40:06.8250926Z   INSTALL /home/runner/work/_temp/work/ce/build.CoreELEC-Amlogic-no.aarch64-22/install_pkg/linux-69e87fa40cc3a04bf91d92e388d2787a2efcb50c/usr/lib/kernel-overlays/base/lib/modules/5.15.196/kernel/drivers/media/i2c/sony-btf-mpx.ko
2026-09-27T02:40:06.8279221Z   INSTALL /home/runner/work/_temp/work/ce/build.CoreELEC-Amlogic-no.aarch64-22/install_pkg/linux-69e87fa40cc3a04bf91d92e388d2787a2efcb50c/usr/lib/kernel-overlays/base/lib/modules/5.15.196/kernel/drivers/media/i2c/tda1997x.ko
2026-09-27T02:40:06.8288838Z   INSTALL /home/runner/work/_temp/work/ce/build.CoreELEC-Amlogic-no.aarch64-22/install_pkg/linux-69e87fa40cc3a04bf91d92e388d2787a2efcb50c/usr/lib/kernel-overlays/base/lib/modules/5.15.196/kernel/drivers/media/i2c/tda7432.ko
2026-09-27T02:40:06.8294315Z   INSTALL /home/runner/work/_temp/work/ce/build.CoreELEC-Amlogic-no.aarch64-22/install_pkg/linux-69e87fa40cc3a04bf91d92e388d2787a2efcb50c/usr/lib/kernel-overlays/base/lib/modules/5.15.196/kernel/drivers/media/i2c/tda9840.ko
2026-09-27T02:40:06.8312518Z   INSTALL /home/runner/work/_temp/work/ce/build.CoreELEC-Amlogic-no.aarch64-22/install_pkg/linux-69e87fa40cc3a04bf91d92e388d2787a2efcb50c/usr/lib/kernel-overlays/base/lib/modules/5.15.196/kernel/drivers/media/i2c/tea6415c.ko
2026-09-27T02:40:06.8332012Z   INSTALL /home/runner/work/_temp/work/ce/build.CoreELEC-Amlogic-no.aarch64-22/install_pkg/linux-69e87fa40cc3a04bf91d92e388d2787a2efcb50c/usr/lib/kernel-overlays/base/lib/modules/5.15.196/kernel/drivers/media/i2c/tea6420.ko
2026-09-27T02:40:06.8340179Z   INSTALL /home/runner/work/_temp/work/ce/build.CoreELEC-Amlogic-no.aarch64-22/install_pkg/linux-69e87fa40cc3a04bf91d92e388d2787a2efcb50c/usr/lib/kernel-overlays/base/lib/modules/5.15.196/kernel/drivers/media/i2c/tlv320aic23b.ko
2026-09-27T02:40:06.8364450Z   INSTALL /home/runner/work/_temp/work/ce/build.CoreELEC-Amlogic-no.aarch64-22/install_pkg/linux-69e87fa40cc3a04bf91d92e388d2787a2efcb50c/usr/lib/kernel-overlays/base/lib/modules/5.15.196/kernel/drivers/media/i2c/tvaudio.ko
2026-09-27T02:40:06.8375767Z   INSTALL /home/runner/work/_temp/work/ce/build.CoreELEC-Amlogic-no.aarch64-22/install_pkg/linux-69e87fa40cc3a04bf91d92e388d2787a2efcb50c/usr/lib/kernel-overlays/base/lib/modules/5.15.196/kernel/drivers/media/i2c/tvp5150.ko
2026-09-27T02:40:06.8395340Z   INSTALL /home/runner/work/_temp/work/ce/build.CoreELEC-Amlogic-no.aarch64-22/install_pkg/linux-69e87fa40cc3a04bf91d92e388d2787a2efcb50c/usr/lib/kernel-overlays/base/lib/modules/5.15.196/kernel/drivers/media/i2c/uda1342.ko
2026-09-27T02:40:06.8410883Z   INSTALL /home/runner/work/_temp/work/ce/build.CoreELEC-Amlogic-no.aarch64-22/install_pkg/linux-69e87fa40cc3a04bf91d92e388d2787a2efcb50c/usr/lib/kernel-overlays/base/lib/modules/5.15.196/kernel/drivers/media/i2c/vp27smpx.ko
2026-09-27T02:40:06.8416178Z   INSTALL /home/runner/work/_temp/work/ce/build.CoreELEC-Amlogic-no.aarch64-22/install_pkg/linux-69e87fa40cc3a04bf91d92e388d2787a2efcb50c/usr/lib/kernel-overlays/base/lib/modules/5.15.196/kernel/drivers/media/i2c/wm8739.ko
2026-09-27T02:40:06.8433068Z   INSTALL /home/runner/work/_temp/work/ce/build.CoreELEC-Amlogic-no.aarch64-22/install_pkg/linux-69e87fa40cc3a04bf91d92e388d2787a2efcb50c/usr/lib/kernel-overlays/base/lib/modules/5.15.196/kernel/drivers/media/i2c/wm8775.ko
2026-09-27T02:40:06.8448618Z   INSTALL /home/runner/work/_temp/work/ce/build.CoreELEC-Amlogic-no.aarch64-22/install_pkg/linux-69e87fa40cc3a04bf91d92e388d2787a2efcb50c/usr/lib/kernel-overlays/base/lib/modules/5.15.196/kernel/drivers/media/rc/ati_remote.ko
2026-09-27T02:40:06.8461184Z   INSTALL /home/runner/work/_temp/work/ce/build.CoreELEC-Amlogic-no.aarch64-22/install_pkg/linux-69e87fa40cc3a04bf91d92e388d2787a2efcb50c/usr/lib/kernel-overlays/base/lib/modules/5.15.196/kernel/drivers/media/rc/gpio-ir-recv.ko
2026-09-27T02:40:06.8477503Z   INSTALL /home/runner/work/_temp/work/ce/build.CoreELEC-Amlogic-no.aarch64-22/install_pkg/linux-69e87fa40cc3a04bf91d92e388d2787a2efcb50c/usr/lib/kernel-overlays/base/lib/modules/5.15.196/kernel/drivers/media/rc/ir-imon-decoder.ko
2026-09-27T02:40:06.8490417Z   INSTALL /home/runner/work/_temp/work/ce/build.CoreELEC-Amlogic-no.aarch64-22/install_pkg/linux-69e87fa40cc3a04bf91d92e388d2787a2efcb50c/usr/lib/kernel-overlays/base/lib/modules/5.15.196/kernel/drivers/media/rc/ir-irmp-decoder.ko
2026-09-27T02:40:06.8505266Z   INSTALL /home/runner/work/_temp/work/ce/build.CoreELEC-Amlogic-no.aarch64-22/install_pkg/linux-69e87fa40cc3a04bf91d92e388d2787a2efcb50c/usr/lib/kernel-overlays/base/lib/modules/5.15.196/kernel/drivers/media/rc/ir-jvc-decoder.ko
2026-09-27T02:40:06.8517772Z   INSTALL /home/runner/work/_temp/work/ce/build.CoreELEC-Amlogic-no.aarch64-22/install_pkg/linux-69e87fa40cc3a04bf91d92e388d2787a2efcb50c/usr/lib/kernel-overlays/base/lib/modules/5.15.196/kernel/drivers/media/rc/ir-mce_kbd-decoder.ko
2026-09-27T02:40:06.8520043Z   INSTALL /home/runner/work/_temp/work/ce/build.CoreELEC-Amlogic-no.aarch64-22/install_pkg/linux-69e87fa40cc3a04bf91d92e388d2787a2efcb50c/usr/lib/kernel-overlays/base/lib/modules/5.15.196/kernel/drivers/media/rc/ir-nec-decoder.ko
2026-09-27T02:40:06.8554474Z   INSTALL /home/runner/work/_temp/work/ce/build.CoreELEC-Amlogic-no.aarch64-22/install_pkg/linux-69e87fa40cc3a04bf91d92e388d2787a2efcb50c/usr/lib/kernel-overlays/base/lib/modules/5.15.196/kernel/drivers/media/rc/ir-rc5-decoder.ko
2026-09-27T02:40:06.8568492Z   INSTALL /home/runner/work/_temp/work/ce/build.CoreELEC-Amlogic-no.aarch64-22/install_pkg/linux-69e87fa40cc3a04bf91d92e388d2787a2efcb50c/usr/lib/kernel-overlays/base/lib/modules/5.15.196/kernel/drivers/media/rc/ir-rc6-decoder.ko
2026-09-27T02:40:06.8570570Z   INSTALL /home/runner/work/_temp/work/ce/build.CoreELEC-Amlogic-no.aarch64-22/install_pkg/linux-69e87fa40cc3a04bf91d92e388d2787a2efcb50c/usr/lib/kernel-overlays/base/lib/modules/5.15.196/kernel/drivers/media/rc/ir-rcmm-decoder.ko
2026-09-27T02:40:06.8572547Z   INSTALL /home/runner/work/_temp/work/ce/build.CoreELEC-Amlogic-no.aarch64-22/install_pkg/linux-69e87fa40cc3a04bf91d92e388d2787a2efcb50c/usr/lib/kernel-overlays/base/lib/modules/5.15.196/kernel/drivers/media/rc/ir-sanyo-decoder.ko
2026-09-27T02:40:06.8609864Z   INSTALL /home/runner/work/_temp/work/ce/build.CoreELEC-Amlogic-no.aarch64-22/install_pkg/linux-69e87fa40cc3a04bf91d92e388d2787a2efcb50c/usr/lib/kernel-overlays/base/lib/modules/5.15.196/kernel/drivers/media/rc/ir-sharp-decoder.ko
2026-09-27T02:40:06.8637403Z   INSTALL /home/runner/work/_temp/work/ce/build.CoreELEC-Amlogic-no.aarch64-22/install_pkg/linux-69e87fa40cc3a04bf91d92e388d2787a2efcb50c/usr/lib/kernel-overlays/base/lib/modules/5.15.196/kernel/drivers/media/rc/ir-sony-decoder.ko
2026-09-27T02:40:06.8642920Z   INSTALL /home/runner/work/_temp/work/ce/build.CoreELEC-Amlogic-no.aarch64-22/install_pkg/linux-69e87fa40cc3a04bf91d92e388d2787a2efcb50c/usr/lib/kernel-overlays/base/lib/modules/5.15.196/kernel/drivers/media/rc/ir-xmp-decoder.ko
2026-09-27T02:40:06.8644658Z   INSTALL /home/runner/work/_temp/work/ce/build.CoreELEC-Amlogic-no.aarch64-22/install_pkg/linux-69e87fa40cc3a04bf91d92e388d2787a2efcb50c/usr/lib/kernel-overlays/base/lib/modules/5.15.196/kernel/drivers/media/rc/keymaps/rc-adstech-dvb-t-pci.ko
2026-09-27T02:40:06.8666415Z   INSTALL /home/runner/work/_temp/work/ce/build.CoreELEC-Amlogic-no.aarch64-22/install_pkg/linux-69e87fa40cc3a04bf91d92e388d2787a2efcb50c/usr/lib/kernel-overlays/base/lib/modules/5.15.196/kernel/drivers/media/rc/keymaps/rc-alink-dtu-m.ko
2026-09-27T02:40:06.8683622Z   INSTALL /home/runner/work/_temp/work/ce/build.CoreELEC-Amlogic-no.aarch64-22/install_pkg/linux-69e87fa40cc3a04bf91d92e388d2787a2efcb50c/usr/lib/kernel-overlays/base/lib/modules/5.15.196/kernel/drivers/media/rc/keymaps/rc-anysee.ko
2026-09-27T02:40:06.8699494Z   INSTALL /home/runner/work/_temp/work/ce/build.CoreELEC-Amlogic-no.aarch64-22/install_pkg/linux-69e87fa40cc3a04bf91d92e388d2787a2efcb50c/usr/lib/kernel-overlays/base/lib/modules/5.15.196/kernel/drivers/media/rc/keymaps/rc-apac-viewcomp.ko
2026-09-27T02:40:06.8701817Z   INSTALL /home/runner/work/_temp/work/ce/build.CoreELEC-Amlogic-no.aarch64-22/install_pkg/linux-69e87fa40cc3a04bf91d92e388d2787a2efcb50c/usr/lib/kernel-overlays/base/lib/modules/5.15.196/kernel/drivers/media/rc/keymaps/rc-astrometa-t2hybrid.ko
2026-09-27T02:40:06.8728438Z   INSTALL /home/runner/work/_temp/work/ce/build.CoreELEC-Amlogic-no.aarch64-22/install_pkg/linux-69e87fa40cc3a04bf91d92e388d2787a2efcb50c/usr/lib/kernel-overlays/base/lib/modules/5.15.196/kernel/drivers/media/rc/keymaps/rc-asus-pc39.ko
2026-09-27T02:40:06.8730806Z   INSTALL /home/runner/work/_temp/work/ce/build.CoreELEC-Amlogic-no.aarch64-22/install_pkg/linux-69e87fa40cc3a04bf91d92e388d2787a2efcb50c/usr/lib/kernel-overlays/base/lib/modules/5.15.196/kernel/drivers/media/rc/keymaps/rc-asus-ps3-100.ko
2026-09-27T02:40:06.8735158Z   INSTALL /home/runner/work/_temp/work/ce/build.CoreELEC-Amlogic-no.aarch64-22/install_pkg/linux-69e87fa40cc3a04bf91d92e388d2787a2efcb50c/usr/lib/kernel-overlays/base/lib/modules/5.15.196/kernel/drivers/media/rc/keymaps/rc-ati-tv-wonder-hd-600.ko
2026-09-27T02:40:06.8751527Z   INSTALL /home/runner/work/_temp/work/ce/build.CoreELEC-Amlogic-no.aarch64-22/install_pkg/linux-69e87fa40cc3a04bf91d92e388d2787a2efcb50c/usr/lib/kernel-overlays/base/lib/modules/5.15.196/kernel/drivers/media/rc/keymaps/rc-ati-x10.ko
2026-09-27T02:40:06.8770659Z   INSTALL /home/runner/work/_temp/work/ce/build.CoreELEC-Amlogic-no.aarch64-22/install_pkg/linux-69e87fa40cc3a04bf91d92e388d2787a2efcb50c/usr/lib/kernel-overlays/base/lib/modules/5.15.196/kernel/drivers/media/rc/keymaps/rc-avermedia-a16d.ko
2026-09-27T02:40:06.8776706Z   INSTALL /home/runner/work/_temp/work/ce/build.CoreELEC-Amlogic-no.aarch64-22/install_pkg/linux-69e87fa40cc3a04bf91d92e388d2787a2efcb50c/usr/lib/kernel-overlays/base/lib/modules/5.15.196/kernel/drivers/media/rc/keymaps/rc-avermedia-cardbus.ko
2026-09-27T02:40:06.8788065Z   INSTALL /home/runner/work/_temp/work/ce/build.CoreELEC-Amlogic-no.aarch64-22/install_pkg/linux-69e87fa40cc3a04bf91d92e388d2787a2efcb50c/usr/lib/kernel-overlays/base/lib/modules/5.15.196/kernel/drivers/media/rc/keymaps/rc-avermedia-dvbt.ko
2026-09-27T02:40:06.8810021Z   INSTALL /home/runner/work/_temp/work/ce/build.CoreELEC-Amlogic-no.aarch64-22/install_pkg/linux-69e87fa40cc3a04bf91d92e388d2787a2efcb50c/usr/lib/kernel-overlays/base/lib/modules/5.15.196/kernel/drivers/media/rc/keymaps/rc-avermedia-m135a.ko
2026-09-27T02:40:06.8823155Z   INSTALL /home/runner/work/_temp/work/ce/build.CoreELEC-Amlogic-no.aarch64-22/install_pkg/linux-69e87fa40cc3a04bf91d92e388d2787a2efcb50c/usr/lib/kernel-overlays/base/lib/modules/5.15.196/kernel/drivers/media/rc/keymaps/rc-avermedia-m733a-rm-k6.ko
2026-09-27T02:40:06.8833457Z   INSTALL /home/runner/work/_temp/work/ce/build.CoreELEC-Amlogic-no.aarch64-22/install_pkg/linux-69e87fa40cc3a04bf91d92e388d2787a2efcb50c/usr/lib/kernel-overlays/base/lib/modules/5.15.196/kernel/drivers/media/rc/keymaps/rc-avermedia-rm-ks.ko
2026-09-27T02:40:06.8847567Z   INSTALL /home/runner/work/_temp/work/ce/build.CoreELEC-Amlogic-no.aarch64-22/install_pkg/linux-69e87fa40cc3a04bf91d92e388d2787a2efcb50c/usr/lib/kernel-overlays/base/lib/modules/5.15.196/kernel/drivers/media/rc/keymaps/rc-avermedia.ko
2026-09-27T02:40:06.8867093Z   INSTALL /home/runner/work/_temp/work/ce/build.CoreELEC-Amlogic-no.aarch64-22/install_pkg/linux-69e87fa40cc3a04bf91d92e388d2787a2efcb50c/usr/lib/kernel-overlays/base/lib/modules/5.15.196/kernel/drivers/media/rc/keymaps/rc-avertv-303.ko
2026-09-27T02:40:06.8876630Z   INSTALL /home/runner/work/_temp/work/ce/build.CoreELEC-Amlogic-no.aarch64-22/install_pkg/linux-69e87fa40cc3a04bf91d92e388d2787a2efcb50c/usr/lib/kernel-overlays/base/lib/modules/5.15.196/kernel/drivers/media/rc/keymaps/rc-azurewave-ad-tu700.ko
2026-09-27T02:40:06.8891363Z   INSTALL /home/runner/work/_temp/work/ce/build.CoreELEC-Amlogic-no.aarch64-22/install_pkg/linux-69e87fa40cc3a04bf91d92e388d2787a2efcb50c/usr/lib/kernel-overlays/base/lib/modules/5.15.196/kernel/drivers/media/rc/keymaps/rc-beelink-gs1.ko
2026-09-27T02:40:06.8911587Z   INSTALL /home/runner/work/_temp/work/ce/build.CoreELEC-Amlogic-no.aarch64-22/install_pkg/linux-69e87fa40cc3a04bf91d92e388d2787a2efcb50c/usr/lib/kernel-overlays/base/lib/modules/5.15.196/kernel/drivers/media/rc/keymaps/rc-behold-columbus.ko
2026-09-27T02:40:06.8916033Z   INSTALL /home/runner/work/_temp/work/ce/build.CoreELEC-Amlogic-no.aarch64-22/install_pkg/linux-69e87fa40cc3a04bf91d92e388d2787a2efcb50c/usr/lib/kernel-overlays/base/lib/modules/5.15.196/kernel/drivers/media/rc/keymaps/rc-behold.ko
2026-09-27T02:40:06.8937949Z   INSTALL /home/runner/work/_temp/work/ce/build.CoreELEC-Amlogic-no.aarch64-22/install_pkg/linux-69e87fa40cc3a04bf91d92e388d2787a2efcb50c/usr/lib/kernel-overlays/base/lib/modules/5.15.196/kernel/drivers/media/rc/keymaps/rc-budget-ci-old.ko
2026-09-27T02:40:06.8946889Z   INSTALL /home/runner/work/_temp/work/ce/build.CoreELEC-Amlogic-no.aarch64-22/install_pkg/linux-69e87fa40cc3a04bf91d92e388d2787a2efcb50c/usr/lib/kernel-overlays/base/lib/modules/5.15.196/kernel/drivers/media/rc/keymaps/rc-cinergy-1400.ko
2026-09-27T02:40:06.8967625Z   INSTALL /home/runner/work/_temp/work/ce/build.CoreELEC-Amlogic-no.aarch64-22/install_pkg/linux-69e87fa40cc3a04bf91d92e388d2787a2efcb50c/usr/lib/kernel-overlays/base/lib/modules/5.15.196/kernel/drivers/media/rc/keymaps/rc-cinergy.ko
2026-09-27T02:40:06.8987614Z   INSTALL /home/runner/work/_temp/work/ce/build.CoreELEC-Amlogic-no.aarch64-22/install_pkg/linux-69e87fa40cc3a04bf91d92e388d2787a2efcb50c/usr/lib/kernel-overlays/base/lib/modules/5.15.196/kernel/drivers/media/rc/keymaps/rc-ct-90405.ko
2026-09-27T02:40:06.8998528Z   INSTALL /home/runner/work/_temp/work/ce/build.CoreELEC-Amlogic-no.aarch64-22/install_pkg/linux-69e87fa40cc3a04bf91d92e388d2787a2efcb50c/usr/lib/kernel-overlays/base/lib/modules/5.15.196/kernel/drivers/media/rc/keymaps/rc-d680-dmb.ko
2026-09-27T02:40:06.9010121Z   INSTALL /home/runner/work/_temp/work/ce/build.CoreELEC-Amlogic-no.aarch64-22/install_pkg/linux-69e87fa40cc3a04bf91d92e388d2787a2efcb50c/usr/lib/kernel-overlays/base/lib/modules/5.15.196/kernel/drivers/media/rc/keymaps/rc-delock-61959.ko
2026-09-27T02:40:06.9020960Z   INSTALL /home/runner/work/_temp/work/ce/build.CoreELEC-Amlogic-no.aarch64-22/install_pkg/linux-69e87fa40cc3a04bf91d92e388d2787a2efcb50c/usr/lib/kernel-overlays/base/lib/modules/5.15.196/kernel/drivers/media/rc/keymaps/rc-dib0700-nec.ko
2026-09-27T02:40:06.9037930Z   INSTALL /home/runner/work/_temp/work/ce/build.CoreELEC-Amlogic-no.aarch64-22/install_pkg/linux-69e87fa40cc3a04bf91d92e388d2787a2efcb50c/usr/lib/kernel-overlays/base/lib/modules/5.15.196/kernel/drivers/media/rc/keymaps/rc-dib0700-rc5.ko
2026-09-27T02:40:06.9057835Z   INSTALL /home/runner/work/_temp/work/ce/build.CoreELEC-Amlogic-no.aarch64-22/install_pkg/linux-69e87fa40cc3a04bf91d92e388d2787a2efcb50c/usr/lib/kernel-overlays/base/lib/modules/5.15.196/kernel/drivers/media/rc/keymaps/rc-digitalnow-tinytwin.ko
2026-09-27T02:40:06.9060231Z   INSTALL /home/runner/work/_temp/work/ce/build.CoreELEC-Amlogic-no.aarch64-22/install_pkg/linux-69e87fa40cc3a04bf91d92e388d2787a2efcb50c/usr/lib/kernel-overlays/base/lib/modules/5.15.196/kernel/drivers/media/rc/keymaps/rc-digittrade.ko
2026-09-27T02:40:06.9064373Z   INSTALL /home/runner/work/_temp/work/ce/build.CoreELEC-Amlogic-no.aarch64-22/install_pkg/linux-69e87fa40cc3a04bf91d92e388d2787a2efcb50c/usr/lib/kernel-overlays/base/lib/modules/5.15.196/kernel/drivers/media/rc/keymaps/rc-dm1105-nec.ko
2026-09-27T02:40:06.9089574Z   INSTALL /home/runner/work/_temp/work/ce/build.CoreELEC-Amlogic-no.aarch64-22/install_pkg/linux-69e87fa40cc3a04bf91d92e388d2787a2efcb50c/usr/lib/kernel-overlays/base/lib/modules/5.15.196/kernel/drivers/media/rc/keymaps/rc-dntv-live-dvb-t.ko
2026-09-27T02:40:06.9112935Z   INSTALL /home/runner/work/_temp/work/ce/build.CoreELEC-Amlogic-no.aarch64-22/install_pkg/linux-69e87fa40cc3a04bf91d92e388d2787a2efcb50c/usr/lib/kernel-overlays/base/lib/modules/5.15.196/kernel/drivers/media/rc/keymaps/rc-dntv-live-dvbt-pro.ko
2026-09-27T02:40:06.9115184Z   INSTALL /home/runner/work/_temp/work/ce/build.CoreELEC-Amlogic-no.aarch64-22/install_pkg/linux-69e87fa40cc3a04bf91d92e388d2787a2efcb50c/usr/lib/kernel-overlays/base/lib/modules/5.15.196/kernel/drivers/media/rc/keymaps/rc-dtt200u.ko
2026-09-27T02:40:06.9117756Z   INSTALL /home/runner/work/_temp/work/ce/build.CoreELEC-Amlogic-no.aarch64-22/install_pkg/linux-69e87fa40cc3a04bf91d92e388d2787a2efcb50c/usr/lib/kernel-overlays/base/lib/modules/5.15.196/kernel/drivers/media/rc/keymaps/rc-dvbsky.ko
2026-09-27T02:40:06.9150030Z   INSTALL /home/runner/work/_temp/work/ce/build.CoreELEC-Amlogic-no.aarch64-22/install_pkg/linux-69e87fa40cc3a04bf91d92e388d2787a2efcb50c/usr/lib/kernel-overlays/base/lib/modules/5.15.196/kernel/drivers/media/rc/keymaps/rc-dvico-mce.ko
2026-09-27T02:40:06.9167055Z   INSTALL /home/runner/work/_temp/work/ce/build.CoreELEC-Amlogic-no.aarch64-22/install_pkg/linux-69e87fa40cc3a04bf91d92e388d2787a2efcb50c/usr/lib/kernel-overlays/base/lib/modules/5.15.196/kernel/drivers/media/rc/keymaps/rc-dvico-portable.ko
2026-09-27T02:40:06.9176930Z   INSTALL /home/runner/work/_temp/work/ce/build.CoreELEC-Amlogic-no.aarch64-22/install_pkg/linux-69e87fa40cc3a04bf91d92e388d2787a2efcb50c/usr/lib/kernel-overlays/base/lib/modules/5.15.196/kernel/drivers/media/rc/keymaps/rc-em-terratec.ko
2026-09-27T02:40:06.9179510Z   INSTALL /home/runner/work/_temp/work/ce/build.CoreELEC-Amlogic-no.aarch64-22/install_pkg/linux-69e87fa40cc3a04bf91d92e388d2787a2efcb50c/usr/lib/kernel-overlays/base/lib/modules/5.15.196/kernel/drivers/media/rc/keymaps/rc-encore-enltv-fm53.ko
2026-09-27T02:40:06.9217592Z   INSTALL /home/runner/work/_temp/work/ce/build.CoreELEC-Amlogic-no.aarch64-22/install_pkg/linux-69e87fa40cc3a04bf91d92e388d2787a2efcb50c/usr/lib/kernel-overlays/base/lib/modules/5.15.196/kernel/drivers/media/rc/keymaps/rc-encore-enltv.ko
2026-09-27T02:40:06.9230342Z   INSTALL /home/runner/work/_temp/work/ce/build.CoreELEC-Amlogic-no.aarch64-22/install_pkg/linux-69e87fa40cc3a04bf91d92e388d2787a2efcb50c/usr/lib/kernel-overlays/base/lib/modules/5.15.196/kernel/drivers/media/rc/keymaps/rc-encore-enltv2.ko
2026-09-27T02:40:06.9232521Z   INSTALL /home/runner/work/_temp/work/ce/build.CoreELEC-Amlogic-no.aarch64-22/install_pkg/linux-69e87fa40cc3a04bf91d92e388d2787a2efcb50c/usr/lib/kernel-overlays/base/lib/modules/5.15.196/kernel/drivers/media/rc/keymaps/rc-evga-indtube.ko
2026-09-27T02:40:06.9254575Z   INSTALL /home/runner/work/_temp/work/ce/build.CoreELEC-Amlogic-no.aarch64-22/install_pkg/linux-69e87fa40cc3a04bf91d92e388d2787a2efcb50c/usr/lib/kernel-overlays/base/lib/modules/5.15.196/kernel/drivers/media/rc/keymaps/rc-eztv.ko
2026-09-27T02:40:06.9268254Z   INSTALL /home/runner/work/_temp/work/ce/build.CoreELEC-Amlogic-no.aarch64-22/install_pkg/linux-69e87fa40cc3a04bf91d92e388d2787a2efcb50c/usr/lib/kernel-overlays/base/lib/modules/5.15.196/kernel/drivers/media/rc/keymaps/rc-flydvb.ko
2026-09-27T02:40:06.9292579Z   INSTALL /home/runner/work/_temp/work/ce/build.CoreELEC-Amlogic-no.aarch64-22/install_pkg/linux-69e87fa40cc3a04bf91d92e388d2787a2efcb50c/usr/lib/kernel-overlays/base/lib/modules/5.15.196/kernel/drivers/media/rc/keymaps/rc-flyvideo.ko
2026-09-27T02:40:06.9298680Z   INSTALL /home/runner/work/_temp/work/ce/build.CoreELEC-Amlogic-no.aarch64-22/install_pkg/linux-69e87fa40cc3a04bf91d92e388d2787a2efcb50c/usr/lib/kernel-overlays/base/lib/modules/5.15.196/kernel/drivers/media/rc/keymaps/rc-fusionhdtv-mce.ko
2026-09-27T02:40:06.9315530Z   INSTALL /home/runner/work/_temp/work/ce/build.CoreELEC-Amlogic-no.aarch64-22/install_pkg/linux-69e87fa40cc3a04bf91d92e388d2787a2efcb50c/usr/lib/kernel-overlays/base/lib/modules/5.15.196/kernel/drivers/media/rc/keymaps/rc-gadmei-rm008z.ko
2026-09-27T02:40:06.9343807Z   INSTALL /home/runner/work/_temp/work/ce/build.CoreELEC-Amlogic-no.aarch64-22/install_pkg/linux-69e87fa40cc3a04bf91d92e388d2787a2efcb50c/usr/lib/kernel-overlays/base/lib/modules/5.15.196/kernel/drivers/media/rc/keymaps/rc-geekbox.ko
2026-09-27T02:40:06.9347904Z   INSTALL /home/runner/work/_temp/work/ce/build.CoreELEC-Amlogic-no.aarch64-22/install_pkg/linux-69e87fa40cc3a04bf91d92e388d2787a2efcb50c/usr/lib/kernel-overlays/base/lib/modules/5.15.196/kernel/drivers/media/rc/keymaps/rc-genius-tvgo-a11mce.ko
2026-09-27T02:40:06.9350012Z   INSTALL /home/runner/work/_temp/work/ce/build.CoreELEC-Amlogic-no.aarch64-22/install_pkg/linux-69e87fa40cc3a04bf91d92e388d2787a2efcb50c/usr/lib/kernel-overlays/base/lib/modules/5.15.196/kernel/drivers/media/rc/keymaps/rc-gotview7135.ko
2026-09-27T02:40:06.9365587Z   INSTALL /home/runner/work/_temp/work/ce/build.CoreELEC-Amlogic-no.aarch64-22/install_pkg/linux-69e87fa40cc3a04bf91d92e388d2787a2efcb50c/usr/lib/kernel-overlays/base/lib/modules/5.15.196/kernel/drivers/media/rc/keymaps/rc-hauppauge.ko
2026-09-27T02:40:06.9379251Z   INSTALL /home/runner/work/_temp/work/ce/build.CoreELEC-Amlogic-no.aarch64-22/install_pkg/linux-69e87fa40cc3a04bf91d92e388d2787a2efcb50c/usr/lib/kernel-overlays/base/lib/modules/5.15.196/kernel/drivers/media/rc/keymaps/rc-hisi-poplar.ko
2026-09-27T02:40:06.9400817Z   INSTALL /home/runner/work/_temp/work/ce/build.CoreELEC-Amlogic-no.aarch64-22/install_pkg/linux-69e87fa40cc3a04bf91d92e388d2787a2efcb50c/usr/lib/kernel-overlays/base/lib/modules/5.15.196/kernel/drivers/media/rc/keymaps/rc-hisi-tv-demo.ko
2026-09-27T02:40:06.9403819Z   INSTALL /home/runner/work/_temp/work/ce/build.CoreELEC-Amlogic-no.aarch64-22/install_pkg/linux-69e87fa40cc3a04bf91d92e388d2787a2efcb50c/usr/lib/kernel-overlays/base/lib/modules/5.15.196/kernel/drivers/media/rc/keymaps/rc-imon-mce.ko
2026-09-27T02:40:06.9419573Z   INSTALL /home/runner/work/_temp/work/ce/build.CoreELEC-Amlogic-no.aarch64-22/install_pkg/linux-69e87fa40cc3a04bf91d92e388d2787a2efcb50c/usr/lib/kernel-overlays/base/lib/modules/5.15.196/kernel/drivers/media/rc/keymaps/rc-imon-pad.ko
2026-09-27T02:40:06.9425362Z   INSTALL /home/runner/work/_temp/work/ce/build.CoreELEC-Amlogic-no.aarch64-22/install_pkg/linux-69e87fa40cc3a04bf91d92e388d2787a2efcb50c/usr/lib/kernel-overlays/base/lib/modules/5.15.196/kernel/drivers/media/rc/keymaps/rc-imon-rsc.ko
2026-09-27T02:40:06.9454602Z   INSTALL /home/runner/work/_temp/work/ce/build.CoreELEC-Amlogic-no.aarch64-22/install_pkg/linux-69e87fa40cc3a04bf91d92e388d2787a2efcb50c/usr/lib/kernel-overlays/base/lib/modules/5.15.196/kernel/drivers/media/rc/keymaps/rc-iodata-bctv7e.ko
2026-09-27T02:40:06.9460473Z   INSTALL /home/runner/work/_temp/work/ce/build.CoreELEC-Amlogic-no.aarch64-22/install_pkg/linux-69e87fa40cc3a04bf91d92e388d2787a2efcb50c/usr/lib/kernel-overlays/base/lib/modules/5.15.196/kernel/drivers/media/rc/keymaps/rc-it913x-v1.ko
2026-09-27T02:40:06.9476292Z   INSTALL /home/runner/work/_temp/work/ce/build.CoreELEC-Amlogic-no.aarch64-22/install_pkg/linux-69e87fa40cc3a04bf91d92e388d2787a2efcb50c/usr/lib/kernel-overlays/base/lib/modules/5.15.196/kernel/drivers/media/rc/keymaps/rc-it913x-v2.ko
2026-09-27T02:40:06.9486480Z   INSTALL /home/runner/work/_temp/work/ce/build.CoreELEC-Amlogic-no.aarch64-22/install_pkg/linux-69e87fa40cc3a04bf91d92e388d2787a2efcb50c/usr/lib/kernel-overlays/base/lib/modules/5.15.196/kernel/drivers/media/rc/keymaps/rc-kaiomy.ko
2026-09-27T02:40:06.9504267Z   INSTALL /home/runner/work/_temp/work/ce/build.CoreELEC-Amlogic-no.aarch64-22/install_pkg/linux-69e87fa40cc3a04bf91d92e388d2787a2efcb50c/usr/lib/kernel-overlays/base/lib/modules/5.15.196/kernel/drivers/media/rc/keymaps/rc-khadas.ko
2026-09-27T02:40:06.9519145Z   INSTALL /home/runner/work/_temp/work/ce/build.CoreELEC-Amlogic-no.aarch64-22/install_pkg/linux-69e87fa40cc3a04bf91d92e388d2787a2efcb50c/usr/lib/kernel-overlays/base/lib/modules/5.15.196/kernel/drivers/media/rc/keymaps/rc-khamsin.ko
2026-09-27T02:40:06.9525186Z   INSTALL /home/runner/work/_temp/work/ce/build.CoreELEC-Amlogic-no.aarch64-22/install_pkg/linux-69e87fa40cc3a04bf91d92e388d2787a2efcb50c/usr/lib/kernel-overlays/base/lib/modules/5.15.196/kernel/drivers/media/rc/keymaps/rc-kworld-315u.ko
2026-09-27T02:40:06.9541510Z   INSTALL /home/runner/work/_temp/work/ce/build.CoreELEC-Amlogic-no.aarch64-22/install_pkg/linux-69e87fa40cc3a04bf91d92e388d2787a2efcb50c/usr/lib/kernel-overlays/base/lib/modules/5.15.196/kernel/drivers/media/rc/keymaps/rc-kworld-pc150u.ko
2026-09-27T02:40:06.9547379Z   INSTALL /home/runner/work/_temp/work/ce/build.CoreELEC-Amlogic-no.aarch64-22/install_pkg/linux-69e87fa40cc3a04bf91d92e388d2787a2efcb50c/usr/lib/kernel-overlays/base/lib/modules/5.15.196/kernel/drivers/media/rc/keymaps/rc-kworld-plus-tv-analog.ko
2026-09-27T02:40:06.9573547Z   INSTALL /home/runner/work/_temp/work/ce/build.CoreELEC-Amlogic-no.aarch64-22/install_pkg/linux-69e87fa40cc3a04bf91d92e388d2787a2efcb50c/usr/lib/kernel-overlays/base/lib/modules/5.15.196/kernel/drivers/media/rc/keymaps/rc-leadtek-y04g0051.ko
2026-09-27T02:40:06.9585473Z   INSTALL /home/runner/work/_temp/work/ce/build.CoreELEC-Amlogic-no.aarch64-22/install_pkg/linux-69e87fa40cc3a04bf91d92e388d2787a2efcb50c/usr/lib/kernel-overlays/base/lib/modules/5.15.196/kernel/drivers/media/rc/keymaps/rc-lme2510.ko
2026-09-27T02:40:06.9612751Z   INSTALL /home/runner/work/_temp/work/ce/build.CoreELEC-Amlogic-no.aarch64-22/install_pkg/linux-69e87fa40cc3a04bf91d92e388d2787a2efcb50c/usr/lib/kernel-overlays/base/lib/modules/5.15.196/kernel/drivers/media/rc/keymaps/rc-manli.ko
2026-09-27T02:40:06.9615114Z   INSTALL /home/runner/work/_temp/work/ce/build.CoreELEC-Amlogic-no.aarch64-22/install_pkg/linux-69e87fa40cc3a04bf91d92e388d2787a2efcb50c/usr/lib/kernel-overlays/base/lib/modules/5.15.196/kernel/drivers/media/rc/keymaps/rc-mecool-kii-pro.ko
2026-09-27T02:40:06.9631067Z   INSTALL /home/runner/work/_temp/work/ce/build.CoreELEC-Amlogic-no.aarch64-22/install_pkg/linux-69e87fa40cc3a04bf91d92e388d2787a2efcb50c/usr/lib/kernel-overlays/base/lib/modules/5.15.196/kernel/drivers/media/rc/keymaps/rc-mecool-kiii-pro.ko
2026-09-27T02:40:06.9636954Z   INSTALL /home/runner/work/_temp/work/ce/build.CoreELEC-Amlogic-no.aarch64-22/install_pkg/linux-69e87fa40cc3a04bf91d92e388d2787a2efcb50c/usr/lib/kernel-overlays/base/lib/modules/5.15.196/kernel/drivers/media/rc/keymaps/rc-medion-x10-digitainer.ko
2026-09-27T02:40:06.9657325Z   INSTALL /home/runner/work/_temp/work/ce/build.CoreELEC-Amlogic-no.aarch64-22/install_pkg/linux-69e87fa40cc3a04bf91d92e388d2787a2efcb50c/usr/lib/kernel-overlays/base/lib/modules/5.15.196/kernel/drivers/media/rc/keymaps/rc-medion-x10-or2x.ko
2026-09-27T02:40:06.9662035Z   INSTALL /home/runner/work/_temp/work/ce/build.CoreELEC-Amlogic-no.aarch64-22/install_pkg/linux-69e87fa40cc3a04bf91d92e388d2787a2efcb50c/usr/lib/kernel-overlays/base/lib/modules/5.15.196/kernel/drivers/media/rc/keymaps/rc-medion-x10.ko
2026-09-27T02:40:06.9689599Z   INSTALL /home/runner/work/_temp/work/ce/build.CoreELEC-Amlogic-no.aarch64-22/install_pkg/linux-69e87fa40cc3a04bf91d92e388d2787a2efcb50c/usr/lib/kernel-overlays/base/lib/modules/5.15.196/kernel/drivers/media/rc/keymaps/rc-minix-neo.ko
2026-09-27T02:40:06.9696661Z   INSTALL /home/runner/work/_temp/work/ce/build.CoreELEC-Amlogic-no.aarch64-22/install_pkg/linux-69e87fa40cc3a04bf91d92e388d2787a2efcb50c/usr/lib/kernel-overlays/base/lib/modules/5.15.196/kernel/drivers/media/rc/keymaps/rc-msi-digivox-ii.ko
2026-09-27T02:40:06.9715395Z   INSTALL /home/runner/work/_temp/work/ce/build.CoreELEC-Amlogic-no.aarch64-22/install_pkg/linux-69e87fa40cc3a04bf91d92e388d2787a2efcb50c/usr/lib/kernel-overlays/base/lib/modules/5.15.196/kernel/drivers/media/rc/keymaps/rc-msi-digivox-iii.ko
2026-09-27T02:40:06.9743463Z   INSTALL /home/runner/work/_temp/work/ce/build.CoreELEC-Amlogic-no.aarch64-22/install_pkg/linux-69e87fa40cc3a04bf91d92e388d2787a2efcb50c/usr/lib/kernel-overlays/base/lib/modules/5.15.196/kernel/drivers/media/rc/keymaps/rc-msi-tvanywhere-plus.ko
2026-09-27T02:40:06.9747999Z   INSTALL /home/runner/work/_temp/work/ce/build.CoreELEC-Amlogic-no.aarch64-22/install_pkg/linux-69e87fa40cc3a04bf91d92e388d2787a2efcb50c/usr/lib/kernel-overlays/base/lib/modules/5.15.196/kernel/drivers/media/rc/keymaps/rc-msi-tvanywhere.ko
2026-09-27T02:40:06.9750390Z   INSTALL /home/runner/work/_temp/work/ce/build.CoreELEC-Amlogic-no.aarch64-22/install_pkg/linux-69e87fa40cc3a04bf91d92e388d2787a2efcb50c/usr/lib/kernel-overlays/base/lib/modules/5.15.196/kernel/drivers/media/rc/keymaps/rc-nebula.ko
2026-09-27T02:40:06.9773675Z   INSTALL /home/runner/work/_temp/work/ce/build.CoreELEC-Amlogic-no.aarch64-22/install_pkg/linux-69e87fa40cc3a04bf91d92e388d2787a2efcb50c/usr/lib/kernel-overlays/base/lib/modules/5.15.196/kernel/drivers/media/rc/keymaps/rc-nec-terratec-cinergy-xs.ko
2026-09-27T02:40:06.9794964Z   INSTALL /home/runner/work/_temp/work/ce/build.CoreELEC-Amlogic-no.aarch64-22/install_pkg/linux-69e87fa40cc3a04bf91d92e388d2787a2efcb50c/usr/lib/kernel-overlays/base/lib/modules/5.15.196/kernel/drivers/media/rc/keymaps/rc-npgtech.ko
2026-09-27T02:40:06.9797443Z   INSTALL /home/runner/work/_temp/work/ce/build.CoreELEC-Amlogic-no.aarch64-22/install_pkg/linux-69e87fa40cc3a04bf91d92e388d2787a2efcb50c/usr/lib/kernel-overlays/base/lib/modules/5.15.196/kernel/drivers/media/rc/keymaps/rc-norwood.ko
2026-09-27T02:40:06.9799473Z   INSTALL /home/runner/work/_temp/work/ce/build.CoreELEC-Amlogic-no.aarch64-22/install_pkg/linux-69e87fa40cc3a04bf91d92e388d2787a2efcb50c/usr/lib/kernel-overlays/base/lib/modules/5.15.196/kernel/drivers/media/rc/keymaps/rc-odroid.ko
2026-09-27T02:40:06.9826977Z   INSTALL /home/runner/work/_temp/work/ce/build.CoreELEC-Amlogic-no.aarch64-22/install_pkg/linux-69e87fa40cc3a04bf91d92e388d2787a2efcb50c/usr/lib/kernel-overlays/base/lib/modules/5.15.196/kernel/drivers/media/rc/keymaps/rc-pctv-sedna.ko
2026-09-27T02:40:06.9839820Z   INSTALL /home/runner/work/_temp/work/ce/build.CoreELEC-Amlogic-no.aarch64-22/install_pkg/linux-69e87fa40cc3a04bf91d92e388d2787a2efcb50c/usr/lib/kernel-overlays/base/lib/modules/5.15.196/kernel/drivers/media/rc/keymaps/rc-pine64.ko
2026-09-27T02:40:06.9848337Z   INSTALL /home/runner/work/_temp/work/ce/build.CoreELEC-Amlogic-no.aarch64-22/install_pkg/linux-69e87fa40cc3a04bf91d92e388d2787a2efcb50c/usr/lib/kernel-overlays/base/lib/modules/5.15.196/kernel/drivers/media/rc/keymaps/rc-pinnacle-color.ko
2026-09-27T02:40:06.9868616Z   INSTALL /home/runner/work/_temp/work/ce/build.CoreELEC-Amlogic-no.aarch64-22/install_pkg/linux-69e87fa40cc3a04bf91d92e388d2787a2efcb50c/usr/lib/kernel-overlays/base/lib/modules/5.15.196/kernel/drivers/media/rc/keymaps/rc-pinnacle-grey.ko
2026-09-27T02:40:06.9870841Z   INSTALL /home/runner/work/_temp/work/ce/build.CoreELEC-Amlogic-no.aarch64-22/install_pkg/linux-69e87fa40cc3a04bf91d92e388d2787a2efcb50c/usr/lib/kernel-overlays/base/lib/modules/5.15.196/kernel/drivers/media/rc/keymaps/rc-pinnacle-pctv-hd.ko
2026-09-27T02:40:06.9902658Z   INSTALL /home/runner/work/_temp/work/ce/build.CoreELEC-Amlogic-no.aarch64-22/install_pkg/linux-69e87fa40cc3a04bf91d92e388d2787a2efcb50c/usr/lib/kernel-overlays/base/lib/modules/5.15.196/kernel/drivers/media/rc/keymaps/rc-pixelview-002t.ko
2026-09-27T02:40:06.9907053Z   INSTALL /home/runner/work/_temp/work/ce/build.CoreELEC-Amlogic-no.aarch64-22/install_pkg/linux-69e87fa40cc3a04bf91d92e388d2787a2efcb50c/usr/lib/kernel-overlays/base/lib/modules/5.15.196/kernel/drivers/media/rc/keymaps/rc-pixelview-mk12.ko
2026-09-27T02:40:06.9922126Z   INSTALL /home/runner/work/_temp/work/ce/build.CoreELEC-Amlogic-no.aarch64-22/install_pkg/linux-69e87fa40cc3a04bf91d92e388d2787a2efcb50c/usr/lib/kernel-overlays/base/lib/modules/5.15.196/kernel/drivers/media/rc/keymaps/rc-pixelview.ko
2026-09-27T02:40:06.9924292Z   INSTALL /home/runner/work/_temp/work/ce/build.CoreELEC-Amlogic-no.aarch64-22/install_pkg/linux-69e87fa40cc3a04bf91d92e388d2787a2efcb50c/usr/lib/kernel-overlays/base/lib/modules/5.15.196/kernel/drivers/media/rc/keymaps/rc-pixelview-new.ko
2026-09-27T02:40:06.9944326Z   INSTALL /home/runner/work/_temp/work/ce/build.CoreELEC-Amlogic-no.aarch64-22/install_pkg/linux-69e87fa40cc3a04bf91d92e388d2787a2efcb50c/usr/lib/kernel-overlays/base/lib/modules/5.15.196/kernel/drivers/media/rc/keymaps/rc-powercolor-real-angel.ko
2026-09-27T02:40:06.9958201Z   INSTALL /home/runner/work/_temp/work/ce/build.CoreELEC-Amlogic-no.aarch64-22/install_pkg/linux-69e87fa40cc3a04bf91d92e388d2787a2efcb50c/usr/lib/kernel-overlays/base/lib/modules/5.15.196/kernel/drivers/media/rc/keymaps/rc-proteus-2309.ko
2026-09-27T02:40:06.9975249Z   INSTALL /home/runner/work/_temp/work/ce/build.CoreELEC-Amlogic-no.aarch64-22/install_pkg/linux-69e87fa40cc3a04bf91d92e388d2787a2efcb50c/usr/lib/kernel-overlays/base/lib/modules/5.15.196/kernel/drivers/media/rc/keymaps/rc-purpletv.ko
2026-09-27T02:40:06.9977791Z   INSTALL /home/runner/work/_temp/work/ce/build.CoreELEC-Amlogic-no.aarch64-22/install_pkg/linux-69e87fa40cc3a04bf91d92e388d2787a2efcb50c/usr/lib/kernel-overlays/base/lib/modules/5.15.196/kernel/drivers/media/rc/keymaps/rc-pv951.ko
2026-09-27T02:40:06.9997245Z   INSTALL /home/runner/work/_temp/work/ce/build.CoreELEC-Amlogic-no.aarch64-22/install_pkg/linux-69e87fa40cc3a04bf91d92e388d2787a2efcb50c/usr/lib/kernel-overlays/base/lib/modules/5.15.196/kernel/drivers/media/rc/keymaps/rc-rc6-mce.ko
2026-09-27T02:40:07.0016880Z   INSTALL /home/runner/work/_temp/work/ce/build.CoreELEC-Amlogic-no.aarch64-22/install_pkg/linux-69e87fa40cc3a04bf91d92e388d2787a2efcb50c/usr/lib/kernel-overlays/base/lib/modules/5.15.196/kernel/drivers/media/rc/keymaps/rc-real-audio-220-32-keys.ko
2026-09-27T02:40:07.0021415Z   INSTALL /home/runner/work/_temp/work/ce/build.CoreELEC-Amlogic-no.aarch64-22/install_pkg/linux-69e87fa40cc3a04bf91d92e388d2787a2efcb50c/usr/lib/kernel-overlays/base/lib/modules/5.15.196/kernel/drivers/media/rc/keymaps/rc-reddo.ko
2026-09-27T02:40:07.0034246Z   INSTALL /home/runner/work/_temp/work/ce/build.CoreELEC-Amlogic-no.aarch64-22/install_pkg/linux-69e87fa40cc3a04bf91d92e388d2787a2efcb50c/usr/lib/kernel-overlays/base/lib/modules/5.15.196/kernel/drivers/media/rc/keymaps/rc-snapstream-firefly.ko
2026-09-27T02:40:07.0055387Z   INSTALL /home/runner/work/_temp/work/ce/build.CoreELEC-Amlogic-no.aarch64-22/install_pkg/linux-69e87fa40cc3a04bf91d92e388d2787a2efcb50c/usr/lib/kernel-overlays/base/lib/modules/5.15.196/kernel/drivers/media/rc/keymaps/rc-streamzap.ko
2026-09-27T02:40:07.0058854Z   INSTALL /home/runner/work/_temp/work/ce/build.CoreELEC-Amlogic-no.aarch64-22/install_pkg/linux-69e87fa40cc3a04bf91d92e388d2787a2efcb50c/usr/lib/kernel-overlays/base/lib/modules/5.15.196/kernel/drivers/media/rc/keymaps/rc-su3000.ko
2026-09-27T02:40:07.0080482Z   INSTALL /home/runner/work/_temp/work/ce/build.CoreELEC-Amlogic-no.aarch64-22/install_pkg/linux-69e87fa40cc3a04bf91d92e388d2787a2efcb50c/usr/lib/kernel-overlays/base/lib/modules/5.15.196/kernel/drivers/media/rc/keymaps/rc-tanix-tx3mini.ko
2026-09-27T02:40:07.0093523Z   INSTALL /home/runner/work/_temp/work/ce/build.CoreELEC-Amlogic-no.aarch64-22/install_pkg/linux-69e87fa40cc3a04bf91d92e388d2787a2efcb50c/usr/lib/kernel-overlays/base/lib/modules/5.15.196/kernel/drivers/media/rc/keymaps/rc-tanix-tx5max.ko
2026-09-27T02:40:07.0099968Z   INSTALL /home/runner/work/_temp/work/ce/build.CoreELEC-Amlogic-no.aarch64-22/install_pkg/linux-69e87fa40cc3a04bf91d92e388d2787a2efcb50c/usr/lib/kernel-overlays/base/lib/modules/5.15.196/kernel/drivers/media/rc/keymaps/rc-tbs-nec.ko
2026-09-27T02:40:07.0119656Z   INSTALL /home/runner/work/_temp/work/ce/build.CoreELEC-Amlogic-no.aarch64-22/install_pkg/linux-69e87fa40cc3a04bf91d92e388d2787a2efcb50c/usr/lib/kernel-overlays/base/lib/modules/5.15.196/kernel/drivers/media/rc/keymaps/rc-technisat-ts35.ko
2026-09-27T02:40:07.0136381Z   INSTALL /home/runner/work/_temp/work/ce/build.CoreELEC-Amlogic-no.aarch64-22/install_pkg/linux-69e87fa40cc3a04bf91d92e388d2787a2efcb50c/usr/lib/kernel-overlays/base/lib/modules/5.15.196/kernel/drivers/media/rc/keymaps/rc-technisat-usb2.ko
2026-09-27T02:40:07.0143701Z   INSTALL /home/runner/work/_temp/work/ce/build.CoreELEC-Amlogic-no.aarch64-22/install_pkg/linux-69e87fa40cc3a04bf91d92e388d2787a2efcb50c/usr/lib/kernel-overlays/base/lib/modules/5.15.196/kernel/drivers/media/rc/keymaps/rc-terratec-cinergy-c-pci.ko
2026-09-27T02:40:07.0155703Z   INSTALL /home/runner/work/_temp/work/ce/build.CoreELEC-Amlogic-no.aarch64-22/install_pkg/linux-69e87fa40cc3a04bf91d92e388d2787a2efcb50c/usr/lib/kernel-overlays/base/lib/modules/5.15.196/kernel/drivers/media/rc/keymaps/rc-terratec-cinergy-s2-hd.ko
2026-09-27T02:40:07.0172573Z   INSTALL /home/runner/work/_temp/work/ce/build.CoreELEC-Amlogic-no.aarch64-22/install_pkg/linux-69e87fa40cc3a04bf91d92e388d2787a2efcb50c/usr/lib/kernel-overlays/base/lib/modules/5.15.196/kernel/drivers/media/rc/keymaps/rc-terratec-cinergy-xs.ko
2026-09-27T02:40:07.0179541Z   INSTALL /home/runner/work/_temp/work/ce/build.CoreELEC-Amlogic-no.aarch64-22/install_pkg/linux-69e87fa40cc3a04bf91d92e388d2787a2efcb50c/usr/lib/kernel-overlays/base/lib/modules/5.15.196/kernel/drivers/media/rc/keymaps/rc-terratec-slim-2.ko
2026-09-27T02:40:07.0199136Z   INSTALL /home/runner/work/_temp/work/ce/build.CoreELEC-Amlogic-no.aarch64-22/install_pkg/linux-69e87fa40cc3a04bf91d92e388d2787a2efcb50c/usr/lib/kernel-overlays/base/lib/modules/5.15.196/kernel/drivers/media/rc/keymaps/rc-terratec-slim.ko
2026-09-27T02:40:07.0219060Z   INSTALL /home/runner/work/_temp/work/ce/build.CoreELEC-Amlogic-no.aarch64-22/install_pkg/linux-69e87fa40cc3a04bf91d92e388d2787a2efcb50c/usr/lib/kernel-overlays/base/lib/modules/5.15.196/kernel/drivers/media/rc/keymaps/rc-tevii-nec.ko
2026-09-27T02:40:07.0231097Z   INSTALL /home/runner/work/_temp/work/ce/build.CoreELEC-Amlogic-no.aarch64-22/install_pkg/linux-69e87fa40cc3a04bf91d92e388d2787a2efcb50c/usr/lib/kernel-overlays/base/lib/modules/5.15.196/kernel/drivers/media/rc/keymaps/rc-tivo.ko
2026-09-27T02:40:07.0233823Z   INSTALL /home/runner/work/_temp/work/ce/build.CoreELEC-Amlogic-no.aarch64-22/install_pkg/linux-69e87fa40cc3a04bf91d92e388d2787a2efcb50c/usr/lib/kernel-overlays/base/lib/modules/5.15.196/kernel/drivers/media/rc/keymaps/rc-total-media-in-hand-02.ko
2026-09-27T02:40:07.0246460Z   INSTALL /home/runner/work/_temp/work/ce/build.CoreELEC-Amlogic-no.aarch64-22/install_pkg/linux-69e87fa40cc3a04bf91d92e388d2787a2efcb50c/usr/lib/kernel-overlays/base/lib/modules/5.15.196/kernel/drivers/media/rc/keymaps/rc-total-media-in-hand.ko
2026-09-27T02:40:07.0270464Z   INSTALL /home/runner/work/_temp/work/ce/build.CoreELEC-Amlogic-no.aarch64-22/install_pkg/linux-69e87fa40cc3a04bf91d92e388d2787a2efcb50c/usr/lib/kernel-overlays/base/lib/modules/5.15.196/kernel/drivers/media/rc/keymaps/rc-trekstor.ko
2026-09-27T02:40:07.0287739Z   INSTALL /home/runner/work/_temp/work/ce/build.CoreELEC-Amlogic-no.aarch64-22/install_pkg/linux-69e87fa40cc3a04bf91d92e388d2787a2efcb50c/usr/lib/kernel-overlays/base/lib/modules/5.15.196/kernel/drivers/media/rc/keymaps/rc-tt-1500.ko
2026-09-27T02:40:07.0304773Z   INSTALL /home/runner/work/_temp/work/ce/build.CoreELEC-Amlogic-no.aarch64-22/install_pkg/linux-69e87fa40cc3a04bf91d92e388d2787a2efcb50c/usr/lib/kernel-overlays/base/lib/modules/5.15.196/kernel/drivers/media/rc/keymaps/rc-twinhan-dtv-cab-ci.ko
2026-09-27T02:40:07.0319584Z   INSTALL /home/runner/work/_temp/work/ce/build.CoreELEC-Amlogic-no.aarch64-22/install_pkg/linux-69e87fa40cc3a04bf91d92e388d2787a2efcb50c/usr/lib/kernel-overlays/base/lib/modules/5.15.196/kernel/drivers/media/rc/keymaps/rc-twinhan1027.ko
2026-09-27T02:40:07.0323847Z   INSTALL /home/runner/work/_temp/work/ce/build.CoreELEC-Amlogic-no.aarch64-22/install_pkg/linux-69e87fa40cc3a04bf91d92e388d2787a2efcb50c/usr/lib/kernel-overlays/base/lib/modules/5.15.196/kernel/drivers/media/rc/keymaps/rc-vega-s9x.ko
2026-09-27T02:40:07.0346849Z   INSTALL /home/runner/work/_temp/work/ce/build.CoreELEC-Amlogic-no.aarch64-22/install_pkg/linux-69e87fa40cc3a04bf91d92e388d2787a2efcb50c/usr/lib/kernel-overlays/base/lib/modules/5.15.196/kernel/drivers/media/rc/keymaps/rc-videomate-m1f.ko
2026-09-27T02:40:07.0353994Z   INSTALL /home/runner/work/_temp/work/ce/build.CoreELEC-Amlogic-no.aarch64-22/install_pkg/linux-69e87fa40cc3a04bf91d92e388d2787a2efcb50c/usr/lib/kernel-overlays/base/lib/modules/5.15.196/kernel/drivers/media/rc/keymaps/rc-videomate-s350.ko
2026-09-27T02:40:07.0366844Z   INSTALL /home/runner/work/_temp/work/ce/build.CoreELEC-Amlogic-no.aarch64-22/install_pkg/linux-69e87fa40cc3a04bf91d92e388d2787a2efcb50c/usr/lib/kernel-overlays/base/lib/modules/5.15.196/kernel/drivers/media/rc/keymaps/rc-videomate-tv-pvr.ko
2026-09-27T02:40:07.0373335Z   INSTALL /home/runner/work/_temp/work/ce/build.CoreELEC-Amlogic-no.aarch64-22/install_pkg/linux-69e87fa40cc3a04bf91d92e388d2787a2efcb50c/usr/lib/kernel-overlays/base/lib/modules/5.15.196/kernel/drivers/media/rc/keymaps/rc-videostrong-kii-pro.ko
2026-09-27T02:40:07.0401414Z   INSTALL /home/runner/work/_temp/work/ce/build.CoreELEC-Amlogic-no.aarch64-22/install_pkg/linux-69e87fa40cc3a04bf91d92e388d2787a2efcb50c/usr/lib/kernel-overlays/base/lib/modules/5.15.196/kernel/drivers/media/rc/keymaps/rc-wetek-hub.ko
2026-09-27T02:40:07.0414678Z   INSTALL /home/runner/work/_temp/work/ce/build.CoreELEC-Amlogic-no.aarch64-22/install_pkg/linux-69e87fa40cc3a04bf91d92e388d2787a2efcb50c/usr/lib/kernel-overlays/base/lib/modules/5.15.196/kernel/drivers/media/rc/keymaps/rc-wetek-play2.ko
2026-09-27T02:40:07.0419636Z   INSTALL /home/runner/work/_temp/work/ce/build.CoreELEC-Amlogic-no.aarch64-22/install_pkg/linux-69e87fa40cc3a04bf91d92e388d2787a2efcb50c/usr/lib/kernel-overlays/base/lib/modules/5.15.196/kernel/drivers/media/rc/keymaps/rc-winfast-usbii-deluxe.ko
2026-09-27T02:40:07.0439033Z   INSTALL /home/runner/work/_temp/work/ce/build.CoreELEC-Amlogic-no.aarch64-22/install_pkg/linux-69e87fa40cc3a04bf91d92e388d2787a2efcb50c/usr/lib/kernel-overlays/base/lib/modules/5.15.196/kernel/drivers/media/rc/keymaps/rc-winfast.ko
2026-09-27T02:40:07.0460835Z   INSTALL /home/runner/work/_temp/work/ce/build.CoreELEC-Amlogic-no.aarch64-22/install_pkg/linux-69e87fa40cc3a04bf91d92e388d2787a2efcb50c/usr/lib/kernel-overlays/base/lib/modules/5.15.196/kernel/drivers/media/rc/keymaps/rc-x96max.ko
2026-09-27T02:40:07.0467510Z   INSTALL /home/runner/work/_temp/work/ce/build.CoreELEC-Amlogic-no.aarch64-22/install_pkg/linux-69e87fa40cc3a04bf91d92e388d2787a2efcb50c/usr/lib/kernel-overlays/base/lib/modules/5.15.196/kernel/drivers/media/rc/keymaps/rc-xbox-360.ko
2026-09-27T02:40:07.0487106Z   INSTALL /home/runner/work/_temp/work/ce/build.CoreELEC-Amlogic-no.aarch64-22/install_pkg/linux-69e87fa40cc3a04bf91d92e388d2787a2efcb50c/usr/lib/kernel-overlays/base/lib/modules/5.15.196/kernel/drivers/media/rc/keymaps/rc-xbox-dvd.ko
2026-09-27T02:40:07.0503198Z   INSTALL /home/runner/work/_temp/work/ce/build.CoreELEC-Amlogic-no.aarch64-22/install_pkg/linux-69e87fa40cc3a04bf91d92e388d2787a2efcb50c/usr/lib/kernel-overlays/base/lib/modules/5.15.196/kernel/drivers/media/rc/keymaps/rc-zx-irdec.ko
2026-09-27T02:40:07.0508037Z   INSTALL /home/runner/work/_temp/work/ce/build.CoreELEC-Amlogic-no.aarch64-22/install_pkg/linux-69e87fa40cc3a04bf91d92e388d2787a2efcb50c/usr/lib/kernel-overlays/base/lib/modules/5.15.196/kernel/drivers/media/rc/mceusb.ko
2026-09-27T02:40:07.0522342Z   INSTALL /home/runner/work/_temp/work/ce/build.CoreELEC-Amlogic-no.aarch64-22/install_pkg/linux-69e87fa40cc3a04bf91d92e388d2787a2efcb50c/usr/lib/kernel-overlays/base/lib/modules/5.15.196/kernel/drivers/media/rc/meson-ir-tx.ko
2026-09-27T02:40:07.0537660Z   INSTALL /home/runner/work/_temp/work/ce/build.CoreELEC-Amlogic-no.aarch64-22/install_pkg/linux-69e87fa40cc3a04bf91d92e388d2787a2efcb50c/usr/lib/kernel-overlays/base/lib/modules/5.15.196/kernel/drivers/media/rc/meson-ir.ko
2026-09-27T02:40:07.0557531Z   INSTALL /home/runner/work/_temp/work/ce/build.CoreELEC-Amlogic-no.aarch64-22/install_pkg/linux-69e87fa40cc3a04bf91d92e388d2787a2efcb50c/usr/lib/kernel-overlays/base/lib/modules/5.15.196/kernel/drivers/media/tuners/av201x.ko
2026-09-27T02:40:07.0579551Z   INSTALL /home/runner/work/_temp/work/ce/build.CoreELEC-Amlogic-no.aarch64-22/install_pkg/linux-69e87fa40cc3a04bf91d92e388d2787a2efcb50c/usr/lib/kernel-overlays/base/lib/modules/5.15.196/kernel/drivers/media/tuners/e4000.ko
2026-09-27T02:40:07.0582402Z   INSTALL /home/runner/work/_temp/work/ce/build.CoreELEC-Amlogic-no.aarch64-22/install_pkg/linux-69e87fa40cc3a04bf91d92e388d2787a2efcb50c/usr/lib/kernel-overlays/base/lib/modules/5.15.196/kernel/drivers/media/tuners/fc0011.ko
2026-09-27T02:40:07.0593159Z   INSTALL /home/runner/work/_temp/work/ce/build.CoreELEC-Amlogic-no.aarch64-22/install_pkg/linux-69e87fa40cc3a04bf91d92e388d2787a2efcb50c/usr/lib/kernel-overlays/base/lib/modules/5.15.196/kernel/drivers/media/tuners/fc0012.ko
2026-09-27T02:40:07.0612633Z   INSTALL /home/runner/work/_temp/work/ce/build.CoreELEC-Amlogic-no.aarch64-22/install_pkg/linux-69e87fa40cc3a04bf91d92e388d2787a2efcb50c/usr/lib/kernel-overlays/base/lib/modules/5.15.196/kernel/drivers/media/tuners/fc0013.ko
2026-09-27T02:40:07.0630488Z   INSTALL /home/runner/work/_temp/work/ce/build.CoreELEC-Amlogic-no.aarch64-22/install_pkg/linux-69e87fa40cc3a04bf91d92e388d2787a2efcb50c/usr/lib/kernel-overlays/base/lib/modules/5.15.196/kernel/drivers/media/tuners/fc2580.ko
2026-09-27T02:40:07.0633497Z   INSTALL /home/runner/work/_temp/work/ce/build.CoreELEC-Amlogic-no.aarch64-22/install_pkg/linux-69e87fa40cc3a04bf91d92e388d2787a2efcb50c/usr/lib/kernel-overlays/base/lib/modules/5.15.196/kernel/drivers/media/tuners/it913x.ko
2026-09-27T02:40:07.0643431Z   INSTALL /home/runner/work/_temp/work/ce/build.CoreELEC-Amlogic-no.aarch64-22/install_pkg/linux-69e87fa40cc3a04bf91d92e388d2787a2efcb50c/usr/lib/kernel-overlays/base/lib/modules/5.15.196/kernel/drivers/media/tuners/m88rs6000t.ko
2026-09-27T02:40:07.0657545Z   INSTALL /home/runner/work/_temp/work/ce/build.CoreELEC-Amlogic-no.aarch64-22/install_pkg/linux-69e87fa40cc3a04bf91d92e388d2787a2efcb50c/usr/lib/kernel-overlays/base/lib/modules/5.15.196/kernel/drivers/media/tuners/max2165.ko
2026-09-27T02:40:07.0677950Z   INSTALL /home/runner/work/_temp/work/ce/build.CoreELEC-Amlogic-no.aarch64-22/install_pkg/linux-69e87fa40cc3a04bf91d92e388d2787a2efcb50c/usr/lib/kernel-overlays/base/lib/modules/5.15.196/kernel/drivers/media/tuners/msi001.ko
2026-09-27T02:40:07.0687638Z   INSTALL /home/runner/work/_temp/work/ce/build.CoreELEC-Amlogic-no.aarch64-22/install_pkg/linux-69e87fa40cc3a04bf91d92e388d2787a2efcb50c/usr/lib/kernel-overlays/base/lib/modules/5.15.196/kernel/drivers/media/tuners/mt2060.ko
2026-09-27T02:40:07.0702040Z   INSTALL /home/runner/work/_temp/work/ce/build.CoreELEC-Amlogic-no.aarch64-22/install_pkg/linux-69e87fa40cc3a04bf91d92e388d2787a2efcb50c/usr/lib/kernel-overlays/base/lib/modules/5.15.196/kernel/drivers/media/tuners/mt2063.ko
2026-09-27T02:40:07.0714726Z   INSTALL /home/runner/work/_temp/work/ce/build.CoreELEC-Amlogic-no.aarch64-22/install_pkg/linux-69e87fa40cc3a04bf91d92e388d2787a2efcb50c/usr/lib/kernel-overlays/base/lib/modules/5.15.196/kernel/drivers/media/tuners/mt2131.ko
2026-09-27T02:40:07.0728022Z   INSTALL /home/runner/work/_temp/work/ce/build.CoreELEC-Amlogic-no.aarch64-22/install_pkg/linux-69e87fa40cc3a04bf91d92e388d2787a2efcb50c/usr/lib/kernel-overlays/base/lib/modules/5.15.196/kernel/drivers/media/tuners/mt2266.ko
2026-09-27T02:40:07.0747533Z   INSTALL /home/runner/work/_temp/work/ce/build.CoreELEC-Amlogic-no.aarch64-22/install_pkg/linux-69e87fa40cc3a04bf91d92e388d2787a2efcb50c/usr/lib/kernel-overlays/base/lib/modules/5.15.196/kernel/drivers/media/tuners/mxl301rf.ko
2026-09-27T02:40:07.0757743Z   INSTALL /home/runner/work/_temp/work/ce/build.CoreELEC-Amlogic-no.aarch64-22/install_pkg/linux-69e87fa40cc3a04bf91d92e388d2787a2efcb50c/usr/lib/kernel-overlays/base/lib/modules/5.15.196/kernel/drivers/media/tuners/mxl5005s.ko
2026-09-27T02:40:07.0773932Z   INSTALL /home/runner/work/_temp/work/ce/build.CoreELEC-Amlogic-no.aarch64-22/install_pkg/linux-69e87fa40cc3a04bf91d92e388d2787a2efcb50c/usr/lib/kernel-overlays/base/lib/modules/5.15.196/kernel/drivers/media/tuners/mxl5007t.ko
2026-09-27T02:40:07.0787634Z   INSTALL /home/runner/work/_temp/work/ce/build.CoreELEC-Amlogic-no.aarch64-22/install_pkg/linux-69e87fa40cc3a04bf91d92e388d2787a2efcb50c/usr/lib/kernel-overlays/base/lib/modules/5.15.196/kernel/drivers/media/tuners/qm1d1b0004.ko
2026-09-27T02:40:07.0808599Z   INSTALL /home/runner/work/_temp/work/ce/build.CoreELEC-Amlogic-no.aarch64-22/install_pkg/linux-69e87fa40cc3a04bf91d92e388d2787a2efcb50c/usr/lib/kernel-overlays/base/lib/modules/5.15.196/kernel/drivers/media/tuners/qm1d1c0042.ko
2026-09-27T02:40:07.0822194Z   INSTALL /home/runner/work/_temp/work/ce/build.CoreELEC-Amlogic-no.aarch64-22/install_pkg/linux-69e87fa40cc3a04bf91d92e388d2787a2efcb50c/usr/lib/kernel-overlays/base/lib/modules/5.15.196/kernel/drivers/media/tuners/qt1010.ko
2026-09-27T02:40:07.0828971Z   INSTALL /home/runner/work/_temp/work/ce/build.CoreELEC-Amlogic-no.aarch64-22/install_pkg/linux-69e87fa40cc3a04bf91d92e388d2787a2efcb50c/usr/lib/kernel-overlays/base/lib/modules/5.15.196/kernel/drivers/media/tuners/r820t.ko
2026-09-27T02:40:07.0844982Z   INSTALL /home/runner/work/_temp/work/ce/build.CoreELEC-Amlogic-no.aarch64-22/install_pkg/linux-69e87fa40cc3a04bf91d92e388d2787a2efcb50c/usr/lib/kernel-overlays/base/lib/modules/5.15.196/kernel/drivers/media/tuners/si2157.ko
2026-09-27T02:40:07.0868155Z   INSTALL /home/runner/work/_temp/work/ce/build.CoreELEC-Amlogic-no.aarch64-22/install_pkg/linux-69e87fa40cc3a04bf91d92e388d2787a2efcb50c/usr/lib/kernel-overlays/base/lib/modules/5.15.196/kernel/drivers/media/tuners/tda18212.ko
2026-09-27T02:40:07.0874402Z   INSTALL /home/runner/work/_temp/work/ce/build.CoreELEC-Amlogic-no.aarch64-22/install_pkg/linux-69e87fa40cc3a04bf91d92e388d2787a2efcb50c/usr/lib/kernel-overlays/base/lib/modules/5.15.196/kernel/drivers/media/tuners/tda18218.ko
2026-09-27T02:40:07.0886800Z   INSTALL /home/runner/work/_temp/work/ce/build.CoreELEC-Amlogic-no.aarch64-22/install_pkg/linux-69e87fa40cc3a04bf91d92e388d2787a2efcb50c/usr/lib/kernel-overlays/base/lib/modules/5.15.196/kernel/drivers/media/tuners/tda18250.ko
2026-09-27T02:40:07.0915550Z   INSTALL /home/runner/work/_temp/work/ce/build.CoreELEC-Amlogic-no.aarch64-22/install_pkg/linux-69e87fa40cc3a04bf91d92e388d2787a2efcb50c/usr/lib/kernel-overlays/base/lib/modules/5.15.196/kernel/drivers/media/tuners/tea5761.ko
2026-09-27T02:40:07.0920402Z   INSTALL /home/runner/work/_temp/work/ce/build.CoreELEC-Amlogic-no.aarch64-22/install_pkg/linux-69e87fa40cc3a04bf91d92e388d2787a2efcb50c/usr/lib/kernel-overlays/base/lib/modules/5.15.196/kernel/drivers/media/tuners/tea5767.ko
2026-09-27T02:40:07.0929072Z   INSTALL /home/runner/work/_temp/work/ce/build.CoreELEC-Amlogic-no.aarch64-22/install_pkg/linux-69e87fa40cc3a04bf91d92e388d2787a2efcb50c/usr/lib/kernel-overlays/base/lib/modules/5.15.196/kernel/drivers/media/tuners/tua9001.ko
2026-09-27T02:40:07.0954427Z   INSTALL /home/runner/work/_temp/work/ce/build.CoreELEC-Amlogic-no.aarch64-22/install_pkg/linux-69e87fa40cc3a04bf91d92e388d2787a2efcb50c/usr/lib/kernel-overlays/base/lib/modules/5.15.196/kernel/drivers/media/usb/as102/dvb-as102.ko
2026-09-27T02:40:07.0962816Z   INSTALL /home/runner/work/_temp/work/ce/build.CoreELEC-Amlogic-no.aarch64-22/install_pkg/linux-69e87fa40cc3a04bf91d92e388d2787a2efcb50c/usr/lib/kernel-overlays/base/lib/modules/5.15.196/kernel/drivers/media/usb/au0828/au0828.ko
2026-09-27T02:40:07.0977364Z   INSTALL /home/runner/work/_temp/work/ce/build.CoreELEC-Amlogic-no.aarch64-22/install_pkg/linux-69e87fa40cc3a04bf91d92e388d2787a2efcb50c/usr/lib/kernel-overlays/base/lib/modules/5.15.196/kernel/drivers/media/usb/b2c2/b2c2-flexcop-usb.ko
2026-09-27T02:40:07.0984040Z   INSTALL /home/runner/work/_temp/work/ce/build.CoreELEC-Amlogic-no.aarch64-22/install_pkg/linux-69e87fa40cc3a04bf91d92e388d2787a2efcb50c/usr/lib/kernel-overlays/base/lib/modules/5.15.196/kernel/drivers/media/usb/cx231xx/cx231xx-alsa.ko
2026-09-27T02:40:07.1004523Z   INSTALL /home/runner/work/_temp/work/ce/build.CoreELEC-Amlogic-no.aarch64-22/install_pkg/linux-69e87fa40cc3a04bf91d92e388d2787a2efcb50c/usr/lib/kernel-overlays/base/lib/modules/5.15.196/kernel/drivers/media/usb/cx231xx/cx231xx-dvb-ci.ko
2026-09-27T02:40:07.1022713Z   INSTALL /home/runner/work/_temp/work/ce/build.CoreELEC-Amlogic-no.aarch64-22/install_pkg/linux-69e87fa40cc3a04bf91d92e388d2787a2efcb50c/usr/lib/kernel-overlays/base/lib/modules/5.15.196/kernel/drivers/media/usb/cx231xx/cx231xx.ko
2026-09-27T02:40:07.1046131Z   INSTALL /home/runner/work/_temp/work/ce/build.CoreELEC-Amlogic-no.aarch64-22/install_pkg/linux-69e87fa40cc3a04bf91d92e388d2787a2efcb50c/usr/lib/kernel-overlays/base/lib/modules/5.15.196/kernel/drivers/media/usb/dvb-usb-v2/dvb-usb-af9015.ko
2026-09-27T02:40:07.1050439Z   INSTALL /home/runner/work/_temp/work/ce/build.CoreELEC-Amlogic-no.aarch64-22/install_pkg/linux-69e87fa40cc3a04bf91d92e388d2787a2efcb50c/usr/lib/kernel-overlays/base/lib/modules/5.15.196/kernel/drivers/media/usb/dvb-usb-v2/dvb-usb-af9035.ko
2026-09-27T02:40:07.1069035Z   INSTALL /home/runner/work/_temp/work/ce/build.CoreELEC-Amlogic-no.aarch64-22/install_pkg/linux-69e87fa40cc3a04bf91d92e388d2787a2efcb50c/usr/lib/kernel-overlays/base/lib/modules/5.15.196/kernel/drivers/media/usb/dvb-usb-v2/dvb-usb-anysee.ko
2026-09-27T02:40:07.1088807Z   INSTALL /home/runner/work/_temp/work/ce/build.CoreELEC-Amlogic-no.aarch64-22/install_pkg/linux-69e87fa40cc3a04bf91d92e388d2787a2efcb50c/usr/lib/kernel-overlays/base/lib/modules/5.15.196/kernel/drivers/media/usb/dvb-usb-v2/dvb-usb-au6610.ko
2026-09-27T02:40:07.1094725Z   INSTALL /home/runner/work/_temp/work/ce/build.CoreELEC-Amlogic-no.aarch64-22/install_pkg/linux-69e87fa40cc3a04bf91d92e388d2787a2efcb50c/usr/lib/kernel-overlays/base/lib/modules/5.15.196/kernel/drivers/media/usb/dvb-usb-v2/dvb-usb-az6007.ko
2026-09-27T02:40:07.1114004Z   INSTALL /home/runner/work/_temp/work/ce/build.CoreELEC-Amlogic-no.aarch64-22/install_pkg/linux-69e87fa40cc3a04bf91d92e388d2787a2efcb50c/usr/lib/kernel-overlays/base/lib/modules/5.15.196/kernel/drivers/media/usb/dvb-usb-v2/dvb-usb-ce6230.ko
2026-09-27T02:40:07.1125456Z   INSTALL /home/runner/work/_temp/work/ce/build.CoreELEC-Amlogic-no.aarch64-22/install_pkg/linux-69e87fa40cc3a04bf91d92e388d2787a2efcb50c/usr/lib/kernel-overlays/base/lib/modules/5.15.196/kernel/drivers/media/usb/dvb-usb-v2/dvb-usb-dvbsky.ko
2026-09-27T02:40:07.1145162Z   INSTALL /home/runner/work/_temp/work/ce/build.CoreELEC-Amlogic-no.aarch64-22/install_pkg/linux-69e87fa40cc3a04bf91d92e388d2787a2efcb50c/usr/lib/kernel-overlays/base/lib/modules/5.15.196/kernel/drivers/media/usb/dvb-usb-v2/dvb-usb-ec168.ko
2026-09-27T02:40:07.1149952Z   INSTALL /home/runner/work/_temp/work/ce/build.CoreELEC-Amlogic-no.aarch64-22/install_pkg/linux-69e87fa40cc3a04bf91d92e388d2787a2efcb50c/usr/lib/kernel-overlays/base/lib/modules/5.15.196/kernel/drivers/media/usb/dvb-usb-v2/dvb-usb-gl861.ko
2026-09-27T02:40:07.1173731Z   INSTALL /home/runner/work/_temp/work/ce/build.CoreELEC-Amlogic-no.aarch64-22/install_pkg/linux-69e87fa40cc3a04bf91d92e388d2787a2efcb50c/usr/lib/kernel-overlays/base/lib/modules/5.15.196/kernel/drivers/media/usb/dvb-usb-v2/dvb-usb-lmedm04.ko
2026-09-27T02:40:07.1178348Z   INSTALL /home/runner/work/_temp/work/ce/build.CoreELEC-Amlogic-no.aarch64-22/install_pkg/linux-69e87fa40cc3a04bf91d92e388d2787a2efcb50c/usr/lib/kernel-overlays/base/lib/modules/5.15.196/kernel/drivers/media/usb/dvb-usb-v2/dvb-usb-mxl111sf.ko
2026-09-27T02:40:07.1199716Z   INSTALL /home/runner/work/_temp/work/ce/build.CoreELEC-Amlogic-no.aarch64-22/install_pkg/linux-69e87fa40cc3a04bf91d92e388d2787a2efcb50c/usr/lib/kernel-overlays/base/lib/modules/5.15.196/kernel/drivers/media/usb/dvb-usb-v2/dvb-usb-rtl28xxu.ko
2026-09-27T02:40:07.1210982Z   INSTALL /home/runner/work/_temp/work/ce/build.CoreELEC-Amlogic-no.aarch64-22/install_pkg/linux-69e87fa40cc3a04bf91d92e388d2787a2efcb50c/usr/lib/kernel-overlays/base/lib/modules/5.15.196/kernel/drivers/media/usb/dvb-usb-v2/mxl111sf-demod.ko
2026-09-27T02:40:07.1213592Z   INSTALL /home/runner/work/_temp/work/ce/build.CoreELEC-Amlogic-no.aarch64-22/install_pkg/linux-69e87fa40cc3a04bf91d92e388d2787a2efcb50c/usr/lib/kernel-overlays/base/lib/modules/5.15.196/kernel/drivers/media/usb/dvb-usb-v2/dvb_usb_v2.ko
2026-09-27T02:40:07.1240799Z   INSTALL /home/runner/work/_temp/work/ce/build.CoreELEC-Amlogic-no.aarch64-22/install_pkg/linux-69e87fa40cc3a04bf91d92e388d2787a2efcb50c/usr/lib/kernel-overlays/base/lib/modules/5.15.196/kernel/drivers/media/usb/dvb-usb-v2/mxl111sf-tuner.ko
2026-09-27T02:40:07.1259652Z   INSTALL /home/runner/work/_temp/work/ce/build.CoreELEC-Amlogic-no.aarch64-22/install_pkg/linux-69e87fa40cc3a04bf91d92e388d2787a2efcb50c/usr/lib/kernel-overlays/base/lib/modules/5.15.196/kernel/drivers/media/usb/dvb-usb-v2/zd1301.ko
2026-09-27T02:40:07.1276468Z   INSTALL /home/runner/work/_temp/work/ce/build.CoreELEC-Amlogic-no.aarch64-22/install_pkg/linux-69e87fa40cc3a04bf91d92e388d2787a2efcb50c/usr/lib/kernel-overlays/base/lib/modules/5.15.196/kernel/drivers/media/usb/dvb-usb/dvb-usb-a800.ko
2026-09-27T02:40:07.1278879Z   INSTALL /home/runner/work/_temp/work/ce/build.CoreELEC-Amlogic-no.aarch64-22/install_pkg/linux-69e87fa40cc3a04bf91d92e388d2787a2efcb50c/usr/lib/kernel-overlays/base/lib/modules/5.15.196/kernel/drivers/media/usb/dvb-usb/dvb-usb-af9005-remote.ko
2026-09-27T02:40:07.1302558Z   INSTALL /home/runner/work/_temp/work/ce/build.CoreELEC-Amlogic-no.aarch64-22/install_pkg/linux-69e87fa40cc3a04bf91d92e388d2787a2efcb50c/usr/lib/kernel-overlays/base/lib/modules/5.15.196/kernel/drivers/media/usb/dvb-usb/dvb-usb-af9005.ko
2026-09-27T02:40:07.1321781Z   INSTALL /home/runner/work/_temp/work/ce/build.CoreELEC-Amlogic-no.aarch64-22/install_pkg/linux-69e87fa40cc3a04bf91d92e388d2787a2efcb50c/usr/lib/kernel-overlays/base/lib/modules/5.15.196/kernel/drivers/media/usb/dvb-usb/dvb-usb-az6027.ko
2026-09-27T02:40:07.1324329Z   INSTALL /home/runner/work/_temp/work/ce/build.CoreELEC-Amlogic-no.aarch64-22/install_pkg/linux-69e87fa40cc3a04bf91d92e388d2787a2efcb50c/usr/lib/kernel-overlays/base/lib/modules/5.15.196/kernel/drivers/media/usb/dvb-usb/dvb-usb-cinergyT2.ko
2026-09-27T02:40:07.1326574Z   INSTALL /home/runner/work/_temp/work/ce/build.CoreELEC-Amlogic-no.aarch64-22/install_pkg/linux-69e87fa40cc3a04bf91d92e388d2787a2efcb50c/usr/lib/kernel-overlays/base/lib/modules/5.15.196/kernel/drivers/media/usb/dvb-usb/dvb-usb-cxusb.ko
2026-09-27T02:40:07.1353128Z   INSTALL /home/runner/work/_temp/work/ce/build.CoreELEC-Amlogic-no.aarch64-22/install_pkg/linux-69e87fa40cc3a04bf91d92e388d2787a2efcb50c/usr/lib/kernel-overlays/base/lib/modules/5.15.196/kernel/drivers/media/usb/dvb-usb/dvb-usb-dib0700.ko
2026-09-27T02:40:07.1373735Z   INSTALL /home/runner/work/_temp/work/ce/build.CoreELEC-Amlogic-no.aarch64-22/install_pkg/linux-69e87fa40cc3a04bf91d92e388d2787a2efcb50c/usr/lib/kernel-overlays/base/lib/modules/5.15.196/kernel/drivers/media/usb/dvb-usb/dvb-usb-dibusb-common.ko
2026-09-27T02:40:07.1376900Z   INSTALL /home/runner/work/_temp/work/ce/build.CoreELEC-Amlogic-no.aarch64-22/install_pkg/linux-69e87fa40cc3a04bf91d92e388d2787a2efcb50c/usr/lib/kernel-overlays/base/lib/modules/5.15.196/kernel/drivers/media/usb/dvb-usb/dvb-usb-dibusb-mb.ko
2026-09-27T02:40:07.1382309Z   INSTALL /home/runner/work/_temp/work/ce/build.CoreELEC-Amlogic-no.aarch64-22/install_pkg/linux-69e87fa40cc3a04bf91d92e388d2787a2efcb50c/usr/lib/kernel-overlays/base/lib/modules/5.15.196/kernel/drivers/media/usb/dvb-usb/dvb-usb-dibusb-mc-common.ko
2026-09-27T02:40:07.1417347Z   INSTALL /home/runner/work/_temp/work/ce/build.CoreELEC-Amlogic-no.aarch64-22/install_pkg/linux-69e87fa40cc3a04bf91d92e388d2787a2efcb50c/usr/lib/kernel-overlays/base/lib/modules/5.15.196/kernel/drivers/media/usb/dvb-usb/dvb-usb-dibusb-mc.ko
2026-09-27T02:40:07.1426835Z   INSTALL /home/runner/work/_temp/work/ce/build.CoreELEC-Amlogic-no.aarch64-22/install_pkg/linux-69e87fa40cc3a04bf91d92e388d2787a2efcb50c/usr/lib/kernel-overlays/base/lib/modules/5.15.196/kernel/drivers/media/usb/dvb-usb/dvb-usb-digitv.ko
2026-09-27T02:40:07.1438210Z   INSTALL /home/runner/work/_temp/work/ce/build.CoreELEC-Amlogic-no.aarch64-22/install_pkg/linux-69e87fa40cc3a04bf91d92e388d2787a2efcb50c/usr/lib/kernel-overlays/base/lib/modules/5.15.196/kernel/drivers/media/usb/dvb-usb/dvb-usb-dtt200u.ko
2026-09-27T02:40:07.1440585Z   INSTALL /home/runner/work/_temp/work/ce/build.CoreELEC-Amlogic-no.aarch64-22/install_pkg/linux-69e87fa40cc3a04bf91d92e388d2787a2efcb50c/usr/lib/kernel-overlays/base/lib/modules/5.15.196/kernel/drivers/media/usb/dvb-usb/dvb-usb-dtv5100.ko
2026-09-27T02:40:07.1465608Z   INSTALL /home/runner/work/_temp/work/ce/build.CoreELEC-Amlogic-no.aarch64-22/install_pkg/linux-69e87fa40cc3a04bf91d92e388d2787a2efcb50c/usr/lib/kernel-overlays/base/lib/modules/5.15.196/kernel/drivers/media/usb/dvb-usb/dvb-usb-dw2102.ko
2026-09-27T02:40:07.1489342Z   INSTALL /home/runner/work/_temp/work/ce/build.CoreELEC-Amlogic-no.aarch64-22/install_pkg/linux-69e87fa40cc3a04bf91d92e388d2787a2efcb50c/usr/lib/kernel-overlays/base/lib/modules/5.15.196/kernel/drivers/media/usb/dvb-usb/dvb-usb-gp8psk.ko
2026-09-27T02:40:07.1497800Z   INSTALL /home/runner/work/_temp/work/ce/build.CoreELEC-Amlogic-no.aarch64-22/install_pkg/linux-69e87fa40cc3a04bf91d92e388d2787a2efcb50c/usr/lib/kernel-overlays/base/lib/modules/5.15.196/kernel/drivers/media/usb/dvb-usb/dvb-usb-m920x.ko
2026-09-27T02:40:07.1509141Z   INSTALL /home/runner/work/_temp/work/ce/build.CoreELEC-Amlogic-no.aarch64-22/install_pkg/linux-69e87fa40cc3a04bf91d92e388d2787a2efcb50c/usr/lib/kernel-overlays/base/lib/modules/5.15.196/kernel/drivers/media/usb/dvb-usb/dvb-usb-nova-t-usb2.ko
2026-09-27T02:40:07.1538731Z   INSTALL /home/runner/work/_temp/work/ce/build.CoreELEC-Amlogic-no.aarch64-22/install_pkg/linux-69e87fa40cc3a04bf91d92e388d2787a2efcb50c/usr/lib/kernel-overlays/base/lib/modules/5.15.196/kernel/drivers/media/usb/dvb-usb/dvb-usb-opera.ko
2026-09-27T02:40:07.1551602Z   INSTALL /home/runner/work/_temp/work/ce/build.CoreELEC-Amlogic-no.aarch64-22/install_pkg/linux-69e87fa40cc3a04bf91d92e388d2787a2efcb50c/usr/lib/kernel-overlays/base/lib/modules/5.15.196/kernel/drivers/media/usb/dvb-usb/dvb-usb-pctv452e.ko
2026-09-27T02:40:07.1553839Z   INSTALL /home/runner/work/_temp/work/ce/build.CoreELEC-Amlogic-no.aarch64-22/install_pkg/linux-69e87fa40cc3a04bf91d92e388d2787a2efcb50c/usr/lib/kernel-overlays/base/lib/modules/5.15.196/kernel/drivers/media/usb/dvb-usb/dvb-usb-tbs5230.ko
2026-09-27T02:40:07.1567491Z   INSTALL /home/runner/work/_temp/work/ce/build.CoreELEC-Amlogic-no.aarch64-22/install_pkg/linux-69e87fa40cc3a04bf91d92e388d2787a2efcb50c/usr/lib/kernel-overlays/base/lib/modules/5.15.196/kernel/drivers/media/usb/dvb-usb/dvb-usb-tbs5520se.ko
2026-09-27T02:40:07.1589102Z   INSTALL /home/runner/work/_temp/work/ce/build.CoreELEC-Amlogic-no.aarch64-22/install_pkg/linux-69e87fa40cc3a04bf91d92e388d2787a2efcb50c/usr/lib/kernel-overlays/base/lib/modules/5.15.196/kernel/drivers/media/usb/dvb-usb/dvb-usb-tbs5530.ko
2026-09-27T02:40:07.1604270Z   INSTALL /home/runner/work/_temp/work/ce/build.CoreELEC-Amlogic-no.aarch64-22/install_pkg/linux-69e87fa40cc3a04bf91d92e388d2787a2efcb50c/usr/lib/kernel-overlays/base/lib/modules/5.15.196/kernel/drivers/media/usb/dvb-usb/dvb-usb-tbs5580.ko
2026-09-27T02:40:07.1606965Z   INSTALL /home/runner/work/_temp/work/ce/build.CoreELEC-Amlogic-no.aarch64-22/install_pkg/linux-69e87fa40cc3a04bf91d92e388d2787a2efcb50c/usr/lib/kernel-overlays/base/lib/modules/5.15.196/kernel/drivers/media/usb/dvb-usb/dvb-usb-tbs5930.ko
2026-09-27T02:40:07.1627147Z   INSTALL /home/runner/work/_temp/work/ce/build.CoreELEC-Amlogic-no.aarch64-22/install_pkg/linux-69e87fa40cc3a04bf91d92e388d2787a2efcb50c/usr/lib/kernel-overlays/base/lib/modules/5.15.196/kernel/drivers/media/usb/dvb-usb/dvb-usb-tbs5931.ko
2026-09-27T02:40:07.1659513Z   INSTALL /home/runner/work/_temp/work/ce/build.CoreELEC-Amlogic-no.aarch64-22/install_pkg/linux-69e87fa40cc3a04bf91d92e388d2787a2efcb50c/usr/lib/kernel-overlays/base/lib/modules/5.15.196/kernel/drivers/media/usb/dvb-usb/dvb-usb-tbsqbox2ci.ko
2026-09-27T02:40:07.1687615Z   INSTALL /home/runner/work/_temp/work/ce/build.CoreELEC-Amlogic-no.aarch64-22/install_pkg/linux-69e87fa40cc3a04bf91d92e388d2787a2efcb50c/usr/lib/kernel-overlays/base/lib/modules/5.15.196/kernel/drivers/media/usb/dvb-usb/dvb-usb-technisat-usb2.ko
2026-09-27T02:40:07.1696397Z   INSTALL /home/runner/work/_temp/work/ce/build.CoreELEC-Amlogic-no.aarch64-22/install_pkg/linux-69e87fa40cc3a04bf91d92e388d2787a2efcb50c/usr/lib/kernel-overlays/base/lib/modules/5.15.196/kernel/drivers/media/usb/dvb-usb/dvb-usb-ttusb2.ko
2026-09-27T02:40:07.1706924Z   INSTALL /home/runner/work/_temp/work/ce/build.CoreELEC-Amlogic-no.aarch64-22/install_pkg/linux-69e87fa40cc3a04bf91d92e388d2787a2efcb50c/usr/lib/kernel-overlays/base/lib/modules/5.15.196/kernel/drivers/media/usb/dvb-usb/dvb-usb-vp702x.ko
2026-09-27T02:40:07.1722665Z   INSTALL /home/runner/work/_temp/work/ce/build.CoreELEC-Amlogic-no.aarch64-22/install_pkg/linux-69e87fa40cc3a04bf91d92e388d2787a2efcb50c/usr/lib/kernel-overlays/base/lib/modules/5.15.196/kernel/drivers/media/usb/dvb-usb/dvb-usb-umt-010.ko
2026-09-27T02:40:07.1729428Z   INSTALL /home/runner/work/_temp/work/ce/build.CoreELEC-Amlogic-no.aarch64-22/install_pkg/linux-69e87fa40cc3a04bf91d92e388d2787a2efcb50c/usr/lib/kernel-overlays/base/lib/modules/5.15.196/kernel/drivers/media/usb/dvb-usb/dvb-usb-vp7045.ko
2026-09-27T02:40:07.1775465Z   INSTALL /home/runner/work/_temp/work/ce/build.CoreELEC-Amlogic-no.aarch64-22/install_pkg/linux-69e87fa40cc3a04bf91d92e388d2787a2efcb50c/usr/lib/kernel-overlays/base/lib/modules/5.15.196/kernel/drivers/media/usb/dvb-usb/dvb-usb.ko
2026-09-27T02:40:07.1788987Z   INSTALL /home/runner/work/_temp/work/ce/build.CoreELEC-Amlogic-no.aarch64-22/install_pkg/linux-69e87fa40cc3a04bf91d92e388d2787a2efcb50c/usr/lib/kernel-overlays/base/lib/modules/5.15.196/kernel/drivers/media/usb/em28xx/em28xx-alsa.ko
2026-09-27T02:40:07.1802718Z   INSTALL /home/runner/work/_temp/work/ce/build.CoreELEC-Amlogic-no.aarch64-22/install_pkg/linux-69e87fa40cc3a04bf91d92e388d2787a2efcb50c/usr/lib/kernel-overlays/base/lib/modules/5.15.196/kernel/drivers/media/usb/em28xx/em28xx-dvb.ko
2026-09-27T02:40:07.1805135Z   INSTALL /home/runner/work/_temp/work/ce/build.CoreELEC-Amlogic-no.aarch64-22/install_pkg/linux-69e87fa40cc3a04bf91d92e388d2787a2efcb50c/usr/lib/kernel-overlays/base/lib/modules/5.15.196/kernel/drivers/media/usb/em28xx/em28xx-v4l.ko
2026-09-27T02:40:07.1848115Z   INSTALL /home/runner/work/_temp/work/ce/build.CoreELEC-Amlogic-no.aarch64-22/install_pkg/linux-69e87fa40cc3a04bf91d92e388d2787a2efcb50c/usr/lib/kernel-overlays/base/lib/modules/5.15.196/kernel/drivers/media/usb/em28xx/em28xx.ko
2026-09-27T02:40:07.1850044Z   INSTALL /home/runner/work/_temp/work/ce/build.CoreELEC-Amlogic-no.aarch64-22/install_pkg/linux-69e87fa40cc3a04bf91d92e388d2787a2efcb50c/usr/lib/kernel-overlays/base/lib/modules/5.15.196/kernel/drivers/media/usb/hdpvr/hdpvr.ko
2026-09-27T02:40:07.1885053Z   INSTALL /home/runner/work/_temp/work/ce/build.CoreELEC-Amlogic-no.aarch64-22/install_pkg/linux-69e87fa40cc3a04bf91d92e388d2787a2efcb50c/usr/lib/kernel-overlays/base/lib/modules/5.15.196/kernel/drivers/media/usb/pvrusb2/pvrusb2.ko
2026-09-27T02:40:07.1914057Z   INSTALL /home/runner/work/_temp/work/ce/build.CoreELEC-Amlogic-no.aarch64-22/install_pkg/linux-69e87fa40cc3a04bf91d92e388d2787a2efcb50c/usr/lib/kernel-overlays/base/lib/modules/5.15.196/kernel/drivers/media/usb/siano/smsusb.ko
2026-09-27T02:40:07.1940865Z   INSTALL /home/runner/work/_temp/work/ce/build.CoreELEC-Amlogic-no.aarch64-22/install_pkg/linux-69e87fa40cc3a04bf91d92e388d2787a2efcb50c/usr/lib/kernel-overlays/base/lib/modules/5.15.196/kernel/drivers/media/usb/stk1160/stk1160.ko
2026-09-27T02:40:07.1962657Z   INSTALL /home/runner/work/_temp/work/ce/build.CoreELEC-Amlogic-no.aarch64-22/install_pkg/linux-69e87fa40cc3a04bf91d92e388d2787a2efcb50c/usr/lib/kernel-overlays/base/lib/modules/5.15.196/kernel/drivers/media/usb/tm6000/tm6000-alsa.ko
2026-09-27T02:40:07.1974888Z   INSTALL /home/runner/work/_temp/work/ce/build.CoreELEC-Amlogic-no.aarch64-22/install_pkg/linux-69e87fa40cc3a04bf91d92e388d2787a2efcb50c/usr/lib/kernel-overlays/base/lib/modules/5.15.196/kernel/drivers/media/usb/tm6000/tm6000-dvb.ko
2026-09-27T02:40:07.1989996Z   INSTALL /home/runner/work/_temp/work/ce/build.CoreELEC-Amlogic-no.aarch64-22/install_pkg/linux-69e87fa40cc3a04bf91d92e388d2787a2efcb50c/usr/lib/kernel-overlays/base/lib/modules/5.15.196/kernel/drivers/media/usb/tm6000/tm6000.ko
2026-09-27T02:40:07.2015777Z   INSTALL /home/runner/work/_temp/work/ce/build.CoreELEC-Amlogic-no.aarch64-22/install_pkg/linux-69e87fa40cc3a04bf91d92e388d2787a2efcb50c/usr/lib/kernel-overlays/base/lib/modules/5.15.196/kernel/drivers/media/usb/ttusb-budget/dvb-ttusb-budget.ko
2026-09-27T02:40:07.2037972Z   INSTALL /home/runner/work/_temp/work/ce/build.CoreELEC-Amlogic-no.aarch64-22/install_pkg/linux-69e87fa40cc3a04bf91d92e388d2787a2efcb50c/usr/lib/kernel-overlays/base/lib/modules/5.15.196/kernel/drivers/media/usb/ttusb-dec/ttusbdecfe.ko
2026-09-27T02:40:07.2043347Z   INSTALL /home/runner/work/_temp/work/ce/build.CoreELEC-Amlogic-no.aarch64-22/install_pkg/linux-69e87fa40cc3a04bf91d92e388d2787a2efcb50c/usr/lib/kernel-overlays/base/lib/modules/5.15.196/kernel/drivers/media/usb/ttusb-dec/ttusb_dec.ko
2026-09-27T02:40:07.2061532Z   INSTALL /home/runner/work/_temp/work/ce/build.CoreELEC-Amlogic-no.aarch64-22/install_pkg/linux-69e87fa40cc3a04bf91d92e388d2787a2efcb50c/usr/lib/kernel-overlays/base/lib/modules/5.15.196/kernel/drivers/media/v4l2-core/tuner.ko
2026-09-27T02:40:07.2090819Z   INSTALL /home/runner/work/_temp/work/ce/build.CoreELEC-Amlogic-no.aarch64-22/install_pkg/linux-69e87fa40cc3a04bf91d92e388d2787a2efcb50c/usr/lib/kernel-overlays/base/lib/modules/5.15.196/kernel/drivers/misc/eeprom/eeprom_93cx6.ko
2026-09-27T02:40:07.2092124Z   INSTALL /home/runner/work/_temp/work/ce/build.CoreELEC-Amlogic-no.aarch64-22/install_pkg/linux-69e87fa40cc3a04bf91d92e388d2787a2efcb50c/usr/lib/kernel-overlays/base/lib/modules/5.15.196/kernel/drivers/mux/mux-adg792a.ko
2026-09-27T02:40:07.2119469Z   INSTALL /home/runner/work/_temp/work/ce/build.CoreELEC-Amlogic-no.aarch64-22/install_pkg/linux-69e87fa40cc3a04bf91d92e388d2787a2efcb50c/usr/lib/kernel-overlays/base/lib/modules/5.15.196/kernel/drivers/mux/mux-adgs1408.ko
2026-09-27T02:40:07.2126488Z   INSTALL /home/runner/work/_temp/work/ce/build.CoreELEC-Amlogic-no.aarch64-22/install_pkg/linux-69e87fa40cc3a04bf91d92e388d2787a2efcb50c/usr/lib/kernel-overlays/base/lib/modules/5.15.196/kernel/drivers/mux/mux-core.ko
2026-09-27T02:40:07.2147874Z   INSTALL /home/runner/work/_temp/work/ce/build.CoreELEC-Amlogic-no.aarch64-22/install_pkg/linux-69e87fa40cc3a04bf91d92e388d2787a2efcb50c/usr/lib/kernel-overlays/base/lib/modules/5.15.196/kernel/drivers/mux/mux-gpio.ko
2026-09-27T02:40:07.2161929Z   INSTALL /home/runner/work/_temp/work/ce/build.CoreELEC-Amlogic-no.aarch64-22/install_pkg/linux-69e87fa40cc3a04bf91d92e388d2787a2efcb50c/usr/lib/kernel-overlays/base/lib/modules/5.15.196/kernel/drivers/mux/mux-mmio.ko
2026-09-27T02:40:07.2163651Z   INSTALL /home/runner/work/_temp/work/ce/build.CoreELEC-Amlogic-no.aarch64-22/install_pkg/linux-69e87fa40cc3a04bf91d92e388d2787a2efcb50c/usr/lib/kernel-overlays/base/lib/modules/5.15.196/kernel/drivers/net/dummy.ko
2026-09-27T02:40:07.2198811Z   INSTALL /home/runner/work/_temp/work/ce/build.CoreELEC-Amlogic-no.aarch64-22/install_pkg/linux-69e87fa40cc3a04bf91d92e388d2787a2efcb50c/usr/lib/kernel-overlays/base/lib/modules/5.15.196/kernel/drivers/net/ifb.ko
2026-09-27T02:40:07.2204892Z   INSTALL /home/runner/work/_temp/work/ce/build.CoreELEC-Amlogic-no.aarch64-22/install_pkg/linux-69e87fa40cc3a04bf91d92e388d2787a2efcb50c/usr/lib/kernel-overlays/base/lib/modules/5.15.196/kernel/drivers/net/ipvlan/ipvlan.ko
2026-09-27T02:40:07.2206992Z   INSTALL /home/runner/work/_temp/work/ce/build.CoreELEC-Amlogic-no.aarch64-22/install_pkg/linux-69e87fa40cc3a04bf91d92e388d2787a2efcb50c/usr/lib/kernel-overlays/base/lib/modules/5.15.196/kernel/drivers/net/ipvlan/ipvtap.ko
2026-09-27T02:40:07.2223518Z   INSTALL /home/runner/work/_temp/work/ce/build.CoreELEC-Amlogic-no.aarch64-22/install_pkg/linux-69e87fa40cc3a04bf91d92e388d2787a2efcb50c/usr/lib/kernel-overlays/base/lib/modules/5.15.196/kernel/drivers/net/macvlan.ko
2026-09-27T02:40:07.2240556Z   INSTALL /home/runner/work/_temp/work/ce/build.CoreELEC-Amlogic-no.aarch64-22/install_pkg/linux-69e87fa40cc3a04bf91d92e388d2787a2efcb50c/usr/lib/kernel-overlays/base/lib/modules/5.15.196/kernel/drivers/net/macvtap.ko
2026-09-27T02:40:07.2255484Z   INSTALL /home/runner/work/_temp/work/ce/build.CoreELEC-Amlogic-no.aarch64-22/install_pkg/linux-69e87fa40cc3a04bf91d92e388d2787a2efcb50c/usr/lib/kernel-overlays/base/lib/modules/5.15.196/kernel/drivers/net/phy/ax88796b.ko
2026-09-27T02:40:07.2260009Z   INSTALL /home/runner/work/_temp/work/ce/build.CoreELEC-Amlogic-no.aarch64-22/install_pkg/linux-69e87fa40cc3a04bf91d92e388d2787a2efcb50c/usr/lib/kernel-overlays/base/lib/modules/5.15.196/kernel/drivers/net/phy/microchip.ko
2026-09-27T02:40:07.2271630Z   INSTALL /home/runner/work/_temp/work/ce/build.CoreELEC-Amlogic-no.aarch64-22/install_pkg/linux-69e87fa40cc3a04bf91d92e388d2787a2efcb50c/usr/lib/kernel-overlays/base/lib/modules/5.15.196/kernel/drivers/net/phy/smsc.ko
2026-09-27T02:40:07.2295394Z   INSTALL /home/runner/work/_temp/work/ce/build.CoreELEC-Amlogic-no.aarch64-22/install_pkg/linux-69e87fa40cc3a04bf91d92e388d2787a2efcb50c/usr/lib/kernel-overlays/base/lib/modules/5.15.196/kernel/drivers/net/ppp/bsd_comp.ko
2026-09-27T02:40:07.2317022Z   INSTALL /home/runner/work/_temp/work/ce/build.CoreELEC-Amlogic-no.aarch64-22/install_pkg/linux-69e87fa40cc3a04bf91d92e388d2787a2efcb50c/usr/lib/kernel-overlays/base/lib/modules/5.15.196/kernel/drivers/net/ppp/ppp_deflate.ko
2026-09-27T02:40:07.2327977Z   INSTALL /home/runner/work/_temp/work/ce/build.CoreELEC-Amlogic-no.aarch64-22/install_pkg/linux-69e87fa40cc3a04bf91d92e388d2787a2efcb50c/usr/lib/kernel-overlays/base/lib/modules/5.15.196/kernel/drivers/net/ppp/ppp_mppe.ko
2026-09-27T02:40:07.2340198Z   INSTALL /home/runner/work/_temp/work/ce/build.CoreELEC-Amlogic-no.aarch64-22/install_pkg/linux-69e87fa40cc3a04bf91d92e388d2787a2efcb50c/usr/lib/kernel-overlays/base/lib/modules/5.15.196/kernel/drivers/net/ppp/pppox.ko
2026-09-27T02:40:07.2364533Z   INSTALL /home/runner/work/_temp/work/ce/build.CoreELEC-Amlogic-no.aarch64-22/install_pkg/linux-69e87fa40cc3a04bf91d92e388d2787a2efcb50c/usr/lib/kernel-overlays/base/lib/modules/5.15.196/kernel/drivers/net/ppp/pptp.ko
2026-09-27T02:40:07.2376620Z   INSTALL /home/runner/work/_temp/work/ce/build.CoreELEC-Amlogic-no.aarch64-22/install_pkg/linux-69e87fa40cc3a04bf91d92e388d2787a2efcb50c/usr/lib/kernel-overlays/base/lib/modules/5.15.196/kernel/drivers/net/tap.ko
2026-09-27T02:40:07.2378902Z   INSTALL /home/runner/work/_temp/work/ce/build.CoreELEC-Amlogic-no.aarch64-22/install_pkg/linux-69e87fa40cc3a04bf91d92e388d2787a2efcb50c/usr/lib/kernel-overlays/base/lib/modules/5.15.196/kernel/drivers/net/usb/aqc111.ko
2026-09-27T02:40:07.2392790Z   INSTALL /home/runner/work/_temp/work/ce/build.CoreELEC-Amlogic-no.aarch64-22/install_pkg/linux-69e87fa40cc3a04bf91d92e388d2787a2efcb50c/usr/lib/kernel-overlays/base/lib/modules/5.15.196/kernel/drivers/net/usb/asix.ko
2026-09-27T02:40:07.2416422Z   INSTALL /home/runner/work/_temp/work/ce/build.CoreELEC-Amlogic-no.aarch64-22/install_pkg/linux-69e87fa40cc3a04bf91d92e388d2787a2efcb50c/usr/lib/kernel-overlays/base/lib/modules/5.15.196/kernel/drivers/net/usb/ax88179_178a.ko
2026-09-27T02:40:07.2421033Z   INSTALL /home/runner/work/_temp/work/ce/build.CoreELEC-Amlogic-no.aarch64-22/install_pkg/linux-69e87fa40cc3a04bf91d92e388d2787a2efcb50c/usr/lib/kernel-overlays/base/lib/modules/5.15.196/kernel/drivers/net/usb/catc.ko
2026-09-27T02:40:07.2437173Z   INSTALL /home/runner/work/_temp/work/ce/build.CoreELEC-Amlogic-no.aarch64-22/install_pkg/linux-69e87fa40cc3a04bf91d92e388d2787a2efcb50c/usr/lib/kernel-overlays/base/lib/modules/5.15.196/kernel/drivers/net/usb/cdc_eem.ko
2026-09-27T02:40:07.2459259Z   INSTALL /home/runner/work/_temp/work/ce/build.CoreELEC-Amlogic-no.aarch64-22/install_pkg/linux-69e87fa40cc3a04bf91d92e388d2787a2efcb50c/usr/lib/kernel-overlays/base/lib/modules/5.15.196/kernel/drivers/net/usb/cdc_ether.ko
2026-09-27T02:40:07.2489951Z   INSTALL /home/runner/work/_temp/work/ce/build.CoreELEC-Amlogic-no.aarch64-22/install_pkg/linux-69e87fa40cc3a04bf91d92e388d2787a2efcb50c/usr/lib/kernel-overlays/base/lib/modules/5.15.196/kernel/drivers/net/usb/cdc_mbim.ko
2026-09-27T02:40:07.2493368Z   INSTALL /home/runner/work/_temp/work/ce/build.CoreELEC-Amlogic-no.aarch64-22/install_pkg/linux-69e87fa40cc3a04bf91d92e388d2787a2efcb50c/usr/lib/kernel-overlays/base/lib/modules/5.15.196/kernel/drivers/net/usb/cdc_ncm.ko
2026-09-27T02:40:07.2524951Z   INSTALL /home/runner/work/_temp/work/ce/build.CoreELEC-Amlogic-no.aarch64-22/install_pkg/linux-69e87fa40cc3a04bf91d92e388d2787a2efcb50c/usr/lib/kernel-overlays/base/lib/modules/5.15.196/kernel/drivers/net/usb/cdc_subset.ko
2026-09-27T02:40:07.2527454Z   INSTALL /home/runner/work/_temp/work/ce/build.CoreELEC-Amlogic-no.aarch64-22/install_pkg/linux-69e87fa40cc3a04bf91d92e388d2787a2efcb50c/usr/lib/kernel-overlays/base/lib/modules/5.15.196/kernel/drivers/net/usb/ch9200.ko
2026-09-27T02:40:07.2562059Z   INSTALL /home/runner/work/_temp/work/ce/build.CoreELEC-Amlogic-no.aarch64-22/install_pkg/linux-69e87fa40cc3a04bf91d92e388d2787a2efcb50c/usr/lib/kernel-overlays/base/lib/modules/5.15.196/kernel/drivers/net/usb/dm9601.ko
2026-09-27T02:40:07.2575055Z   INSTALL /home/runner/work/_temp/work/ce/build.CoreELEC-Amlogic-no.aarch64-22/install_pkg/linux-69e87fa40cc3a04bf91d92e388d2787a2efcb50c/usr/lib/kernel-overlays/base/lib/modules/5.15.196/kernel/drivers/net/usb/cx82310_eth.ko
2026-09-27T02:40:07.2577576Z   INSTALL /home/runner/work/_temp/work/ce/build.CoreELEC-Amlogic-no.aarch64-22/install_pkg/linux-69e87fa40cc3a04bf91d92e388d2787a2efcb50c/usr/lib/kernel-overlays/base/lib/modules/5.15.196/kernel/drivers/net/usb/gl620a.ko
2026-09-27T02:40:07.2609445Z   INSTALL /home/runner/work/_temp/work/ce/build.CoreELEC-Amlogic-no.aarch64-22/install_pkg/linux-69e87fa40cc3a04bf91d92e388d2787a2efcb50c/usr/lib/kernel-overlays/base/lib/modules/5.15.196/kernel/drivers/net/usb/hso.ko
2026-09-27T02:40:07.2650063Z   INSTALL /home/runner/work/_temp/work/ce/build.CoreELEC-Amlogic-no.aarch64-22/install_pkg/linux-69e87fa40cc3a04bf91d92e388d2787a2efcb50c/usr/lib/kernel-overlays/base/lib/modules/5.15.196/kernel/drivers/net/usb/huawei_cdc_ncm.ko
2026-09-27T02:40:07.2652638Z   INSTALL /home/runner/work/_temp/work/ce/build.CoreELEC-Amlogic-no.aarch64-22/install_pkg/linux-69e87fa40cc3a04bf91d92e388d2787a2efcb50c/usr/lib/kernel-overlays/base/lib/modules/5.15.196/kernel/drivers/net/usb/int51x1.ko
2026-09-27T02:40:07.2654327Z   INSTALL /home/runner/work/_temp/work/ce/build.CoreELEC-Amlogic-no.aarch64-22/install_pkg/linux-69e87fa40cc3a04bf91d92e388d2787a2efcb50c/usr/lib/kernel-overlays/base/lib/modules/5.15.196/kernel/drivers/net/usb/ipheth.ko
2026-09-27T02:40:07.2678760Z   INSTALL /home/runner/work/_temp/work/ce/build.CoreELEC-Amlogic-no.aarch64-22/install_pkg/linux-69e87fa40cc3a04bf91d92e388d2787a2efcb50c/usr/lib/kernel-overlays/base/lib/modules/5.15.196/kernel/drivers/net/usb/kalmia.ko
2026-09-27T02:40:07.2699743Z   INSTALL /home/runner/work/_temp/work/ce/build.CoreELEC-Amlogic-no.aarch64-22/install_pkg/linux-69e87fa40cc3a04bf91d92e388d2787a2efcb50c/usr/lib/kernel-overlays/base/lib/modules/5.15.196/kernel/drivers/net/usb/kaweth.ko
2026-09-27T02:40:07.2703264Z   INSTALL /home/runner/work/_temp/work/ce/build.CoreELEC-Amlogic-no.aarch64-22/install_pkg/linux-69e87fa40cc3a04bf91d92e388d2787a2efcb50c/usr/lib/kernel-overlays/base/lib/modules/5.15.196/kernel/drivers/net/usb/lan78xx.ko
2026-09-27T02:40:07.2728668Z   INSTALL /home/runner/work/_temp/work/ce/build.CoreELEC-Amlogic-no.aarch64-22/install_pkg/linux-69e87fa40cc3a04bf91d92e388d2787a2efcb50c/usr/lib/kernel-overlays/base/lib/modules/5.15.196/kernel/drivers/net/usb/lg-vl600.ko
2026-09-27T02:40:07.2740834Z   INSTALL /home/runner/work/_temp/work/ce/build.CoreELEC-Amlogic-no.aarch64-22/install_pkg/linux-69e87fa40cc3a04bf91d92e388d2787a2efcb50c/usr/lib/kernel-overlays/base/lib/modules/5.15.196/kernel/drivers/net/usb/mcs7830.ko
2026-09-27T02:40:07.2753406Z   INSTALL /home/runner/work/_temp/work/ce/build.CoreELEC-Amlogic-no.aarch64-22/install_pkg/linux-69e87fa40cc3a04bf91d92e388d2787a2efcb50c/usr/lib/kernel-overlays/base/lib/modules/5.15.196/kernel/drivers/net/usb/net1080.ko
2026-09-27T02:40:07.2775064Z   INSTALL /home/runner/work/_temp/work/ce/build.CoreELEC-Amlogic-no.aarch64-22/install_pkg/linux-69e87fa40cc3a04bf91d92e388d2787a2efcb50c/usr/lib/kernel-overlays/base/lib/modules/5.15.196/kernel/drivers/net/usb/pegasus.ko
2026-09-27T02:40:07.2779491Z   INSTALL /home/runner/work/_temp/work/ce/build.CoreELEC-Amlogic-no.aarch64-22/install_pkg/linux-69e87fa40cc3a04bf91d92e388d2787a2efcb50c/usr/lib/kernel-overlays/base/lib/modules/5.15.196/kernel/drivers/net/usb/plusb.ko
2026-09-27T02:40:07.2793987Z   INSTALL /home/runner/work/_temp/work/ce/build.CoreELEC-Amlogic-no.aarch64-22/install_pkg/linux-69e87fa40cc3a04bf91d92e388d2787a2efcb50c/usr/lib/kernel-overlays/base/lib/modules/5.15.196/kernel/drivers/net/usb/qmi_wwan.ko
2026-09-27T02:40:07.2816655Z   INSTALL /home/runner/work/_temp/work/ce/build.CoreELEC-Amlogic-no.aarch64-22/install_pkg/linux-69e87fa40cc3a04bf91d92e388d2787a2efcb50c/usr/lib/kernel-overlays/base/lib/modules/5.15.196/kernel/drivers/net/usb/r8152.ko
2026-09-27T02:40:07.2834414Z   INSTALL /home/runner/work/_temp/work/ce/build.CoreELEC-Amlogic-no.aarch64-22/install_pkg/linux-69e87fa40cc3a04bf91d92e388d2787a2efcb50c/usr/lib/kernel-overlays/base/lib/modules/5.15.196/kernel/drivers/net/usb/r8153_ecm.ko
2026-09-27T02:40:07.2843784Z   INSTALL /home/runner/work/_temp/work/ce/build.CoreELEC-Amlogic-no.aarch64-22/install_pkg/linux-69e87fa40cc3a04bf91d92e388d2787a2efcb50c/usr/lib/kernel-overlays/base/lib/modules/5.15.196/kernel/drivers/net/usb/rndis_host.ko
2026-09-27T02:40:07.2849328Z   INSTALL /home/runner/work/_temp/work/ce/build.CoreELEC-Amlogic-no.aarch64-22/install_pkg/linux-69e87fa40cc3a04bf91d92e388d2787a2efcb50c/usr/lib/kernel-overlays/base/lib/modules/5.15.196/kernel/drivers/net/usb/rtl8150.ko
2026-09-27T02:40:07.2865694Z   INSTALL /home/runner/work/_temp/work/ce/build.CoreELEC-Amlogic-no.aarch64-22/install_pkg/linux-69e87fa40cc3a04bf91d92e388d2787a2efcb50c/usr/lib/kernel-overlays/base/lib/modules/5.15.196/kernel/drivers/net/usb/sierra_net.ko
2026-09-27T02:40:07.2889091Z   INSTALL /home/runner/work/_temp/work/ce/build.CoreELEC-Amlogic-no.aarch64-22/install_pkg/linux-69e87fa40cc3a04bf91d92e388d2787a2efcb50c/usr/lib/kernel-overlays/base/lib/modules/5.15.196/kernel/drivers/net/usb/smsc75xx.ko
2026-09-27T02:40:07.2913145Z   INSTALL /home/runner/work/_temp/work/ce/build.CoreELEC-Amlogic-no.aarch64-22/install_pkg/linux-69e87fa40cc3a04bf91d92e388d2787a2efcb50c/usr/lib/kernel-overlays/base/lib/modules/5.15.196/kernel/drivers/net/usb/smsc95xx.ko
2026-09-27T02:40:07.2917059Z   INSTALL /home/runner/work/_temp/work/ce/build.CoreELEC-Amlogic-no.aarch64-22/install_pkg/linux-69e87fa40cc3a04bf91d92e388d2787a2efcb50c/usr/lib/kernel-overlays/base/lib/modules/5.15.196/kernel/drivers/net/usb/sr9700.ko
2026-09-27T02:40:07.2924788Z   INSTALL /home/runner/work/_temp/work/ce/build.CoreELEC-Amlogic-no.aarch64-22/install_pkg/linux-69e87fa40cc3a04bf91d92e388d2787a2efcb50c/usr/lib/kernel-overlays/base/lib/modules/5.15.196/kernel/drivers/net/usb/sr9800.ko
2026-09-27T02:40:07.2949042Z   INSTALL /home/runner/work/_temp/work/ce/build.CoreELEC-Amlogic-no.aarch64-22/install_pkg/linux-69e87fa40cc3a04bf91d92e388d2787a2efcb50c/usr/lib/kernel-overlays/base/lib/modules/5.15.196/kernel/drivers/net/usb/usbnet.ko
2026-09-27T02:40:07.2954082Z   INSTALL /home/runner/work/_temp/work/ce/build.CoreELEC-Amlogic-no.aarch64-22/install_pkg/linux-69e87fa40cc3a04bf91d92e388d2787a2efcb50c/usr/lib/kernel-overlays/base/lib/modules/5.15.196/kernel/drivers/net/usb/zaurus.ko
2026-09-27T02:40:07.2992403Z   INSTALL /home/runner/work/_temp/work/ce/build.CoreELEC-Amlogic-no.aarch64-22/install_pkg/linux-69e87fa40cc3a04bf91d92e388d2787a2efcb50c/usr/lib/kernel-overlays/base/lib/modules/5.15.196/kernel/drivers/net/veth.ko
2026-09-27T02:40:07.3002908Z   INSTALL /home/runner/work/_temp/work/ce/build.CoreELEC-Amlogic-no.aarch64-22/install_pkg/linux-69e87fa40cc3a04bf91d92e388d2787a2efcb50c/usr/lib/kernel-overlays/base/lib/modules/5.15.196/kernel/drivers/net/vrf.ko
2026-09-27T02:40:07.3005209Z   INSTALL /home/runner/work/_temp/work/ce/build.CoreELEC-Amlogic-no.aarch64-22/install_pkg/linux-69e87fa40cc3a04bf91d92e388d2787a2efcb50c/usr/lib/kernel-overlays/base/lib/modules/5.15.196/kernel/drivers/net/vxlan/vxlan.ko
2026-09-27T02:40:07.3017535Z   INSTALL /home/runner/work/_temp/work/ce/build.CoreELEC-Amlogic-no.aarch64-22/install_pkg/linux-69e87fa40cc3a04bf91d92e388d2787a2efcb50c/usr/lib/kernel-overlays/base/lib/modules/5.15.196/kernel/drivers/net/wireguard/wireguard.ko
2026-09-27T02:40:07.3049852Z   INSTALL /home/runner/work/_temp/work/ce/build.CoreELEC-Amlogic-no.aarch64-22/install_pkg/linux-69e87fa40cc3a04bf91d92e388d2787a2efcb50c/usr/lib/kernel-overlays/base/lib/modules/5.15.196/kernel/drivers/net/wireless/ath/ar5523/ar5523.ko
2026-09-27T02:40:07.3071525Z   INSTALL /home/runner/work/_temp/work/ce/build.CoreELEC-Amlogic-no.aarch64-22/install_pkg/linux-69e87fa40cc3a04bf91d92e388d2787a2efcb50c/usr/lib/kernel-overlays/base/lib/modules/5.15.196/kernel/drivers/net/wireless/ath/ath10k/ath10k_core.ko
2026-09-27T02:40:07.3073783Z   INSTALL /home/runner/work/_temp/work/ce/build.CoreELEC-Amlogic-no.aarch64-22/install_pkg/linux-69e87fa40cc3a04bf91d92e388d2787a2efcb50c/usr/lib/kernel-overlays/base/lib/modules/5.15.196/kernel/drivers/net/wireless/ath/ath.ko
2026-09-27T02:40:07.3091372Z   INSTALL /home/runner/work/_temp/work/ce/build.CoreELEC-Amlogic-no.aarch64-22/install_pkg/linux-69e87fa40cc3a04bf91d92e388d2787a2efcb50c/usr/lib/kernel-overlays/base/lib/modules/5.15.196/kernel/drivers/net/wireless/ath/ath10k/ath10k_sdio.ko
2026-09-27T02:40:07.3131888Z   INSTALL /home/runner/work/_temp/work/ce/build.CoreELEC-Amlogic-no.aarch64-22/install_pkg/linux-69e87fa40cc3a04bf91d92e388d2787a2efcb50c/usr/lib/kernel-overlays/base/lib/modules/5.15.196/kernel/drivers/net/wireless/ath/ath10k/ath10k_usb.ko
2026-09-27T02:40:07.3142972Z   INSTALL /home/runner/work/_temp/work/ce/build.CoreELEC-Amlogic-no.aarch64-22/install_pkg/linux-69e87fa40cc3a04bf91d92e388d2787a2efcb50c/usr/lib/kernel-overlays/base/lib/modules/5.15.196/kernel/drivers/net/wireless/ath/ath6kl/ath6kl_core.ko
2026-09-27T02:40:07.3151244Z   INSTALL /home/runner/work/_temp/work/ce/build.CoreELEC-Amlogic-no.aarch64-22/install_pkg/linux-69e87fa40cc3a04bf91d92e388d2787a2efcb50c/usr/lib/kernel-overlays/base/lib/modules/5.15.196/kernel/drivers/net/wireless/ath/ath6kl/ath6kl_sdio.ko
2026-09-27T02:40:07.3173363Z   INSTALL /home/runner/work/_temp/work/ce/build.CoreELEC-Amlogic-no.aarch64-22/install_pkg/linux-69e87fa40cc3a04bf91d92e388d2787a2efcb50c/usr/lib/kernel-overlays/base/lib/modules/5.15.196/kernel/drivers/net/wireless/ath/ath6kl/ath6kl_usb.ko
2026-09-27T02:40:07.3283372Z   INSTALL /home/runner/work/_temp/work/ce/build.CoreELEC-Amlogic-no.aarch64-22/install_pkg/linux-69e87fa40cc3a04bf91d92e388d2787a2efcb50c/usr/lib/kernel-overlays/base/lib/modules/5.15.196/kernel/drivers/net/wireless/ath/ath9k/ath9k.ko
2026-09-27T02:40:07.3287400Z   INSTALL /home/runner/work/_temp/work/ce/build.CoreELEC-Amlogic-no.aarch64-22/install_pkg/linux-69e87fa40cc3a04bf91d92e388d2787a2efcb50c/usr/lib/kernel-overlays/base/lib/modules/5.15.196/kernel/drivers/net/wireless/ath/ath9k/ath9k_common.ko
2026-09-27T02:40:07.3315413Z   INSTALL /home/runner/work/_temp/work/ce/build.CoreELEC-Amlogic-no.aarch64-22/install_pkg/linux-69e87fa40cc3a04bf91d92e388d2787a2efcb50c/usr/lib/kernel-overlays/base/lib/modules/5.15.196/kernel/drivers/net/wireless/ath/ath9k/ath9k_htc.ko
2026-09-27T02:40:07.3316951Z   INSTALL /home/runner/work/_temp/work/ce/build.CoreELEC-Amlogic-no.aarch64-22/install_pkg/linux-69e87fa40cc3a04bf91d92e388d2787a2efcb50c/usr/lib/kernel-overlays/base/lib/modules/5.15.196/kernel/drivers/net/wireless/ath/ath9k/ath9k_hw.ko
2026-09-27T02:40:07.3361754Z   INSTALL /home/runner/work/_temp/work/ce/build.CoreELEC-Amlogic-no.aarch64-22/install_pkg/linux-69e87fa40cc3a04bf91d92e388d2787a2efcb50c/usr/lib/kernel-overlays/base/lib/modules/5.15.196/kernel/drivers/net/wireless/ath/carl9170/carl9170.ko
2026-09-27T02:40:07.3364122Z   INSTALL /home/runner/work/_temp/work/ce/build.CoreELEC-Amlogic-no.aarch64-22/install_pkg/linux-69e87fa40cc3a04bf91d92e388d2787a2efcb50c/usr/lib/kernel-overlays/base/lib/modules/5.15.196/kernel/drivers/net/wireless/ath/wcn36xx/wcn36xx.ko
2026-09-27T02:40:07.3415142Z   INSTALL /home/runner/work/_temp/work/ce/build.CoreELEC-Amlogic-no.aarch64-22/install_pkg/linux-69e87fa40cc3a04bf91d92e388d2787a2efcb50c/usr/lib/kernel-overlays/base/lib/modules/5.15.196/kernel/drivers/net/wireless/mediatek/mt7601u/mt7601u.ko
2026-09-27T02:40:07.3498588Z   INSTALL /home/runner/work/_temp/work/ce/build.CoreELEC-Amlogic-no.aarch64-22/install_pkg/linux-69e87fa40cc3a04bf91d92e388d2787a2efcb50c/usr/lib/kernel-overlays/base/lib/modules/5.15.196/kernel/drivers/net/wireless/ralink/rt2x00/rt2500usb.ko
2026-09-27T02:40:07.3627934Z   INSTALL /home/runner/work/_temp/work/ce/build.CoreELEC-Amlogic-no.aarch64-22/install_pkg/linux-69e87fa40cc3a04bf91d92e388d2787a2efcb50c/usr/lib/kernel-overlays/base/lib/modules/5.15.196/kernel/drivers/net/wireless/ralink/rt2x00/rt2800lib.ko
2026-09-27T02:40:07.3639680Z   INSTALL /home/runner/work/_temp/work/ce/build.CoreELEC-Amlogic-no.aarch64-22/install_pkg/linux-69e87fa40cc3a04bf91d92e388d2787a2efcb50c/usr/lib/kernel-overlays/base/lib/modules/5.15.196/kernel/drivers/net/wireless/ralink/rt2x00/rt2800usb.ko
2026-09-27T02:40:07.3643034Z   INSTALL /home/runner/work/_temp/work/ce/build.CoreELEC-Amlogic-no.aarch64-22/install_pkg/linux-69e87fa40cc3a04bf91d92e388d2787a2efcb50c/usr/lib/kernel-overlays/base/lib/modules/5.15.196/kernel/drivers/net/wireless/ralink/rt2x00/rt2x00lib.ko
2026-09-27T02:40:07.3657872Z   INSTALL /home/runner/work/_temp/work/ce/build.CoreELEC-Amlogic-no.aarch64-22/install_pkg/linux-69e87fa40cc3a04bf91d92e388d2787a2efcb50c/usr/lib/kernel-overlays/base/lib/modules/5.15.196/kernel/drivers/net/wireless/ralink/rt2x00/rt2x00usb.ko
2026-09-27T02:40:07.3714508Z   INSTALL /home/runner/work/_temp/work/ce/build.CoreELEC-Amlogic-no.aarch64-22/install_pkg/linux-69e87fa40cc3a04bf91d92e388d2787a2efcb50c/usr/lib/kernel-overlays/base/lib/modules/5.15.196/kernel/drivers/net/wireless/ralink/rt2x00/rt73usb.ko
2026-09-27T02:40:07.3725133Z   INSTALL /home/runner/work/_temp/work/ce/build.CoreELEC-Amlogic-no.aarch64-22/install_pkg/linux-69e87fa40cc3a04bf91d92e388d2787a2efcb50c/usr/lib/kernel-overlays/base/lib/modules/5.15.196/kernel/drivers/net/wireless/realtek/rtl818x/rtl8187/rtl8187.ko
2026-09-27T02:40:07.3728070Z   INSTALL /home/runner/work/_temp/work/ce/build.CoreELEC-Amlogic-no.aarch64-22/install_pkg/linux-69e87fa40cc3a04bf91d92e388d2787a2efcb50c/usr/lib/kernel-overlays/base/lib/modules/5.15.196/kernel/drivers/net/wireless/realtek/rtl8xxxu/rtl8xxxu.ko
2026-09-27T02:40:07.3754718Z   INSTALL /home/runner/work/_temp/work/ce/build.CoreELEC-Amlogic-no.aarch64-22/install_pkg/linux-69e87fa40cc3a04bf91d92e388d2787a2efcb50c/usr/lib/kernel-overlays/base/lib/modules/5.15.196/kernel/drivers/net/wireless/realtek/rtlwifi/btcoexist/btcoexist.ko
2026-09-27T02:40:07.3770651Z   INSTALL /home/runner/work/_temp/work/ce/build.CoreELEC-Amlogic-no.aarch64-22/install_pkg/linux-69e87fa40cc3a04bf91d92e388d2787a2efcb50c/usr/lib/kernel-overlays/base/lib/modules/5.15.196/kernel/drivers/net/wireless/realtek/rtlwifi/rtl8188ee/rtl8188ee.ko
2026-09-27T02:40:07.3785358Z   INSTALL /home/runner/work/_temp/work/ce/build.CoreELEC-Amlogic-no.aarch64-22/install_pkg/linux-69e87fa40cc3a04bf91d92e388d2787a2efcb50c/usr/lib/kernel-overlays/base/lib/modules/5.15.196/kernel/drivers/net/wireless/realtek/rtlwifi/rtl8192c/rtl8192c-common.ko
2026-09-27T02:40:07.3802136Z   INSTALL /home/runner/work/_temp/work/ce/build.CoreELEC-Amlogic-no.aarch64-22/install_pkg/linux-69e87fa40cc3a04bf91d92e388d2787a2efcb50c/usr/lib/kernel-overlays/base/lib/modules/5.15.196/kernel/drivers/net/wireless/realtek/rtlwifi/rtl8192ce/rtl8192ce.ko
2026-09-27T02:40:07.3828131Z   INSTALL /home/runner/work/_temp/work/ce/build.CoreELEC-Amlogic-no.aarch64-22/install_pkg/linux-69e87fa40cc3a04bf91d92e388d2787a2efcb50c/usr/lib/kernel-overlays/base/lib/modules/5.15.196/kernel/drivers/net/wireless/realtek/rtlwifi/rtl8192cu/rtl8192cu.ko
2026-09-27T02:40:07.3844990Z   INSTALL /home/runner/work/_temp/work/ce/build.CoreELEC-Amlogic-no.aarch64-22/install_pkg/linux-69e87fa40cc3a04bf91d92e388d2787a2efcb50c/usr/lib/kernel-overlays/base/lib/modules/5.15.196/kernel/drivers/net/wireless/realtek/rtlwifi/rtl8192de/rtl8192de.ko
2026-09-27T02:40:07.3878509Z   INSTALL /home/runner/work/_temp/work/ce/build.CoreELEC-Amlogic-no.aarch64-22/install_pkg/linux-69e87fa40cc3a04bf91d92e388d2787a2efcb50c/usr/lib/kernel-overlays/base/lib/modules/5.15.196/kernel/drivers/net/wireless/realtek/rtlwifi/rtl8192ee/rtl8192ee.ko
2026-09-27T02:40:07.3894012Z   INSTALL /home/runner/work/_temp/work/ce/build.CoreELEC-Amlogic-no.aarch64-22/install_pkg/linux-69e87fa40cc3a04bf91d92e388d2787a2efcb50c/usr/lib/kernel-overlays/base/lib/modules/5.15.196/kernel/drivers/net/wireless/realtek/rtlwifi/rtl8192se/rtl8192se.ko
2026-09-27T02:40:07.3907659Z   INSTALL /home/runner/work/_temp/work/ce/build.CoreELEC-Amlogic-no.aarch64-22/install_pkg/linux-69e87fa40cc3a04bf91d92e388d2787a2efcb50c/usr/lib/kernel-overlays/base/lib/modules/5.15.196/kernel/drivers/net/wireless/realtek/rtlwifi/rtl8723ae/rtl8723ae.ko
2026-09-27T02:40:07.3929805Z   INSTALL /home/runner/work/_temp/work/ce/build.CoreELEC-Amlogic-no.aarch64-22/install_pkg/linux-69e87fa40cc3a04bf91d92e388d2787a2efcb50c/usr/lib/kernel-overlays/base/lib/modules/5.15.196/kernel/drivers/net/wireless/realtek/rtlwifi/rtl8723be/rtl8723be.ko
2026-09-27T02:40:07.3962987Z   INSTALL /home/runner/work/_temp/work/ce/build.CoreELEC-Amlogic-no.aarch64-22/install_pkg/linux-69e87fa40cc3a04bf91d92e388d2787a2efcb50c/usr/lib/kernel-overlays/base/lib/modules/5.15.196/kernel/drivers/net/wireless/realtek/rtlwifi/rtl8723com/rtl8723-common.ko
2026-09-27T02:40:07.3977041Z   INSTALL /home/runner/work/_temp/work/ce/build.CoreELEC-Amlogic-no.aarch64-22/install_pkg/linux-69e87fa40cc3a04bf91d92e388d2787a2efcb50c/usr/lib/kernel-overlays/base/lib/modules/5.15.196/kernel/drivers/net/wireless/realtek/rtlwifi/rtl8821ae/rtl8821ae.ko
2026-09-27T02:40:07.4043545Z   INSTALL /home/runner/work/_temp/work/ce/build.CoreELEC-Amlogic-no.aarch64-22/install_pkg/linux-69e87fa40cc3a04bf91d92e388d2787a2efcb50c/usr/lib/kernel-overlays/base/lib/modules/5.15.196/kernel/drivers/net/wireless/realtek/rtlwifi/rtl_pci.ko
2026-09-27T02:40:07.4052807Z   INSTALL /home/runner/work/_temp/work/ce/build.CoreELEC-Amlogic-no.aarch64-22/install_pkg/linux-69e87fa40cc3a04bf91d92e388d2787a2efcb50c/usr/lib/kernel-overlays/base/lib/modules/5.15.196/kernel/drivers/net/wireless/realtek/rtlwifi/rtl_usb.ko
2026-09-27T02:40:07.4080111Z   INSTALL /home/runner/work/_temp/work/ce/build.CoreELEC-Amlogic-no.aarch64-22/install_pkg/linux-69e87fa40cc3a04bf91d92e388d2787a2efcb50c/usr/lib/kernel-overlays/base/lib/modules/5.15.196/kernel/drivers/net/wireless/rndis_wlan.ko
2026-09-27T02:40:07.4082189Z   INSTALL /home/runner/work/_temp/work/ce/build.CoreELEC-Amlogic-no.aarch64-22/install_pkg/linux-69e87fa40cc3a04bf91d92e388d2787a2efcb50c/usr/lib/kernel-overlays/base/lib/modules/5.15.196/kernel/drivers/net/wireless/realtek/rtlwifi/rtlwifi.ko
2026-09-27T02:40:07.4127257Z   INSTALL /home/runner/work/_temp/work/ce/build.CoreELEC-Amlogic-no.aarch64-22/install_pkg/linux-69e87fa40cc3a04bf91d92e388d2787a2efcb50c/usr/lib/kernel-overlays/base/lib/modules/5.15.196/kernel/drivers/net/wireless/zydas/zd1201.ko
2026-09-27T02:40:07.4162325Z   INSTALL /home/runner/work/_temp/work/ce/build.CoreELEC-Amlogic-no.aarch64-22/install_pkg/linux-69e87fa40cc3a04bf91d92e388d2787a2efcb50c/usr/lib/kernel-overlays/base/lib/modules/5.15.196/kernel/drivers/nvme/host/nvme-core.ko
2026-09-27T02:40:07.4176341Z   INSTALL /home/runner/work/_temp/work/ce/build.CoreELEC-Amlogic-no.aarch64-22/install_pkg/linux-69e87fa40cc3a04bf91d92e388d2787a2efcb50c/usr/lib/kernel-overlays/base/lib/modules/5.15.196/kernel/drivers/nvme/host/nvme-fabrics.ko
2026-09-27T02:40:07.4186737Z   INSTALL /home/runner/work/_temp/work/ce/build.CoreELEC-Amlogic-no.aarch64-22/install_pkg/linux-69e87fa40cc3a04bf91d92e388d2787a2efcb50c/usr/lib/kernel-overlays/base/lib/modules/5.15.196/kernel/drivers/nvme/host/nvme-fc.ko
2026-09-27T02:40:07.4196236Z   INSTALL /home/runner/work/_temp/work/ce/build.CoreELEC-Amlogic-no.aarch64-22/install_pkg/linux-69e87fa40cc3a04bf91d92e388d2787a2efcb50c/usr/lib/kernel-overlays/base/lib/modules/5.15.196/kernel/drivers/nvme/host/nvme-tcp.ko
2026-09-27T02:40:07.4227628Z   INSTALL /home/runner/work/_temp/work/ce/build.CoreELEC-Amlogic-no.aarch64-22/install_pkg/linux-69e87fa40cc3a04bf91d92e388d2787a2efcb50c/usr/lib/kernel-overlays/base/lib/modules/5.15.196/kernel/drivers/nvme/host/nvme.ko
2026-09-27T02:40:07.4257794Z   INSTALL /home/runner/work/_temp/work/ce/build.CoreELEC-Amlogic-no.aarch64-22/install_pkg/linux-69e87fa40cc3a04bf91d92e388d2787a2efcb50c/usr/lib/kernel-overlays/base/lib/modules/5.15.196/kernel/drivers/nvme/target/nvme-loop.ko
2026-09-27T02:40:07.4262445Z   INSTALL /home/runner/work/_temp/work/ce/build.CoreELEC-Amlogic-no.aarch64-22/install_pkg/linux-69e87fa40cc3a04bf91d92e388d2787a2efcb50c/usr/lib/kernel-overlays/base/lib/modules/5.15.196/kernel/drivers/nvme/target/nvmet-fc.ko
2026-09-27T02:40:07.4290423Z   INSTALL /home/runner/work/_temp/work/ce/build.CoreELEC-Amlogic-no.aarch64-22/install_pkg/linux-69e87fa40cc3a04bf91d92e388d2787a2efcb50c/usr/lib/kernel-overlays/base/lib/modules/5.15.196/kernel/drivers/nvme/target/nvmet-tcp.ko
2026-09-27T02:40:07.4315077Z   INSTALL /home/runner/work/_temp/work/ce/build.CoreELEC-Amlogic-no.aarch64-22/install_pkg/linux-69e87fa40cc3a04bf91d92e388d2787a2efcb50c/usr/lib/kernel-overlays/base/lib/modules/5.15.196/kernel/drivers/nvme/target/nvmet.ko
2026-09-27T02:40:07.4332166Z   INSTALL /home/runner/work/_temp/work/ce/build.CoreELEC-Amlogic-no.aarch64-22/install_pkg/linux-69e87fa40cc3a04bf91d92e388d2787a2efcb50c/usr/lib/kernel-overlays/base/lib/modules/5.15.196/kernel/drivers/ssb/ssb.ko
2026-09-27T02:40:07.4349349Z   INSTALL /home/runner/work/_temp/work/ce/build.CoreELEC-Amlogic-no.aarch64-22/install_pkg/linux-69e87fa40cc3a04bf91d92e388d2787a2efcb50c/usr/lib/kernel-overlays/base/lib/modules/5.15.196/kernel/drivers/tty/serdev/serdev.ko
2026-09-27T02:40:07.4365053Z   INSTALL /home/runner/work/_temp/work/ce/build.CoreELEC-Amlogic-no.aarch64-22/install_pkg/linux-69e87fa40cc3a04bf91d92e388d2787a2efcb50c/usr/lib/kernel-overlays/base/lib/modules/5.15.196/kernel/drivers/scsi/ch.ko
2026-09-27T02:40:07.4386868Z   INSTALL /home/runner/work/_temp/work/ce/build.CoreELEC-Amlogic-no.aarch64-22/install_pkg/linux-69e87fa40cc3a04bf91d92e388d2787a2efcb50c/usr/lib/kernel-overlays/base/lib/modules/5.15.196/kernel/drivers/usb/class/cdc-acm.ko
2026-09-27T02:40:07.4404168Z   INSTALL /home/runner/work/_temp/work/ce/build.CoreELEC-Amlogic-no.aarch64-22/install_pkg/linux-69e87fa40cc3a04bf91d92e388d2787a2efcb50c/usr/lib/kernel-overlays/base/lib/modules/5.15.196/kernel/drivers/usb/class/cdc-wdm.ko
2026-09-27T02:40:07.4415418Z   INSTALL /home/runner/work/_temp/work/ce/build.CoreELEC-Amlogic-no.aarch64-22/install_pkg/linux-69e87fa40cc3a04bf91d92e388d2787a2efcb50c/usr/lib/kernel-overlays/base/lib/modules/5.15.196/kernel/drivers/usb/misc/ezusb.ko
2026-09-27T02:40:07.4426980Z   INSTALL /home/runner/work/_temp/work/ce/build.CoreELEC-Amlogic-no.aarch64-22/install_pkg/linux-69e87fa40cc3a04bf91d92e388d2787a2efcb50c/usr/lib/kernel-overlays/base/lib/modules/5.15.196/kernel/drivers/usb/serial/aircable.ko
2026-09-27T02:40:07.4455421Z   INSTALL /home/runner/work/_temp/work/ce/build.CoreELEC-Amlogic-no.aarch64-22/install_pkg/linux-69e87fa40cc3a04bf91d92e388d2787a2efcb50c/usr/lib/kernel-overlays/base/lib/modules/5.15.196/kernel/drivers/usb/serial/ark3116.ko
2026-09-27T02:40:07.4468506Z   INSTALL /home/runner/work/_temp/work/ce/build.CoreELEC-Amlogic-no.aarch64-22/install_pkg/linux-69e87fa40cc3a04bf91d92e388d2787a2efcb50c/usr/lib/kernel-overlays/base/lib/modules/5.15.196/kernel/drivers/usb/serial/belkin_sa.ko
2026-09-27T02:40:07.4471022Z   INSTALL /home/runner/work/_temp/work/ce/build.CoreELEC-Amlogic-no.aarch64-22/install_pkg/linux-69e87fa40cc3a04bf91d92e388d2787a2efcb50c/usr/lib/kernel-overlays/base/lib/modules/5.15.196/kernel/drivers/usb/serial/ch341.ko
2026-09-27T02:40:07.4492587Z   INSTALL /home/runner/work/_temp/work/ce/build.CoreELEC-Amlogic-no.aarch64-22/install_pkg/linux-69e87fa40cc3a04bf91d92e388d2787a2efcb50c/usr/lib/kernel-overlays/base/lib/modules/5.15.196/kernel/drivers/usb/serial/cp210x.ko
2026-09-27T02:40:07.4506802Z   INSTALL /home/runner/work/_temp/work/ce/build.CoreELEC-Amlogic-no.aarch64-22/install_pkg/linux-69e87fa40cc3a04bf91d92e388d2787a2efcb50c/usr/lib/kernel-overlays/base/lib/modules/5.15.196/kernel/drivers/usb/serial/cyberjack.ko
2026-09-27T02:40:07.4527414Z   INSTALL /home/runner/work/_temp/work/ce/build.CoreELEC-Amlogic-no.aarch64-22/install_pkg/linux-69e87fa40cc3a04bf91d92e388d2787a2efcb50c/usr/lib/kernel-overlays/base/lib/modules/5.15.196/kernel/drivers/usb/serial/cypress_m8.ko
2026-09-27T02:40:07.4535739Z   INSTALL /home/runner/work/_temp/work/ce/build.CoreELEC-Amlogic-no.aarch64-22/install_pkg/linux-69e87fa40cc3a04bf91d92e388d2787a2efcb50c/usr/lib/kernel-overlays/base/lib/modules/5.15.196/kernel/drivers/usb/serial/digi_acceleport.ko
2026-09-27T02:40:07.4557255Z   INSTALL /home/runner/work/_temp/work/ce/build.CoreELEC-Amlogic-no.aarch64-22/install_pkg/linux-69e87fa40cc3a04bf91d92e388d2787a2efcb50c/usr/lib/kernel-overlays/base/lib/modules/5.15.196/kernel/drivers/usb/serial/empeg.ko
2026-09-27T02:40:07.4570093Z   INSTALL /home/runner/work/_temp/work/ce/build.CoreELEC-Amlogic-no.aarch64-22/install_pkg/linux-69e87fa40cc3a04bf91d92e388d2787a2efcb50c/usr/lib/kernel-overlays/base/lib/modules/5.15.196/kernel/drivers/usb/serial/f81232.ko
2026-09-27T02:40:07.4575019Z   INSTALL /home/runner/work/_temp/work/ce/build.CoreELEC-Amlogic-no.aarch64-22/install_pkg/linux-69e87fa40cc3a04bf91d92e388d2787a2efcb50c/usr/lib/kernel-overlays/base/lib/modules/5.15.196/kernel/drivers/usb/serial/f81534.ko
2026-09-27T02:40:07.4585537Z   INSTALL /home/runner/work/_temp/work/ce/build.CoreELEC-Amlogic-no.aarch64-22/install_pkg/linux-69e87fa40cc3a04bf91d92e388d2787a2efcb50c/usr/lib/kernel-overlays/base/lib/modules/5.15.196/kernel/drivers/usb/serial/ftdi_sio.ko
2026-09-27T02:40:07.4623935Z   INSTALL /home/runner/work/_temp/work/ce/build.CoreELEC-Amlogic-no.aarch64-22/install_pkg/linux-69e87fa40cc3a04bf91d92e388d2787a2efcb50c/usr/lib/kernel-overlays/base/lib/modules/5.15.196/kernel/drivers/usb/serial/garmin_gps.ko
2026-09-27T02:40:07.4632300Z   INSTALL /home/runner/work/_temp/work/ce/build.CoreELEC-Amlogic-no.aarch64-22/install_pkg/linux-69e87fa40cc3a04bf91d92e388d2787a2efcb50c/usr/lib/kernel-overlays/base/lib/modules/5.15.196/kernel/drivers/usb/serial/io_edgeport.ko
2026-09-27T02:40:07.4648679Z   INSTALL /home/runner/work/_temp/work/ce/build.CoreELEC-Amlogic-no.aarch64-22/install_pkg/linux-69e87fa40cc3a04bf91d92e388d2787a2efcb50c/usr/lib/kernel-overlays/base/lib/modules/5.15.196/kernel/drivers/usb/serial/io_ti.ko
2026-09-27T02:40:07.4654846Z   INSTALL /home/runner/work/_temp/work/ce/build.CoreELEC-Amlogic-no.aarch64-22/install_pkg/linux-69e87fa40cc3a04bf91d92e388d2787a2efcb50c/usr/lib/kernel-overlays/base/lib/modules/5.15.196/kernel/drivers/usb/serial/ipaq.ko
2026-09-27T02:40:07.4706295Z   INSTALL /home/runner/work/_temp/work/ce/build.CoreELEC-Amlogic-no.aarch64-22/install_pkg/linux-69e87fa40cc3a04bf91d92e388d2787a2efcb50c/usr/lib/kernel-overlays/base/lib/modules/5.15.196/kernel/drivers/usb/serial/ipw.ko
2026-09-27T02:40:07.4717792Z   INSTALL /home/runner/work/_temp/work/ce/build.CoreELEC-Amlogic-no.aarch64-22/install_pkg/linux-69e87fa40cc3a04bf91d92e388d2787a2efcb50c/usr/lib/kernel-overlays/base/lib/modules/5.15.196/kernel/drivers/usb/serial/ir-usb.ko
2026-09-27T02:40:07.4727064Z   INSTALL /home/runner/work/_temp/work/ce/build.CoreELEC-Amlogic-no.aarch64-22/install_pkg/linux-69e87fa40cc3a04bf91d92e388d2787a2efcb50c/usr/lib/kernel-overlays/base/lib/modules/5.15.196/kernel/drivers/usb/serial/iuu_phoenix.ko
2026-09-27T02:40:07.4729464Z   INSTALL /home/runner/work/_temp/work/ce/build.CoreELEC-Amlogic-no.aarch64-22/install_pkg/linux-69e87fa40cc3a04bf91d92e388d2787a2efcb50c/usr/lib/kernel-overlays/base/lib/modules/5.15.196/kernel/drivers/usb/serial/keyspan.ko
2026-09-27T02:40:07.4758382Z   INSTALL /home/runner/work/_temp/work/ce/build.CoreELEC-Amlogic-no.aarch64-22/install_pkg/linux-69e87fa40cc3a04bf91d92e388d2787a2efcb50c/usr/lib/kernel-overlays/base/lib/modules/5.15.196/kernel/drivers/usb/serial/keyspan_pda.ko
2026-09-27T02:40:07.4772669Z   INSTALL /home/runner/work/_temp/work/ce/build.CoreELEC-Amlogic-no.aarch64-22/install_pkg/linux-69e87fa40cc3a04bf91d92e388d2787a2efcb50c/usr/lib/kernel-overlays/base/lib/modules/5.15.196/kernel/drivers/usb/serial/kl5kusb105.ko
2026-09-27T02:40:07.4782841Z   INSTALL /home/runner/work/_temp/work/ce/build.CoreELEC-Amlogic-no.aarch64-22/install_pkg/linux-69e87fa40cc3a04bf91d92e388d2787a2efcb50c/usr/lib/kernel-overlays/base/lib/modules/5.15.196/kernel/drivers/usb/serial/kobil_sct.ko
2026-09-27T02:40:07.4795387Z   INSTALL /home/runner/work/_temp/work/ce/build.CoreELEC-Amlogic-no.aarch64-22/install_pkg/linux-69e87fa40cc3a04bf91d92e388d2787a2efcb50c/usr/lib/kernel-overlays/base/lib/modules/5.15.196/kernel/drivers/usb/serial/mct_u232.ko
2026-09-27T02:40:07.4808745Z   INSTALL /home/runner/work/_temp/work/ce/build.CoreELEC-Amlogic-no.aarch64-22/install_pkg/linux-69e87fa40cc3a04bf91d92e388d2787a2efcb50c/usr/lib/kernel-overlays/base/lib/modules/5.15.196/kernel/drivers/usb/serial/metro-usb.ko
2026-09-27T02:40:07.4828250Z   INSTALL /home/runner/work/_temp/work/ce/build.CoreELEC-Amlogic-no.aarch64-22/install_pkg/linux-69e87fa40cc3a04bf91d92e388d2787a2efcb50c/usr/lib/kernel-overlays/base/lib/modules/5.15.196/kernel/drivers/usb/serial/mos7720.ko
2026-09-27T02:40:07.4848694Z   INSTALL /home/runner/work/_temp/work/ce/build.CoreELEC-Amlogic-no.aarch64-22/install_pkg/linux-69e87fa40cc3a04bf91d92e388d2787a2efcb50c/usr/lib/kernel-overlays/base/lib/modules/5.15.196/kernel/drivers/usb/serial/mos7840.ko
2026-09-27T02:40:07.4850943Z   INSTALL /home/runner/work/_temp/work/ce/build.CoreELEC-Amlogic-no.aarch64-22/install_pkg/linux-69e87fa40cc3a04bf91d92e388d2787a2efcb50c/usr/lib/kernel-overlays/base/lib/modules/5.15.196/kernel/drivers/usb/serial/mxuport.ko
2026-09-27T02:40:07.4858945Z   INSTALL /home/runner/work/_temp/work/ce/build.CoreELEC-Amlogic-no.aarch64-22/install_pkg/linux-69e87fa40cc3a04bf91d92e388d2787a2efcb50c/usr/lib/kernel-overlays/base/lib/modules/5.15.196/kernel/drivers/usb/serial/navman.ko
2026-09-27T02:40:07.4891548Z   INSTALL /home/runner/work/_temp/work/ce/build.CoreELEC-Amlogic-no.aarch64-22/install_pkg/linux-69e87fa40cc3a04bf91d92e388d2787a2efcb50c/usr/lib/kernel-overlays/base/lib/modules/5.15.196/kernel/drivers/usb/serial/omninet.ko
2026-09-27T02:40:07.4898304Z   INSTALL /home/runner/work/_temp/work/ce/build.CoreELEC-Amlogic-no.aarch64-22/install_pkg/linux-69e87fa40cc3a04bf91d92e388d2787a2efcb50c/usr/lib/kernel-overlays/base/lib/modules/5.15.196/kernel/drivers/usb/serial/opticon.ko
2026-09-27T02:40:07.4911134Z   INSTALL /home/runner/work/_temp/work/ce/build.CoreELEC-Amlogic-no.aarch64-22/install_pkg/linux-69e87fa40cc3a04bf91d92e388d2787a2efcb50c/usr/lib/kernel-overlays/base/lib/modules/5.15.196/kernel/drivers/usb/serial/option.ko
2026-09-27T02:40:07.4926814Z   INSTALL /home/runner/work/_temp/work/ce/build.CoreELEC-Amlogic-no.aarch64-22/install_pkg/linux-69e87fa40cc3a04bf91d92e388d2787a2efcb50c/usr/lib/kernel-overlays/base/lib/modules/5.15.196/kernel/drivers/usb/serial/oti6858.ko
2026-09-27T02:40:07.4943319Z   INSTALL /home/runner/work/_temp/work/ce/build.CoreELEC-Amlogic-no.aarch64-22/install_pkg/linux-69e87fa40cc3a04bf91d92e388d2787a2efcb50c/usr/lib/kernel-overlays/base/lib/modules/5.15.196/kernel/drivers/usb/serial/pl2303.ko
2026-09-27T02:40:07.4949436Z   INSTALL /home/runner/work/_temp/work/ce/build.CoreELEC-Amlogic-no.aarch64-22/install_pkg/linux-69e87fa40cc3a04bf91d92e388d2787a2efcb50c/usr/lib/kernel-overlays/base/lib/modules/5.15.196/kernel/drivers/usb/serial/qcaux.ko
2026-09-27T02:40:07.4968419Z   INSTALL /home/runner/work/_temp/work/ce/build.CoreELEC-Amlogic-no.aarch64-22/install_pkg/linux-69e87fa40cc3a04bf91d92e388d2787a2efcb50c/usr/lib/kernel-overlays/base/lib/modules/5.15.196/kernel/drivers/usb/serial/qcserial.ko
2026-09-27T02:40:07.4975731Z   INSTALL /home/runner/work/_temp/work/ce/build.CoreELEC-Amlogic-no.aarch64-22/install_pkg/linux-69e87fa40cc3a04bf91d92e388d2787a2efcb50c/usr/lib/kernel-overlays/base/lib/modules/5.15.196/kernel/drivers/usb/serial/quatech2.ko
2026-09-27T02:40:07.4990740Z   INSTALL /home/runner/work/_temp/work/ce/build.CoreELEC-Amlogic-no.aarch64-22/install_pkg/linux-69e87fa40cc3a04bf91d92e388d2787a2efcb50c/usr/lib/kernel-overlays/base/lib/modules/5.15.196/kernel/drivers/usb/serial/safe_serial.ko
2026-09-27T02:40:07.5006147Z   INSTALL /home/runner/work/_temp/work/ce/build.CoreELEC-Amlogic-no.aarch64-22/install_pkg/linux-69e87fa40cc3a04bf91d92e388d2787a2efcb50c/usr/lib/kernel-overlays/base/lib/modules/5.15.196/kernel/drivers/usb/serial/sierra.ko
2026-09-27T02:40:07.5033037Z   INSTALL /home/runner/work/_temp/work/ce/build.CoreELEC-Amlogic-no.aarch64-22/install_pkg/linux-69e87fa40cc3a04bf91d92e388d2787a2efcb50c/usr/lib/kernel-overlays/base/lib/modules/5.15.196/kernel/drivers/usb/serial/spcp8x5.ko
2026-09-27T02:40:07.5038096Z   INSTALL /home/runner/work/_temp/work/ce/build.CoreELEC-Amlogic-no.aarch64-22/install_pkg/linux-69e87fa40cc3a04bf91d92e388d2787a2efcb50c/usr/lib/kernel-overlays/base/lib/modules/5.15.196/kernel/drivers/usb/serial/ssu100.ko
2026-09-27T02:40:07.5058500Z   INSTALL /home/runner/work/_temp/work/ce/build.CoreELEC-Amlogic-no.aarch64-22/install_pkg/linux-69e87fa40cc3a04bf91d92e388d2787a2efcb50c/usr/lib/kernel-overlays/base/lib/modules/5.15.196/kernel/drivers/usb/serial/symbolserial.ko
2026-09-27T02:40:07.5063228Z   INSTALL /home/runner/work/_temp/work/ce/build.CoreELEC-Amlogic-no.aarch64-22/install_pkg/linux-69e87fa40cc3a04bf91d92e388d2787a2efcb50c/usr/lib/kernel-overlays/base/lib/modules/5.15.196/kernel/drivers/usb/serial/ti_usb_3410_5052.ko
2026-09-27T02:40:07.5095874Z   INSTALL /home/runner/work/_temp/work/ce/build.CoreELEC-Amlogic-no.aarch64-22/install_pkg/linux-69e87fa40cc3a04bf91d92e388d2787a2efcb50c/usr/lib/kernel-overlays/base/lib/modules/5.15.196/kernel/drivers/usb/serial/upd78f0730.ko
2026-09-27T02:40:07.5105229Z   INSTALL /home/runner/work/_temp/work/ce/build.CoreELEC-Amlogic-no.aarch64-22/install_pkg/linux-69e87fa40cc3a04bf91d92e388d2787a2efcb50c/usr/lib/kernel-overlays/base/lib/modules/5.15.196/kernel/drivers/usb/serial/usb-serial-simple.ko
2026-09-27T02:40:07.5110163Z   INSTALL /home/runner/work/_temp/work/ce/build.CoreELEC-Amlogic-no.aarch64-22/install_pkg/linux-69e87fa40cc3a04bf91d92e388d2787a2efcb50c/usr/lib/kernel-overlays/base/lib/modules/5.15.196/kernel/drivers/usb/serial/usb_debug.ko
2026-09-27T02:40:07.5124226Z   INSTALL /home/runner/work/_temp/work/ce/build.CoreELEC-Amlogic-no.aarch64-22/install_pkg/linux-69e87fa40cc3a04bf91d92e388d2787a2efcb50c/usr/lib/kernel-overlays/base/lib/modules/5.15.196/kernel/drivers/usb/serial/usb_wwan.ko
2026-09-27T02:40:07.5132741Z   INSTALL /home/runner/work/_temp/work/ce/build.CoreELEC-Amlogic-no.aarch64-22/install_pkg/linux-69e87fa40cc3a04bf91d92e388d2787a2efcb50c/usr/lib/kernel-overlays/base/lib/modules/5.15.196/kernel/drivers/usb/serial/visor.ko
2026-09-27T02:40:07.5153486Z   INSTALL /home/runner/work/_temp/work/ce/build.CoreELEC-Amlogic-no.aarch64-22/install_pkg/linux-69e87fa40cc3a04bf91d92e388d2787a2efcb50c/usr/lib/kernel-overlays/base/lib/modules/5.15.196/kernel/drivers/usb/serial/whiteheat.ko
2026-09-27T02:40:07.5177577Z   INSTALL /home/runner/work/_temp/work/ce/build.CoreELEC-Amlogic-no.aarch64-22/install_pkg/linux-69e87fa40cc3a04bf91d92e388d2787a2efcb50c/usr/lib/kernel-overlays/base/lib/modules/5.15.196/kernel/drivers/usb/serial/wishbone-serial.ko
2026-09-27T02:40:07.5188731Z   INSTALL /home/runner/work/_temp/work/ce/build.CoreELEC-Amlogic-no.aarch64-22/install_pkg/linux-69e87fa40cc3a04bf91d92e388d2787a2efcb50c/usr/lib/kernel-overlays/base/lib/modules/5.15.196/kernel/drivers/usb/serial/xr_serial.ko
2026-09-27T02:40:07.5198969Z   INSTALL /home/runner/work/_temp/work/ce/build.CoreELEC-Amlogic-no.aarch64-22/install_pkg/linux-69e87fa40cc3a04bf91d92e388d2787a2efcb50c/usr/lib/kernel-overlays/base/lib/modules/5.15.196/kernel/drivers/usb/serial/xsens_mt.ko
2026-09-27T02:40:07.5218564Z   INSTALL /home/runner/work/_temp/work/ce/build.CoreELEC-Amlogic-no.aarch64-22/install_pkg/linux-69e87fa40cc3a04bf91d92e388d2787a2efcb50c/usr/lib/kernel-overlays/base/lib/modules/5.15.196/kernel/drivers/usb/typec/tcpm/fusb302.ko
2026-09-27T02:40:07.5223681Z   INSTALL /home/runner/work/_temp/work/ce/build.CoreELEC-Amlogic-no.aarch64-22/install_pkg/linux-69e87fa40cc3a04bf91d92e388d2787a2efcb50c/usr/lib/kernel-overlays/base/lib/modules/5.15.196/kernel/drivers/usb/typec/tcpm/tcpci.ko
2026-09-27T02:40:07.5243571Z   INSTALL /home/runner/work/_temp/work/ce/build.CoreELEC-Amlogic-no.aarch64-22/install_pkg/linux-69e87fa40cc3a04bf91d92e388d2787a2efcb50c/usr/lib/kernel-overlays/base/lib/modules/5.15.196/kernel/drivers/usb/typec/tcpm/tcpm.ko
2026-09-27T02:40:07.5264206Z   INSTALL /home/runner/work/_temp/work/ce/build.CoreELEC-Amlogic-no.aarch64-22/install_pkg/linux-69e87fa40cc3a04bf91d92e388d2787a2efcb50c/usr/lib/kernel-overlays/base/lib/modules/5.15.196/kernel/drivers/usb/typec/typec.ko
2026-09-27T02:40:07.5278085Z   INSTALL /home/runner/work/_temp/work/ce/build.CoreELEC-Amlogic-no.aarch64-22/install_pkg/linux-69e87fa40cc3a04bf91d92e388d2787a2efcb50c/usr/lib/kernel-overlays/base/lib/modules/5.15.196/kernel/drivers/usb/typec/ucsi/typec_ucsi.ko
2026-09-27T02:40:07.5295149Z   INSTALL /home/runner/work/_temp/work/ce/build.CoreELEC-Amlogic-no.aarch64-22/install_pkg/linux-69e87fa40cc3a04bf91d92e388d2787a2efcb50c/usr/lib/kernel-overlays/base/lib/modules/5.15.196/kernel/fs/autofs/autofs4.ko
2026-09-27T02:40:07.5299975Z   INSTALL /home/runner/work/_temp/work/ce/build.CoreELEC-Amlogic-no.aarch64-22/install_pkg/linux-69e87fa40cc3a04bf91d92e388d2787a2efcb50c/usr/lib/kernel-overlays/base/lib/modules/5.15.196/kernel/fs/btrfs/btrfs.ko
2026-09-27T02:40:07.5328329Z   INSTALL /home/runner/work/_temp/work/ce/build.CoreELEC-Amlogic-no.aarch64-22/install_pkg/linux-69e87fa40cc3a04bf91d92e388d2787a2efcb50c/usr/lib/kernel-overlays/base/lib/modules/5.15.196/kernel/fs/isofs/isofs.ko
2026-09-27T02:40:07.5343560Z   INSTALL /home/runner/work/_temp/work/ce/build.CoreELEC-Amlogic-no.aarch64-22/install_pkg/linux-69e87fa40cc3a04bf91d92e388d2787a2efcb50c/usr/lib/kernel-overlays/base/lib/modules/5.15.196/kernel/fs/jfs/jfs.ko
2026-09-27T02:40:07.5361876Z   INSTALL /home/runner/work/_temp/work/ce/build.CoreELEC-Amlogic-no.aarch64-22/install_pkg/linux-69e87fa40cc3a04bf91d92e388d2787a2efcb50c/usr/lib/kernel-overlays/base/lib/modules/5.15.196/kernel/fs/nfs/blocklayout/blocklayoutdriver.ko
2026-09-27T02:40:07.5383214Z   INSTALL /home/runner/work/_temp/work/ce/build.CoreELEC-Amlogic-no.aarch64-22/install_pkg/linux-69e87fa40cc3a04bf91d92e388d2787a2efcb50c/usr/lib/kernel-overlays/base/lib/modules/5.15.196/kernel/fs/nfs_common/nfs_acl.ko
2026-09-27T02:40:07.5406809Z   INSTALL /home/runner/work/_temp/work/ce/build.CoreELEC-Amlogic-no.aarch64-22/install_pkg/linux-69e87fa40cc3a04bf91d92e388d2787a2efcb50c/usr/lib/kernel-overlays/base/lib/modules/5.15.196/kernel/fs/nfsd/nfsd.ko
2026-09-27T02:40:07.5423575Z   INSTALL /home/runner/work/_temp/work/ce/build.CoreELEC-Amlogic-no.aarch64-22/install_pkg/linux-69e87fa40cc3a04bf91d92e388d2787a2efcb50c/usr/lib/kernel-overlays/base/lib/modules/5.15.196/kernel/fs/overlayfs/overlay.ko
2026-09-27T02:40:07.5427552Z   INSTALL /home/runner/work/_temp/work/ce/build.CoreELEC-Amlogic-no.aarch64-22/install_pkg/linux-69e87fa40cc3a04bf91d92e388d2787a2efcb50c/usr/lib/kernel-overlays/base/lib/modules/5.15.196/kernel/fs/reiserfs/reiserfs.ko
2026-09-27T02:40:07.5441537Z   INSTALL /home/runner/work/_temp/work/ce/build.CoreELEC-Amlogic-no.aarch64-22/install_pkg/linux-69e87fa40cc3a04bf91d92e388d2787a2efcb50c/usr/lib/kernel-overlays/base/lib/modules/5.15.196/kernel/fs/udf/udf.ko
2026-09-27T02:40:07.5484392Z   INSTALL /home/runner/work/_temp/work/ce/build.CoreELEC-Amlogic-no.aarch64-22/install_pkg/linux-69e87fa40cc3a04bf91d92e388d2787a2efcb50c/usr/lib/kernel-overlays/base/lib/modules/5.15.196/kernel/fs/xfs/xfs.ko
2026-09-27T02:40:07.5505494Z   INSTALL /home/runner/work/_temp/work/ce/build.CoreELEC-Amlogic-no.aarch64-22/install_pkg/linux-69e87fa40cc3a04bf91d92e388d2787a2efcb50c/usr/lib/kernel-overlays/base/lib/modules/5.15.196/kernel/kernel/configs.ko
2026-09-27T02:40:07.5507836Z   INSTALL /home/runner/work/_temp/work/ce/build.CoreELEC-Amlogic-no.aarch64-22/install_pkg/linux-69e87fa40cc3a04bf91d92e388d2787a2efcb50c/usr/lib/kernel-overlays/base/lib/modules/5.15.196/kernel/lib/crc-ccitt.ko
2026-09-27T02:40:07.5509942Z   INSTALL /home/runner/work/_temp/work/ce/build.CoreELEC-Amlogic-no.aarch64-22/install_pkg/linux-69e87fa40cc3a04bf91d92e388d2787a2efcb50c/usr/lib/kernel-overlays/base/lib/modules/5.15.196/kernel/lib/crc-itu-t.ko
2026-09-27T02:40:07.5548786Z   INSTALL /home/runner/work/_temp/work/ce/build.CoreELEC-Amlogic-no.aarch64-22/install_pkg/linux-69e87fa40cc3a04bf91d92e388d2787a2efcb50c/usr/lib/kernel-overlays/base/lib/modules/5.15.196/kernel/lib/crypto/libarc4.ko
2026-09-27T02:40:07.5561365Z   INSTALL /home/runner/work/_temp/work/ce/build.CoreELEC-Amlogic-no.aarch64-22/install_pkg/linux-69e87fa40cc3a04bf91d92e388d2787a2efcb50c/usr/lib/kernel-overlays/base/lib/modules/5.15.196/kernel/lib/math/cordic.ko
2026-09-27T02:40:07.5568522Z   INSTALL /home/runner/work/_temp/work/ce/build.CoreELEC-Amlogic-no.aarch64-22/install_pkg/linux-69e87fa40cc3a04bf91d92e388d2787a2efcb50c/usr/lib/kernel-overlays/base/lib/modules/5.15.196/kernel/lib/raid6/raid6_pq.ko
2026-09-27T02:40:07.5594209Z   INSTALL /home/runner/work/_temp/work/ce/build.CoreELEC-Amlogic-no.aarch64-22/install_pkg/linux-69e87fa40cc3a04bf91d92e388d2787a2efcb50c/usr/lib/kernel-overlays/base/lib/modules/5.15.196/kernel/lib/zstd/zstd_compress.ko
2026-09-27T02:40:07.5614911Z   INSTALL /home/runner/work/_temp/work/ce/build.CoreELEC-Amlogic-no.aarch64-22/install_pkg/linux-69e87fa40cc3a04bf91d92e388d2787a2efcb50c/usr/lib/kernel-overlays/base/lib/modules/5.15.196/kernel/net/802/p8022.ko
2026-09-27T02:40:07.5641634Z   INSTALL /home/runner/work/_temp/work/ce/build.CoreELEC-Amlogic-no.aarch64-22/install_pkg/linux-69e87fa40cc3a04bf91d92e388d2787a2efcb50c/usr/lib/kernel-overlays/base/lib/modules/5.15.196/kernel/net/802/psnap.ko
2026-09-27T02:40:07.5686377Z   INSTALL /home/runner/work/_temp/work/ce/build.CoreELEC-Amlogic-no.aarch64-22/install_pkg/linux-69e87fa40cc3a04bf91d92e388d2787a2efcb50c/usr/lib/kernel-overlays/base/lib/modules/5.15.196/kernel/net/802/stp.ko
2026-09-27T02:40:07.5688423Z   INSTALL /home/runner/work/_temp/work/ce/build.CoreELEC-Amlogic-no.aarch64-22/install_pkg/linux-69e87fa40cc3a04bf91d92e388d2787a2efcb50c/usr/lib/kernel-overlays/base/lib/modules/5.15.196/kernel/net/8021q/8021q.ko
2026-09-27T02:40:07.5690391Z   INSTALL /home/runner/work/_temp/work/ce/build.CoreELEC-Amlogic-no.aarch64-22/install_pkg/linux-69e87fa40cc3a04bf91d92e388d2787a2efcb50c/usr/lib/kernel-overlays/base/lib/modules/5.15.196/kernel/net/bluetooth/bluetooth.ko
2026-09-27T02:40:07.5724515Z   INSTALL /home/runner/work/_temp/work/ce/build.CoreELEC-Amlogic-no.aarch64-22/install_pkg/linux-69e87fa40cc3a04bf91d92e388d2787a2efcb50c/usr/lib/kernel-overlays/base/lib/modules/5.15.196/kernel/net/bluetooth/hidp/hidp.ko
2026-09-27T02:40:07.5745071Z   INSTALL /home/runner/work/_temp/work/ce/build.CoreELEC-Amlogic-no.aarch64-22/install_pkg/linux-69e87fa40cc3a04bf91d92e388d2787a2efcb50c/usr/lib/kernel-overlays/base/lib/modules/5.15.196/kernel/net/bluetooth/rfcomm/rfcomm.ko
2026-09-27T02:40:07.5776703Z   INSTALL /home/runner/work/_temp/work/ce/build.CoreELEC-Amlogic-no.aarch64-22/install_pkg/linux-69e87fa40cc3a04bf91d92e388d2787a2efcb50c/usr/lib/kernel-overlays/base/lib/modules/5.15.196/kernel/net/bridge/br_netfilter.ko
2026-09-27T02:40:07.5784530Z   INSTALL /home/runner/work/_temp/work/ce/build.CoreELEC-Amlogic-no.aarch64-22/install_pkg/linux-69e87fa40cc3a04bf91d92e388d2787a2efcb50c/usr/lib/kernel-overlays/base/lib/modules/5.15.196/kernel/net/bridge/bridge.ko
2026-09-27T02:40:07.5827760Z   INSTALL /home/runner/work/_temp/work/ce/build.CoreELEC-Amlogic-no.aarch64-22/install_pkg/linux-69e87fa40cc3a04bf91d92e388d2787a2efcb50c/usr/lib/kernel-overlays/base/lib/modules/5.15.196/kernel/net/bridge/netfilter/nft_reject_bridge.ko
2026-09-27T02:40:07.5831444Z   INSTALL /home/runner/work/_temp/work/ce/build.CoreELEC-Amlogic-no.aarch64-22/install_pkg/linux-69e87fa40cc3a04bf91d92e388d2787a2efcb50c/usr/lib/kernel-overlays/base/lib/modules/5.15.196/kernel/net/bridge/netfilter/nft_meta_bridge.ko
2026-09-27T02:40:07.5838350Z   INSTALL /home/runner/work/_temp/work/ce/build.CoreELEC-Amlogic-no.aarch64-22/install_pkg/linux-69e87fa40cc3a04bf91d92e388d2787a2efcb50c/usr/lib/kernel-overlays/base/lib/modules/5.15.196/kernel/net/ipv4/esp4.ko
2026-09-27T02:40:07.5872485Z   INSTALL /home/runner/work/_temp/work/ce/build.CoreELEC-Amlogic-no.aarch64-22/install_pkg/linux-69e87fa40cc3a04bf91d92e388d2787a2efcb50c/usr/lib/kernel-overlays/base/lib/modules/5.15.196/kernel/net/ipv4/gre.ko
2026-09-27T02:40:07.5879640Z   INSTALL /home/runner/work/_temp/work/ce/build.CoreELEC-Amlogic-no.aarch64-22/install_pkg/linux-69e87fa40cc3a04bf91d92e388d2787a2efcb50c/usr/lib/kernel-overlays/base/lib/modules/5.15.196/kernel/net/ipv4/inet_diag.ko
2026-09-27T02:40:07.5888742Z   INSTALL /home/runner/work/_temp/work/ce/build.CoreELEC-Amlogic-no.aarch64-22/install_pkg/linux-69e87fa40cc3a04bf91d92e388d2787a2efcb50c/usr/lib/kernel-overlays/base/lib/modules/5.15.196/kernel/net/ipv4/ip_tunnel.ko
2026-09-27T02:40:07.5900464Z   INSTALL /home/runner/work/_temp/work/ce/build.CoreELEC-Amlogic-no.aarch64-22/install_pkg/linux-69e87fa40cc3a04bf91d92e388d2787a2efcb50c/usr/lib/kernel-overlays/base/lib/modules/5.15.196/kernel/net/ipv4/netfilter/arp_tables.ko
2026-09-27T02:40:07.5924397Z   INSTALL /home/runner/work/_temp/work/ce/build.CoreELEC-Amlogic-no.aarch64-22/install_pkg/linux-69e87fa40cc3a04bf91d92e388d2787a2efcb50c/usr/lib/kernel-overlays/base/lib/modules/5.15.196/kernel/net/ipv4/netfilter/arpt_mangle.ko
2026-09-27T02:40:07.5936913Z   INSTALL /home/runner/work/_temp/work/ce/build.CoreELEC-Amlogic-no.aarch64-22/install_pkg/linux-69e87fa40cc3a04bf91d92e388d2787a2efcb50c/usr/lib/kernel-overlays/base/lib/modules/5.15.196/kernel/net/ipv4/netfilter/ip_tables.ko
2026-09-27T02:40:07.5951045Z   INSTALL /home/runner/work/_temp/work/ce/build.CoreELEC-Amlogic-no.aarch64-22/install_pkg/linux-69e87fa40cc3a04bf91d92e388d2787a2efcb50c/usr/lib/kernel-overlays/base/lib/modules/5.15.196/kernel/net/ipv4/netfilter/iptable_raw.ko
2026-09-27T02:40:07.5965411Z   INSTALL /home/runner/work/_temp/work/ce/build.CoreELEC-Amlogic-no.aarch64-22/install_pkg/linux-69e87fa40cc3a04bf91d92e388d2787a2efcb50c/usr/lib/kernel-overlays/base/lib/modules/5.15.196/kernel/net/ipv4/netfilter/iptable_security.ko
2026-09-27T02:40:07.5984131Z   INSTALL /home/runner/work/_temp/work/ce/build.CoreELEC-Amlogic-no.aarch64-22/install_pkg/linux-69e87fa40cc3a04bf91d92e388d2787a2efcb50c/usr/lib/kernel-overlays/base/lib/modules/5.15.196/kernel/net/ipv4/netfilter/nf_defrag_ipv4.ko
2026-09-27T02:40:07.5990861Z   INSTALL /home/runner/work/_temp/work/ce/build.CoreELEC-Amlogic-no.aarch64-22/install_pkg/linux-69e87fa40cc3a04bf91d92e388d2787a2efcb50c/usr/lib/kernel-overlays/base/lib/modules/5.15.196/kernel/net/ipv4/netfilter/nf_dup_ipv4.ko
2026-09-27T02:40:07.6013256Z   INSTALL /home/runner/work/_temp/work/ce/build.CoreELEC-Amlogic-no.aarch64-22/install_pkg/linux-69e87fa40cc3a04bf91d92e388d2787a2efcb50c/usr/lib/kernel-overlays/base/lib/modules/5.15.196/kernel/net/ipv4/netfilter/nf_flow_table_ipv4.ko
2026-09-27T02:40:07.6018955Z   INSTALL /home/runner/work/_temp/work/ce/build.CoreELEC-Amlogic-no.aarch64-22/install_pkg/linux-69e87fa40cc3a04bf91d92e388d2787a2efcb50c/usr/lib/kernel-overlays/base/lib/modules/5.15.196/kernel/net/ipv4/netfilter/nf_nat_pptp.ko
2026-09-27T02:40:07.6041171Z   INSTALL /home/runner/work/_temp/work/ce/build.CoreELEC-Amlogic-no.aarch64-22/install_pkg/linux-69e87fa40cc3a04bf91d92e388d2787a2efcb50c/usr/lib/kernel-overlays/base/lib/modules/5.15.196/kernel/net/ipv4/netfilter/nf_reject_ipv4.ko
2026-09-27T02:40:07.6052257Z   INSTALL /home/runner/work/_temp/work/ce/build.CoreELEC-Amlogic-no.aarch64-22/install_pkg/linux-69e87fa40cc3a04bf91d92e388d2787a2efcb50c/usr/lib/kernel-overlays/base/lib/modules/5.15.196/kernel/net/ipv4/netfilter/nf_socket_ipv4.ko
2026-09-27T02:40:07.6071215Z   INSTALL /home/runner/work/_temp/work/ce/build.CoreELEC-Amlogic-no.aarch64-22/install_pkg/linux-69e87fa40cc3a04bf91d92e388d2787a2efcb50c/usr/lib/kernel-overlays/base/lib/modules/5.15.196/kernel/net/ipv4/netfilter/nf_tproxy_ipv4.ko
2026-09-27T02:40:07.6081143Z   INSTALL /home/runner/work/_temp/work/ce/build.CoreELEC-Amlogic-no.aarch64-22/install_pkg/linux-69e87fa40cc3a04bf91d92e388d2787a2efcb50c/usr/lib/kernel-overlays/base/lib/modules/5.15.196/kernel/net/ipv4/netfilter/nft_dup_ipv4.ko
2026-09-27T02:40:07.6085705Z   INSTALL /home/runner/work/_temp/work/ce/build.CoreELEC-Amlogic-no.aarch64-22/install_pkg/linux-69e87fa40cc3a04bf91d92e388d2787a2efcb50c/usr/lib/kernel-overlays/base/lib/modules/5.15.196/kernel/net/ipv4/netfilter/nft_fib_ipv4.ko
2026-09-27T02:40:07.6106471Z   INSTALL /home/runner/work/_temp/work/ce/build.CoreELEC-Amlogic-no.aarch64-22/install_pkg/linux-69e87fa40cc3a04bf91d92e388d2787a2efcb50c/usr/lib/kernel-overlays/base/lib/modules/5.15.196/kernel/net/ipv4/netfilter/nft_reject_ipv4.ko
2026-09-27T02:40:07.6119559Z   INSTALL /home/runner/work/_temp/work/ce/build.CoreELEC-Amlogic-no.aarch64-22/install_pkg/linux-69e87fa40cc3a04bf91d92e388d2787a2efcb50c/usr/lib/kernel-overlays/base/lib/modules/5.15.196/kernel/net/ipv4/tcp_diag.ko
2026-09-27T02:40:07.6145159Z   INSTALL /home/runner/work/_temp/work/ce/build.CoreELEC-Amlogic-no.aarch64-22/install_pkg/linux-69e87fa40cc3a04bf91d92e388d2787a2efcb50c/usr/lib/kernel-overlays/base/lib/modules/5.15.196/kernel/net/ipv4/tunnel4.ko
2026-09-27T02:40:07.6152398Z   INSTALL /home/runner/work/_temp/work/ce/build.CoreELEC-Amlogic-no.aarch64-22/install_pkg/linux-69e87fa40cc3a04bf91d92e388d2787a2efcb50c/usr/lib/kernel-overlays/base/lib/modules/5.15.196/kernel/net/ipv4/udp_diag.ko
2026-09-27T02:40:07.6164081Z   INSTALL /home/runner/work/_temp/work/ce/build.CoreELEC-Amlogic-no.aarch64-22/install_pkg/linux-69e87fa40cc3a04bf91d92e388d2787a2efcb50c/usr/lib/kernel-overlays/base/lib/modules/5.15.196/kernel/net/ipv4/udp_tunnel.ko
2026-09-27T02:40:07.6177948Z   INSTALL /home/runner/work/_temp/work/ce/build.CoreELEC-Amlogic-no.aarch64-22/install_pkg/linux-69e87fa40cc3a04bf91d92e388d2787a2efcb50c/usr/lib/kernel-overlays/base/lib/modules/5.15.196/kernel/net/ipv6/ah6.ko
2026-09-27T02:40:07.6207042Z   INSTALL /home/runner/work/_temp/work/ce/build.CoreELEC-Amlogic-no.aarch64-22/install_pkg/linux-69e87fa40cc3a04bf91d92e388d2787a2efcb50c/usr/lib/kernel-overlays/base/lib/modules/5.15.196/kernel/net/ipv6/esp6.ko
2026-09-27T02:40:07.6213266Z   INSTALL /home/runner/work/_temp/work/ce/build.CoreELEC-Amlogic-no.aarch64-22/install_pkg/linux-69e87fa40cc3a04bf91d92e388d2787a2efcb50c/usr/lib/kernel-overlays/base/lib/modules/5.15.196/kernel/net/ipv6/ip6_udp_tunnel.ko
2026-09-27T02:40:07.6221205Z   INSTALL /home/runner/work/_temp/work/ce/build.CoreELEC-Amlogic-no.aarch64-22/install_pkg/linux-69e87fa40cc3a04bf91d92e388d2787a2efcb50c/usr/lib/kernel-overlays/base/lib/modules/5.15.196/kernel/net/ipv6/ipcomp6.ko
2026-09-27T02:40:07.6244465Z   INSTALL /home/runner/work/_temp/work/ce/build.CoreELEC-Amlogic-no.aarch64-22/install_pkg/linux-69e87fa40cc3a04bf91d92e388d2787a2efcb50c/usr/lib/kernel-overlays/base/lib/modules/5.15.196/kernel/net/ipv6/mip6.ko
2026-09-27T02:40:07.6263494Z   INSTALL /home/runner/work/_temp/work/ce/build.CoreELEC-Amlogic-no.aarch64-22/install_pkg/linux-69e87fa40cc3a04bf91d92e388d2787a2efcb50c/usr/lib/kernel-overlays/base/lib/modules/5.15.196/kernel/net/ipv6/netfilter/ip6_tables.ko
2026-09-27T02:40:07.6265493Z   INSTALL /home/runner/work/_temp/work/ce/build.CoreELEC-Amlogic-no.aarch64-22/install_pkg/linux-69e87fa40cc3a04bf91d92e388d2787a2efcb50c/usr/lib/kernel-overlays/base/lib/modules/5.15.196/kernel/net/ipv6/netfilter/nf_defrag_ipv6.ko
2026-09-27T02:40:07.6280316Z   INSTALL /home/runner/work/_temp/work/ce/build.CoreELEC-Amlogic-no.aarch64-22/install_pkg/linux-69e87fa40cc3a04bf91d92e388d2787a2efcb50c/usr/lib/kernel-overlays/base/lib/modules/5.15.196/kernel/net/ipv6/netfilter/nf_dup_ipv6.ko
2026-09-27T02:40:07.6302615Z   INSTALL /home/runner/work/_temp/work/ce/build.CoreELEC-Amlogic-no.aarch64-22/install_pkg/linux-69e87fa40cc3a04bf91d92e388d2787a2efcb50c/usr/lib/kernel-overlays/base/lib/modules/5.15.196/kernel/net/ipv6/netfilter/nf_flow_table_ipv6.ko
2026-09-27T02:40:07.6309222Z   INSTALL /home/runner/work/_temp/work/ce/build.CoreELEC-Amlogic-no.aarch64-22/install_pkg/linux-69e87fa40cc3a04bf91d92e388d2787a2efcb50c/usr/lib/kernel-overlays/base/lib/modules/5.15.196/kernel/net/ipv6/netfilter/nf_reject_ipv6.ko
2026-09-27T02:40:07.6335405Z   INSTALL /home/runner/work/_temp/work/ce/build.CoreELEC-Amlogic-no.aarch64-22/install_pkg/linux-69e87fa40cc3a04bf91d92e388d2787a2efcb50c/usr/lib/kernel-overlays/base/lib/modules/5.15.196/kernel/net/ipv6/netfilter/nf_socket_ipv6.ko
2026-09-27T02:40:07.6341537Z   INSTALL /home/runner/work/_temp/work/ce/build.CoreELEC-Amlogic-no.aarch64-22/install_pkg/linux-69e87fa40cc3a04bf91d92e388d2787a2efcb50c/usr/lib/kernel-overlays/base/lib/modules/5.15.196/kernel/net/ipv6/netfilter/nf_tproxy_ipv6.ko
2026-09-27T02:40:07.6366698Z   INSTALL /home/runner/work/_temp/work/ce/build.CoreELEC-Amlogic-no.aarch64-22/install_pkg/linux-69e87fa40cc3a04bf91d92e388d2787a2efcb50c/usr/lib/kernel-overlays/base/lib/modules/5.15.196/kernel/net/ipv6/netfilter/nft_dup_ipv6.ko
2026-09-27T02:40:07.6373737Z   INSTALL /home/runner/work/_temp/work/ce/build.CoreELEC-Amlogic-no.aarch64-22/install_pkg/linux-69e87fa40cc3a04bf91d92e388d2787a2efcb50c/usr/lib/kernel-overlays/base/lib/modules/5.15.196/kernel/net/ipv6/netfilter/nft_fib_ipv6.ko
2026-09-27T02:40:07.6384942Z   INSTALL /home/runner/work/_temp/work/ce/build.CoreELEC-Amlogic-no.aarch64-22/install_pkg/linux-69e87fa40cc3a04bf91d92e388d2787a2efcb50c/usr/lib/kernel-overlays/base/lib/modules/5.15.196/kernel/net/ipv6/netfilter/nft_reject_ipv6.ko
2026-09-27T02:40:07.6405786Z   INSTALL /home/runner/work/_temp/work/ce/build.CoreELEC-Amlogic-no.aarch64-22/install_pkg/linux-69e87fa40cc3a04bf91d92e388d2787a2efcb50c/usr/lib/kernel-overlays/base/lib/modules/5.15.196/kernel/net/ipv6/sit.ko
2026-09-27T02:40:07.6409376Z   INSTALL /home/runner/work/_temp/work/ce/build.CoreELEC-Amlogic-no.aarch64-22/install_pkg/linux-69e87fa40cc3a04bf91d92e388d2787a2efcb50c/usr/lib/kernel-overlays/base/lib/modules/5.15.196/kernel/net/ipv6/tunnel6.ko
2026-09-27T02:40:07.6426605Z   INSTALL /home/runner/work/_temp/work/ce/build.CoreELEC-Amlogic-no.aarch64-22/install_pkg/linux-69e87fa40cc3a04bf91d92e388d2787a2efcb50c/usr/lib/kernel-overlays/base/lib/modules/5.15.196/kernel/net/ipv6/xfrm6_tunnel.ko
2026-09-27T02:40:07.6447453Z   INSTALL /home/runner/work/_temp/work/ce/build.CoreELEC-Amlogic-no.aarch64-22/install_pkg/linux-69e87fa40cc3a04bf91d92e388d2787a2efcb50c/usr/lib/kernel-overlays/base/lib/modules/5.15.196/kernel/net/key/af_key.ko
2026-09-27T02:40:07.6454598Z   INSTALL /home/runner/work/_temp/work/ce/build.CoreELEC-Amlogic-no.aarch64-22/install_pkg/linux-69e87fa40cc3a04bf91d92e388d2787a2efcb50c/usr/lib/kernel-overlays/base/lib/modules/5.15.196/kernel/net/l2tp/l2tp_core.ko
2026-09-27T02:40:07.6467690Z   INSTALL /home/runner/work/_temp/work/ce/build.CoreELEC-Amlogic-no.aarch64-22/install_pkg/linux-69e87fa40cc3a04bf91d92e388d2787a2efcb50c/usr/lib/kernel-overlays/base/lib/modules/5.15.196/kernel/net/l2tp/l2tp_debugfs.ko
2026-09-27T02:40:07.6484246Z   INSTALL /home/runner/work/_temp/work/ce/build.CoreELEC-Amlogic-no.aarch64-22/install_pkg/linux-69e87fa40cc3a04bf91d92e388d2787a2efcb50c/usr/lib/kernel-overlays/base/lib/modules/5.15.196/kernel/net/l2tp/l2tp_eth.ko
2026-09-27T02:40:07.6497214Z   INSTALL /home/runner/work/_temp/work/ce/build.CoreELEC-Amlogic-no.aarch64-22/install_pkg/linux-69e87fa40cc3a04bf91d92e388d2787a2efcb50c/usr/lib/kernel-overlays/base/lib/modules/5.15.196/kernel/net/l2tp/l2tp_ip.ko
2026-09-27T02:40:07.6505794Z   INSTALL /home/runner/work/_temp/work/ce/build.CoreELEC-Amlogic-no.aarch64-22/install_pkg/linux-69e87fa40cc3a04bf91d92e388d2787a2efcb50c/usr/lib/kernel-overlays/base/lib/modules/5.15.196/kernel/net/l2tp/l2tp_ip6.ko
2026-09-27T02:40:07.6538529Z   INSTALL /home/runner/work/_temp/work/ce/build.CoreELEC-Amlogic-no.aarch64-22/install_pkg/linux-69e87fa40cc3a04bf91d92e388d2787a2efcb50c/usr/lib/kernel-overlays/base/lib/modules/5.15.196/kernel/net/l2tp/l2tp_netlink.ko
2026-09-27T02:40:07.6541493Z   INSTALL /home/runner/work/_temp/work/ce/build.CoreELEC-Amlogic-no.aarch64-22/install_pkg/linux-69e87fa40cc3a04bf91d92e388d2787a2efcb50c/usr/lib/kernel-overlays/base/lib/modules/5.15.196/kernel/net/l2tp/l2tp_ppp.ko
2026-09-27T02:40:07.6550892Z   INSTALL /home/runner/work/_temp/work/ce/build.CoreELEC-Amlogic-no.aarch64-22/install_pkg/linux-69e87fa40cc3a04bf91d92e388d2787a2efcb50c/usr/lib/kernel-overlays/base/lib/modules/5.15.196/kernel/net/llc/llc.ko
2026-09-27T02:40:07.6564524Z   INSTALL /home/runner/work/_temp/work/ce/build.CoreELEC-Amlogic-no.aarch64-22/install_pkg/linux-69e87fa40cc3a04bf91d92e388d2787a2efcb50c/usr/lib/kernel-overlays/base/lib/modules/5.15.196/kernel/net/mac80211/mac80211.ko
2026-09-27T02:40:07.6579240Z   INSTALL /home/runner/work/_temp/work/ce/build.CoreELEC-Amlogic-no.aarch64-22/install_pkg/linux-69e87fa40cc3a04bf91d92e388d2787a2efcb50c/usr/lib/kernel-overlays/base/lib/modules/5.15.196/kernel/net/netfilter/ipvs/ip_vs.ko
2026-09-27T02:40:07.6607436Z   INSTALL /home/runner/work/_temp/work/ce/build.CoreELEC-Amlogic-no.aarch64-22/install_pkg/linux-69e87fa40cc3a04bf91d92e388d2787a2efcb50c/usr/lib/kernel-overlays/base/lib/modules/5.15.196/kernel/net/netfilter/ipvs/ip_vs_ftp.ko
2026-09-27T02:40:07.6637413Z   INSTALL /home/runner/work/_temp/work/ce/build.CoreELEC-Amlogic-no.aarch64-22/install_pkg/linux-69e87fa40cc3a04bf91d92e388d2787a2efcb50c/usr/lib/kernel-overlays/base/lib/modules/5.15.196/kernel/net/netfilter/ipvs/ip_vs_rr.ko
2026-09-27T02:40:07.6688085Z   INSTALL /home/runner/work/_temp/work/ce/build.CoreELEC-Amlogic-no.aarch64-22/install_pkg/linux-69e87fa40cc3a04bf91d92e388d2787a2efcb50c/usr/lib/kernel-overlays/base/lib/modules/5.15.196/kernel/net/netfilter/nf_conncount.ko
2026-09-27T02:40:07.6701389Z   INSTALL /home/runner/work/_temp/work/ce/build.CoreELEC-Amlogic-no.aarch64-22/install_pkg/linux-69e87fa40cc3a04bf91d92e388d2787a2efcb50c/usr/lib/kernel-overlays/base/lib/modules/5.15.196/kernel/net/netfilter/nf_conntrack_broadcast.ko
2026-09-27T02:40:07.6718659Z   INSTALL /home/runner/work/_temp/work/ce/build.CoreELEC-Amlogic-no.aarch64-22/install_pkg/linux-69e87fa40cc3a04bf91d92e388d2787a2efcb50c/usr/lib/kernel-overlays/base/lib/modules/5.15.196/kernel/net/netfilter/nf_conntrack.ko
2026-09-27T02:40:07.6732669Z   INSTALL /home/runner/work/_temp/work/ce/build.CoreELEC-Amlogic-no.aarch64-22/install_pkg/linux-69e87fa40cc3a04bf91d92e388d2787a2efcb50c/usr/lib/kernel-overlays/base/lib/modules/5.15.196/kernel/net/netfilter/nf_conntrack_ftp.ko
2026-09-27T02:40:07.6787526Z   INSTALL /home/runner/work/_temp/work/ce/build.CoreELEC-Amlogic-no.aarch64-22/install_pkg/linux-69e87fa40cc3a04bf91d92e388d2787a2efcb50c/usr/lib/kernel-overlays/base/lib/modules/5.15.196/kernel/net/netfilter/nf_conntrack_netbios_ns.ko
2026-09-27T02:40:07.6795811Z   INSTALL /home/runner/work/_temp/work/ce/build.CoreELEC-Amlogic-no.aarch64-22/install_pkg/linux-69e87fa40cc3a04bf91d92e388d2787a2efcb50c/usr/lib/kernel-overlays/base/lib/modules/5.15.196/kernel/net/netfilter/nf_conntrack_netlink.ko
2026-09-27T02:40:07.6824494Z   INSTALL /home/runner/work/_temp/work/ce/build.CoreELEC-Amlogic-no.aarch64-22/install_pkg/linux-69e87fa40cc3a04bf91d92e388d2787a2efcb50c/usr/lib/kernel-overlays/base/lib/modules/5.15.196/kernel/net/netfilter/nf_conntrack_pptp.ko
2026-09-27T02:40:07.6830720Z   INSTALL /home/runner/work/_temp/work/ce/build.CoreELEC-Amlogic-no.aarch64-22/install_pkg/linux-69e87fa40cc3a04bf91d92e388d2787a2efcb50c/usr/lib/kernel-overlays/base/lib/modules/5.15.196/kernel/net/netfilter/nf_conntrack_tftp.ko
2026-09-27T02:40:07.6855534Z   INSTALL /home/runner/work/_temp/work/ce/build.CoreELEC-Amlogic-no.aarch64-22/install_pkg/linux-69e87fa40cc3a04bf91d92e388d2787a2efcb50c/usr/lib/kernel-overlays/base/lib/modules/5.15.196/kernel/net/netfilter/nf_flow_table.ko
2026-09-27T02:40:07.6857738Z   INSTALL /home/runner/work/_temp/work/ce/build.CoreELEC-Amlogic-no.aarch64-22/install_pkg/linux-69e87fa40cc3a04bf91d92e388d2787a2efcb50c/usr/lib/kernel-overlays/base/lib/modules/5.15.196/kernel/net/netfilter/nf_dup_netdev.ko
2026-09-27T02:40:07.6884368Z   INSTALL /home/runner/work/_temp/work/ce/build.CoreELEC-Amlogic-no.aarch64-22/install_pkg/linux-69e87fa40cc3a04bf91d92e388d2787a2efcb50c/usr/lib/kernel-overlays/base/lib/modules/5.15.196/kernel/net/netfilter/nf_flow_table_inet.ko
2026-09-27T02:40:07.6908689Z   INSTALL /home/runner/work/_temp/work/ce/build.CoreELEC-Amlogic-no.aarch64-22/install_pkg/linux-69e87fa40cc3a04bf91d92e388d2787a2efcb50c/usr/lib/kernel-overlays/base/lib/modules/5.15.196/kernel/net/netfilter/nf_log_syslog.ko
2026-09-27T02:40:07.6917108Z   INSTALL /home/runner/work/_temp/work/ce/build.CoreELEC-Amlogic-no.aarch64-22/install_pkg/linux-69e87fa40cc3a04bf91d92e388d2787a2efcb50c/usr/lib/kernel-overlays/base/lib/modules/5.15.196/kernel/net/netfilter/nf_nat.ko
2026-09-27T02:40:07.6944064Z   INSTALL /home/runner/work/_temp/work/ce/build.CoreELEC-Amlogic-no.aarch64-22/install_pkg/linux-69e87fa40cc3a04bf91d92e388d2787a2efcb50c/usr/lib/kernel-overlays/base/lib/modules/5.15.196/kernel/net/netfilter/nf_nat_ftp.ko
2026-09-27T02:40:07.6947047Z   INSTALL /home/runner/work/_temp/work/ce/build.CoreELEC-Amlogic-no.aarch64-22/install_pkg/linux-69e87fa40cc3a04bf91d92e388d2787a2efcb50c/usr/lib/kernel-overlays/base/lib/modules/5.15.196/kernel/net/netfilter/nf_nat_tftp.ko
2026-09-27T02:40:07.6965102Z   INSTALL /home/runner/work/_temp/work/ce/build.CoreELEC-Amlogic-no.aarch64-22/install_pkg/linux-69e87fa40cc3a04bf91d92e388d2787a2efcb50c/usr/lib/kernel-overlays/base/lib/modules/5.15.196/kernel/net/netfilter/nf_synproxy_core.ko
2026-09-27T02:40:07.6984613Z   INSTALL /home/runner/work/_temp/work/ce/build.CoreELEC-Amlogic-no.aarch64-22/install_pkg/linux-69e87fa40cc3a04bf91d92e388d2787a2efcb50c/usr/lib/kernel-overlays/base/lib/modules/5.15.196/kernel/net/netfilter/nf_tables.ko
2026-09-27T02:40:07.7007343Z   INSTALL /home/runner/work/_temp/work/ce/build.CoreELEC-Amlogic-no.aarch64-22/install_pkg/linux-69e87fa40cc3a04bf91d92e388d2787a2efcb50c/usr/lib/kernel-overlays/base/lib/modules/5.15.196/kernel/net/netfilter/nfnetlink.ko
2026-09-27T02:40:07.7027531Z   INSTALL /home/runner/work/_temp/work/ce/build.CoreELEC-Amlogic-no.aarch64-22/install_pkg/linux-69e87fa40cc3a04bf91d92e388d2787a2efcb50c/usr/lib/kernel-overlays/base/lib/modules/5.15.196/kernel/net/netfilter/nfnetlink_hook.ko
2026-09-27T02:40:07.7048016Z   INSTALL /home/runner/work/_temp/work/ce/build.CoreELEC-Amlogic-no.aarch64-22/install_pkg/linux-69e87fa40cc3a04bf91d92e388d2787a2efcb50c/usr/lib/kernel-overlays/base/lib/modules/5.15.196/kernel/net/netfilter/nfnetlink_log.ko
2026-09-27T02:40:07.7075431Z   INSTALL /home/runner/work/_temp/work/ce/build.CoreELEC-Amlogic-no.aarch64-22/install_pkg/linux-69e87fa40cc3a04bf91d92e388d2787a2efcb50c/usr/lib/kernel-overlays/base/lib/modules/5.15.196/kernel/net/netfilter/nfnetlink_osf.ko
2026-09-27T02:40:07.7101280Z   INSTALL /home/runner/work/_temp/work/ce/build.CoreELEC-Amlogic-no.aarch64-22/install_pkg/linux-69e87fa40cc3a04bf91d92e388d2787a2efcb50c/usr/lib/kernel-overlays/base/lib/modules/5.15.196/kernel/net/netfilter/nfnetlink_queue.ko
2026-09-27T02:40:07.7113629Z   INSTALL /home/runner/work/_temp/work/ce/build.CoreELEC-Amlogic-no.aarch64-22/install_pkg/linux-69e87fa40cc3a04bf91d92e388d2787a2efcb50c/usr/lib/kernel-overlays/base/lib/modules/5.15.196/kernel/net/netfilter/nft_chain_nat.ko
2026-09-27T02:40:07.7124113Z   INSTALL /home/runner/work/_temp/work/ce/build.CoreELEC-Amlogic-no.aarch64-22/install_pkg/linux-69e87fa40cc3a04bf91d92e388d2787a2efcb50c/usr/lib/kernel-overlays/base/lib/modules/5.15.196/kernel/net/netfilter/nft_compat.ko
2026-09-27T02:40:07.7168340Z   INSTALL /home/runner/work/_temp/work/ce/build.CoreELEC-Amlogic-no.aarch64-22/install_pkg/linux-69e87fa40cc3a04bf91d92e388d2787a2efcb50c/usr/lib/kernel-overlays/base/lib/modules/5.15.196/kernel/net/netfilter/nft_connlimit.ko
2026-09-27T02:40:07.7183529Z   INSTALL /home/runner/work/_temp/work/ce/build.CoreELEC-Amlogic-no.aarch64-22/install_pkg/linux-69e87fa40cc3a04bf91d92e388d2787a2efcb50c/usr/lib/kernel-overlays/base/lib/modules/5.15.196/kernel/net/netfilter/nft_counter.ko
2026-09-27T02:40:07.7186892Z   INSTALL /home/runner/work/_temp/work/ce/build.CoreELEC-Amlogic-no.aarch64-22/install_pkg/linux-69e87fa40cc3a04bf91d92e388d2787a2efcb50c/usr/lib/kernel-overlays/base/lib/modules/5.15.196/kernel/net/netfilter/nft_ct.ko
2026-09-27T02:40:07.7212732Z   INSTALL /home/runner/work/_temp/work/ce/build.CoreELEC-Amlogic-no.aarch64-22/install_pkg/linux-69e87fa40cc3a04bf91d92e388d2787a2efcb50c/usr/lib/kernel-overlays/base/lib/modules/5.15.196/kernel/net/netfilter/nft_dup_netdev.ko
2026-09-27T02:40:07.7229659Z   INSTALL /home/runner/work/_temp/work/ce/build.CoreELEC-Amlogic-no.aarch64-22/install_pkg/linux-69e87fa40cc3a04bf91d92e388d2787a2efcb50c/usr/lib/kernel-overlays/base/lib/modules/5.15.196/kernel/net/netfilter/nft_fib.ko
2026-09-27T02:40:07.7233526Z   INSTALL /home/runner/work/_temp/work/ce/build.CoreELEC-Amlogic-no.aarch64-22/install_pkg/linux-69e87fa40cc3a04bf91d92e388d2787a2efcb50c/usr/lib/kernel-overlays/base/lib/modules/5.15.196/kernel/net/netfilter/nft_fib_inet.ko
2026-09-27T02:40:07.7258059Z   INSTALL /home/runner/work/_temp/work/ce/build.CoreELEC-Amlogic-no.aarch64-22/install_pkg/linux-69e87fa40cc3a04bf91d92e388d2787a2efcb50c/usr/lib/kernel-overlays/base/lib/modules/5.15.196/kernel/net/netfilter/nft_fib_netdev.ko
2026-09-27T02:40:07.7262488Z   INSTALL /home/runner/work/_temp/work/ce/build.CoreELEC-Amlogic-no.aarch64-22/install_pkg/linux-69e87fa40cc3a04bf91d92e388d2787a2efcb50c/usr/lib/kernel-overlays/base/lib/modules/5.15.196/kernel/net/netfilter/nft_flow_offload.ko
2026-09-27T02:40:07.7289223Z   INSTALL /home/runner/work/_temp/work/ce/build.CoreELEC-Amlogic-no.aarch64-22/install_pkg/linux-69e87fa40cc3a04bf91d92e388d2787a2efcb50c/usr/lib/kernel-overlays/base/lib/modules/5.15.196/kernel/net/netfilter/nft_fwd_netdev.ko
2026-09-27T02:40:07.7297887Z   INSTALL /home/runner/work/_temp/work/ce/build.CoreELEC-Amlogic-no.aarch64-22/install_pkg/linux-69e87fa40cc3a04bf91d92e388d2787a2efcb50c/usr/lib/kernel-overlays/base/lib/modules/5.15.196/kernel/net/netfilter/nft_hash.ko
2026-09-27T02:40:07.7316667Z   INSTALL /home/runner/work/_temp/work/ce/build.CoreELEC-Amlogic-no.aarch64-22/install_pkg/linux-69e87fa40cc3a04bf91d92e388d2787a2efcb50c/usr/lib/kernel-overlays/base/lib/modules/5.15.196/kernel/net/netfilter/nft_limit.ko
2026-09-27T02:40:07.7317880Z   INSTALL /home/runner/work/_temp/work/ce/build.CoreELEC-Amlogic-no.aarch64-22/install_pkg/linux-69e87fa40cc3a04bf91d92e388d2787a2efcb50c/usr/lib/kernel-overlays/base/lib/modules/5.15.196/kernel/net/netfilter/nft_log.ko
2026-09-27T02:40:07.7349234Z   INSTALL /home/runner/work/_temp/work/ce/build.CoreELEC-Amlogic-no.aarch64-22/install_pkg/linux-69e87fa40cc3a04bf91d92e388d2787a2efcb50c/usr/lib/kernel-overlays/base/lib/modules/5.15.196/kernel/net/netfilter/nft_masq.ko
2026-09-27T02:40:07.7354832Z   INSTALL /home/runner/work/_temp/work/ce/build.CoreELEC-Amlogic-no.aarch64-22/install_pkg/linux-69e87fa40cc3a04bf91d92e388d2787a2efcb50c/usr/lib/kernel-overlays/base/lib/modules/5.15.196/kernel/net/netfilter/nft_nat.ko
2026-09-27T02:40:07.7368237Z   INSTALL /home/runner/work/_temp/work/ce/build.CoreELEC-Amlogic-no.aarch64-22/install_pkg/linux-69e87fa40cc3a04bf91d92e388d2787a2efcb50c/usr/lib/kernel-overlays/base/lib/modules/5.15.196/kernel/net/netfilter/nft_numgen.ko
2026-09-27T02:40:07.7400655Z   INSTALL /home/runner/work/_temp/work/ce/build.CoreELEC-Amlogic-no.aarch64-22/install_pkg/linux-69e87fa40cc3a04bf91d92e388d2787a2efcb50c/usr/lib/kernel-overlays/base/lib/modules/5.15.196/kernel/net/netfilter/nft_objref.ko
2026-09-27T02:40:07.7410563Z   INSTALL /home/runner/work/_temp/work/ce/build.CoreELEC-Amlogic-no.aarch64-22/install_pkg/linux-69e87fa40cc3a04bf91d92e388d2787a2efcb50c/usr/lib/kernel-overlays/base/lib/modules/5.15.196/kernel/net/netfilter/nft_osf.ko
2026-09-27T02:40:07.7412713Z   INSTALL /home/runner/work/_temp/work/ce/build.CoreELEC-Amlogic-no.aarch64-22/install_pkg/linux-69e87fa40cc3a04bf91d92e388d2787a2efcb50c/usr/lib/kernel-overlays/base/lib/modules/5.15.196/kernel/net/netfilter/nft_queue.ko
2026-09-27T02:40:07.7435758Z   INSTALL /home/runner/work/_temp/work/ce/build.CoreELEC-Amlogic-no.aarch64-22/install_pkg/linux-69e87fa40cc3a04bf91d92e388d2787a2efcb50c/usr/lib/kernel-overlays/base/lib/modules/5.15.196/kernel/net/netfilter/nft_quota.ko
2026-09-27T02:40:07.7452706Z   INSTALL /home/runner/work/_temp/work/ce/build.CoreELEC-Amlogic-no.aarch64-22/install_pkg/linux-69e87fa40cc3a04bf91d92e388d2787a2efcb50c/usr/lib/kernel-overlays/base/lib/modules/5.15.196/kernel/net/netfilter/nft_redir.ko
2026-09-27T02:40:07.7461945Z   INSTALL /home/runner/work/_temp/work/ce/build.CoreELEC-Amlogic-no.aarch64-22/install_pkg/linux-69e87fa40cc3a04bf91d92e388d2787a2efcb50c/usr/lib/kernel-overlays/base/lib/modules/5.15.196/kernel/net/netfilter/nft_reject.ko
2026-09-27T02:40:07.7473194Z   INSTALL /home/runner/work/_temp/work/ce/build.CoreELEC-Amlogic-no.aarch64-22/install_pkg/linux-69e87fa40cc3a04bf91d92e388d2787a2efcb50c/usr/lib/kernel-overlays/base/lib/modules/5.15.196/kernel/net/netfilter/nft_reject_inet.ko
2026-09-27T02:40:07.7496890Z   INSTALL /home/runner/work/_temp/work/ce/build.CoreELEC-Amlogic-no.aarch64-22/install_pkg/linux-69e87fa40cc3a04bf91d92e388d2787a2efcb50c/usr/lib/kernel-overlays/base/lib/modules/5.15.196/kernel/net/netfilter/nft_reject_netdev.ko
2026-09-27T02:40:07.7507624Z   INSTALL /home/runner/work/_temp/work/ce/build.CoreELEC-Amlogic-no.aarch64-22/install_pkg/linux-69e87fa40cc3a04bf91d92e388d2787a2efcb50c/usr/lib/kernel-overlays/base/lib/modules/5.15.196/kernel/net/netfilter/nft_socket.ko
2026-09-27T02:40:07.7521608Z   INSTALL /home/runner/work/_temp/work/ce/build.CoreELEC-Amlogic-no.aarch64-22/install_pkg/linux-69e87fa40cc3a04bf91d92e388d2787a2efcb50c/usr/lib/kernel-overlays/base/lib/modules/5.15.196/kernel/net/netfilter/nft_synproxy.ko
2026-09-27T02:40:07.7537666Z   INSTALL /home/runner/work/_temp/work/ce/build.CoreELEC-Amlogic-no.aarch64-22/install_pkg/linux-69e87fa40cc3a04bf91d92e388d2787a2efcb50c/usr/lib/kernel-overlays/base/lib/modules/5.15.196/kernel/net/netfilter/nft_tproxy.ko
2026-09-27T02:40:07.7556456Z   INSTALL /home/runner/work/_temp/work/ce/build.CoreELEC-Amlogic-no.aarch64-22/install_pkg/linux-69e87fa40cc3a04bf91d92e388d2787a2efcb50c/usr/lib/kernel-overlays/base/lib/modules/5.15.196/kernel/net/netfilter/nft_tunnel.ko
2026-09-27T02:40:07.7574652Z   INSTALL /home/runner/work/_temp/work/ce/build.CoreELEC-Amlogic-no.aarch64-22/install_pkg/linux-69e87fa40cc3a04bf91d92e388d2787a2efcb50c/usr/lib/kernel-overlays/base/lib/modules/5.15.196/kernel/net/netfilter/nft_xfrm.ko
2026-09-27T02:40:07.7581708Z   INSTALL /home/runner/work/_temp/work/ce/build.CoreELEC-Amlogic-no.aarch64-22/install_pkg/linux-69e87fa40cc3a04bf91d92e388d2787a2efcb50c/usr/lib/kernel-overlays/base/lib/modules/5.15.196/kernel/net/netfilter/x_tables.ko
2026-09-27T02:40:07.7598785Z   INSTALL /home/runner/work/_temp/work/ce/build.CoreELEC-Amlogic-no.aarch64-22/install_pkg/linux-69e87fa40cc3a04bf91d92e388d2787a2efcb50c/usr/lib/kernel-overlays/base/lib/modules/5.15.196/kernel/net/netfilter/xt_CONNSECMARK.ko
2026-09-27T02:40:07.7615744Z   INSTALL /home/runner/work/_temp/work/ce/build.CoreELEC-Amlogic-no.aarch64-22/install_pkg/linux-69e87fa40cc3a04bf91d92e388d2787a2efcb50c/usr/lib/kernel-overlays/base/lib/modules/5.15.196/kernel/net/netfilter/xt_CT.ko
2026-09-27T02:40:07.7627675Z   INSTALL /home/runner/work/_temp/work/ce/build.CoreELEC-Amlogic-no.aarch64-22/install_pkg/linux-69e87fa40cc3a04bf91d92e388d2787a2efcb50c/usr/lib/kernel-overlays/base/lib/modules/5.15.196/kernel/net/netfilter/xt_MASQUERADE.ko
2026-09-27T02:40:07.7637436Z   INSTALL /home/runner/work/_temp/work/ce/build.CoreELEC-Amlogic-no.aarch64-22/install_pkg/linux-69e87fa40cc3a04bf91d92e388d2787a2efcb50c/usr/lib/kernel-overlays/base/lib/modules/5.15.196/kernel/net/netfilter/xt_NETMAP.ko
2026-09-27T02:40:07.7656902Z   INSTALL /home/runner/work/_temp/work/ce/build.CoreELEC-Amlogic-no.aarch64-22/install_pkg/linux-69e87fa40cc3a04bf91d92e388d2787a2efcb50c/usr/lib/kernel-overlays/base/lib/modules/5.15.196/kernel/net/netfilter/xt_REDIRECT.ko
2026-09-27T02:40:07.7676366Z   INSTALL /home/runner/work/_temp/work/ce/build.CoreELEC-Amlogic-no.aarch64-22/install_pkg/linux-69e87fa40cc3a04bf91d92e388d2787a2efcb50c/usr/lib/kernel-overlays/base/lib/modules/5.15.196/kernel/net/netfilter/xt_TCPMSS.ko
2026-09-27T02:40:07.7682099Z   INSTALL /home/runner/work/_temp/work/ce/build.CoreELEC-Amlogic-no.aarch64-22/install_pkg/linux-69e87fa40cc3a04bf91d92e388d2787a2efcb50c/usr/lib/kernel-overlays/base/lib/modules/5.15.196/kernel/net/netfilter/xt_addrtype.ko
2026-09-27T02:40:07.7700993Z   INSTALL /home/runner/work/_temp/work/ce/build.CoreELEC-Amlogic-no.aarch64-22/install_pkg/linux-69e87fa40cc3a04bf91d92e388d2787a2efcb50c/usr/lib/kernel-overlays/base/lib/modules/5.15.196/kernel/net/netfilter/xt_bpf.ko
2026-09-27T02:40:07.7718059Z   INSTALL /home/runner/work/_temp/work/ce/build.CoreELEC-Amlogic-no.aarch64-22/install_pkg/linux-69e87fa40cc3a04bf91d92e388d2787a2efcb50c/usr/lib/kernel-overlays/base/lib/modules/5.15.196/kernel/net/netfilter/xt_comment.ko
2026-09-27T02:40:07.7724367Z   INSTALL /home/runner/work/_temp/work/ce/build.CoreELEC-Amlogic-no.aarch64-22/install_pkg/linux-69e87fa40cc3a04bf91d92e388d2787a2efcb50c/usr/lib/kernel-overlays/base/lib/modules/5.15.196/kernel/net/netfilter/xt_connlimit.ko
2026-09-27T02:40:07.7740025Z   INSTALL /home/runner/work/_temp/work/ce/build.CoreELEC-Amlogic-no.aarch64-22/install_pkg/linux-69e87fa40cc3a04bf91d92e388d2787a2efcb50c/usr/lib/kernel-overlays/base/lib/modules/5.15.196/kernel/net/netfilter/xt_connmark.ko
2026-09-27T02:40:07.7759611Z   INSTALL /home/runner/work/_temp/work/ce/build.CoreELEC-Amlogic-no.aarch64-22/install_pkg/linux-69e87fa40cc3a04bf91d92e388d2787a2efcb50c/usr/lib/kernel-overlays/base/lib/modules/5.15.196/kernel/net/netfilter/xt_conntrack.ko
2026-09-27T02:40:07.7770808Z   INSTALL /home/runner/work/_temp/work/ce/build.CoreELEC-Amlogic-no.aarch64-22/install_pkg/linux-69e87fa40cc3a04bf91d92e388d2787a2efcb50c/usr/lib/kernel-overlays/base/lib/modules/5.15.196/kernel/net/netfilter/xt_ecn.ko
2026-09-27T02:40:07.7778059Z   INSTALL /home/runner/work/_temp/work/ce/build.CoreELEC-Amlogic-no.aarch64-22/install_pkg/linux-69e87fa40cc3a04bf91d92e388d2787a2efcb50c/usr/lib/kernel-overlays/base/lib/modules/5.15.196/kernel/net/netfilter/xt_hashlimit.ko
2026-09-27T02:40:07.7800482Z   INSTALL /home/runner/work/_temp/work/ce/build.CoreELEC-Amlogic-no.aarch64-22/install_pkg/linux-69e87fa40cc3a04bf91d92e388d2787a2efcb50c/usr/lib/kernel-overlays/base/lib/modules/5.15.196/kernel/net/netfilter/xt_helper.ko
2026-09-27T02:40:07.7807246Z   INSTALL /home/runner/work/_temp/work/ce/build.CoreELEC-Amlogic-no.aarch64-22/install_pkg/linux-69e87fa40cc3a04bf91d92e388d2787a2efcb50c/usr/lib/kernel-overlays/base/lib/modules/5.15.196/kernel/net/netfilter/xt_hl.ko
2026-09-27T02:40:07.7838380Z   INSTALL /home/runner/work/_temp/work/ce/build.CoreELEC-Amlogic-no.aarch64-22/install_pkg/linux-69e87fa40cc3a04bf91d92e388d2787a2efcb50c/usr/lib/kernel-overlays/base/lib/modules/5.15.196/kernel/net/netfilter/xt_iprange.ko
2026-09-27T02:40:07.7847058Z   INSTALL /home/runner/work/_temp/work/ce/build.CoreELEC-Amlogic-no.aarch64-22/install_pkg/linux-69e87fa40cc3a04bf91d92e388d2787a2efcb50c/usr/lib/kernel-overlays/base/lib/modules/5.15.196/kernel/net/netfilter/xt_ipvs.ko
2026-09-27T02:40:07.7855053Z   INSTALL /home/runner/work/_temp/work/ce/build.CoreELEC-Amlogic-no.aarch64-22/install_pkg/linux-69e87fa40cc3a04bf91d92e388d2787a2efcb50c/usr/lib/kernel-overlays/base/lib/modules/5.15.196/kernel/net/netfilter/xt_l2tp.ko
2026-09-27T02:40:07.7863923Z   INSTALL /home/runner/work/_temp/work/ce/build.CoreELEC-Amlogic-no.aarch64-22/install_pkg/linux-69e87fa40cc3a04bf91d92e388d2787a2efcb50c/usr/lib/kernel-overlays/base/lib/modules/5.15.196/kernel/net/netfilter/xt_length.ko
2026-09-27T02:40:07.7882929Z   INSTALL /home/runner/work/_temp/work/ce/build.CoreELEC-Amlogic-no.aarch64-22/install_pkg/linux-69e87fa40cc3a04bf91d92e388d2787a2efcb50c/usr/lib/kernel-overlays/base/lib/modules/5.15.196/kernel/net/netfilter/xt_limit.ko
2026-09-27T02:40:07.7910142Z   INSTALL /home/runner/work/_temp/work/ce/build.CoreELEC-Amlogic-no.aarch64-22/install_pkg/linux-69e87fa40cc3a04bf91d92e388d2787a2efcb50c/usr/lib/kernel-overlays/base/lib/modules/5.15.196/kernel/net/netfilter/xt_mac.ko
2026-09-27T02:40:07.7920557Z   INSTALL /home/runner/work/_temp/work/ce/build.CoreELEC-Amlogic-no.aarch64-22/install_pkg/linux-69e87fa40cc3a04bf91d92e388d2787a2efcb50c/usr/lib/kernel-overlays/base/lib/modules/5.15.196/kernel/net/netfilter/xt_mark.ko
2026-09-27T02:40:07.7923073Z   INSTALL /home/runner/work/_temp/work/ce/build.CoreELEC-Amlogic-no.aarch64-22/install_pkg/linux-69e87fa40cc3a04bf91d92e388d2787a2efcb50c/usr/lib/kernel-overlays/base/lib/modules/5.15.196/kernel/net/netfilter/xt_multiport.ko
2026-09-27T02:40:07.7951840Z   INSTALL /home/runner/work/_temp/work/ce/build.CoreELEC-Amlogic-no.aarch64-22/install_pkg/linux-69e87fa40cc3a04bf91d92e388d2787a2efcb50c/usr/lib/kernel-overlays/base/lib/modules/5.15.196/kernel/net/netfilter/xt_nat.ko
2026-09-27T02:40:07.7960595Z   INSTALL /home/runner/work/_temp/work/ce/build.CoreELEC-Amlogic-no.aarch64-22/install_pkg/linux-69e87fa40cc3a04bf91d92e388d2787a2efcb50c/usr/lib/kernel-overlays/base/lib/modules/5.15.196/kernel/net/netfilter/xt_owner.ko
2026-09-27T02:40:07.7973817Z   INSTALL /home/runner/work/_temp/work/ce/build.CoreELEC-Amlogic-no.aarch64-22/install_pkg/linux-69e87fa40cc3a04bf91d92e388d2787a2efcb50c/usr/lib/kernel-overlays/base/lib/modules/5.15.196/kernel/net/netfilter/xt_state.ko
2026-09-27T02:40:07.7989057Z   INSTALL /home/runner/work/_temp/work/ce/build.CoreELEC-Amlogic-no.aarch64-22/install_pkg/linux-69e87fa40cc3a04bf91d92e388d2787a2efcb50c/usr/lib/kernel-overlays/base/lib/modules/5.15.196/kernel/net/netfilter/xt_tcpmss.ko
2026-09-27T02:40:07.8003686Z   INSTALL /home/runner/work/_temp/work/ce/build.CoreELEC-Amlogic-no.aarch64-22/install_pkg/linux-69e87fa40cc3a04bf91d92e388d2787a2efcb50c/usr/lib/kernel-overlays/base/lib/modules/5.15.196/kernel/net/netfilter/xt_tcpudp.ko
2026-09-27T02:40:07.8007414Z   INSTALL /home/runner/work/_temp/work/ce/build.CoreELEC-Amlogic-no.aarch64-22/install_pkg/linux-69e87fa40cc3a04bf91d92e388d2787a2efcb50c/usr/lib/kernel-overlays/base/lib/modules/5.15.196/kernel/net/sched/act_ct.ko
2026-09-27T02:40:07.8027604Z   INSTALL /home/runner/work/_temp/work/ce/build.CoreELEC-Amlogic-no.aarch64-22/install_pkg/linux-69e87fa40cc3a04bf91d92e388d2787a2efcb50c/usr/lib/kernel-overlays/base/lib/modules/5.15.196/kernel/net/wireless/cfg80211.ko
2026-09-27T02:40:07.8048004Z   INSTALL /home/runner/work/_temp/work/ce/build.CoreELEC-Amlogic-no.aarch64-22/install_pkg/linux-69e87fa40cc3a04bf91d92e388d2787a2efcb50c/usr/lib/kernel-overlays/base/lib/modules/5.15.196/kernel/net/xfrm/xfrm_algo.ko
2026-09-27T02:40:07.8075251Z   INSTALL /home/runner/work/_temp/work/ce/build.CoreELEC-Amlogic-no.aarch64-22/install_pkg/linux-69e87fa40cc3a04bf91d92e388d2787a2efcb50c/usr/lib/kernel-overlays/base/lib/modules/5.15.196/kernel/net/xfrm/xfrm_ipcomp.ko
2026-09-27T02:40:07.8083331Z   INSTALL /home/runner/work/_temp/work/ce/build.CoreELEC-Amlogic-no.aarch64-22/install_pkg/linux-69e87fa40cc3a04bf91d92e388d2787a2efcb50c/usr/lib/kernel-overlays/base/lib/modules/5.15.196/kernel/net/xfrm/xfrm_interface.ko
2026-09-27T02:40:07.8090460Z   INSTALL /home/runner/work/_temp/work/ce/build.CoreELEC-Amlogic-no.aarch64-22/install_pkg/linux-69e87fa40cc3a04bf91d92e388d2787a2efcb50c/usr/lib/kernel-overlays/base/lib/modules/5.15.196/kernel/net/xfrm/xfrm_user.ko
2026-09-27T02:40:07.8128153Z   INSTALL /home/runner/work/_temp/work/ce/build.CoreELEC-Amlogic-no.aarch64-22/install_pkg/linux-69e87fa40cc3a04bf91d92e388d2787a2efcb50c/usr/lib/kernel-overlays/base/lib/modules/5.15.196/kernel/sound/soc/codecs/snd-soc-spdif-rx.ko
2026-09-27T02:40:07.8138251Z   INSTALL /home/runner/work/_temp/work/ce/build.CoreELEC-Amlogic-no.aarch64-22/install_pkg/linux-69e87fa40cc3a04bf91d92e388d2787a2efcb50c/usr/lib/kernel-overlays/base/lib/modules/5.15.196/kernel/sound/soc/codecs/snd-soc-spdif-tx.ko
2026-09-27T02:40:09.6204964Z boot image: total=24274944 page=2048 hdr_ver=0 os_ver=0x0 name='' cmdline=''
2026-09-27T02:40:09.6205674Z   kernel @0x2000000  ramdisk @0x1000000  second @0xf00000  tags @0x100
2026-09-27T02:40:09.6206231Z   kernel=16974438 bytes (head 894c5a4f)
2026-09-27T02:40:09.6206560Z   ramdisk=7295236 bytes (head 28b52ffd)
2026-09-27T02:40:09.9697417Z unpatched: Linux version 5.15.196 (runner@runnervmtr4k5) (Android (10087095, +pgo, +bolt, +lto, -mlgo, based on r487747c) clang version 17.0.2 (https://android.googlesource.com/toolchain/llvm-project d9f89f4d16663d5012e5c09495f3b30ece3d2362), LLD 17.0.2) #1 SMP PREEMPT Sun Sep 27 02:23:19 UTC 2026
2026-09-27T02:40:09.9707317Z 
2026-09-27T02:40:09.9707613Z === module ABI check (unpatched) against the official SYSTEM's modules  [02:40:09Z]
2026-09-27T02:40:12.0423758Z [unpatched] official modules: 903; symbol CRCs checked: 36428; match rebuilt kernel: 33798; MISMATCH: 0; not in rebuilt Module.symvers: 2630
2026-09-27T02:40:12.0424667Z [unpatched] official vermagic(s): 5.15.196 SMP preempt mod_unload modversions aarch64
2026-09-27T02:40:12.0425329Z [unpatched] same-named modules rebuilt: 798; srcversion identical: 99, different: 0, absent: 699
2026-09-27T02:40:12.0951645Z 
2026-09-27T02:40:12.0952732Z === clean linux + common_drivers before the patched build  [02:40:12Z]
2026-09-27T02:40:12.2365404Z [1;31mCLEAN[0m      linux
2026-09-27T02:40:12.2385188Z     [1;31m*[0m      [0;31mRemoving /home/runner/work/_temp/work/ce/build.CoreELEC-Amlogic-no.aarch64-22/build/linux-69e87fa40cc3a04bf91d92e388d2787a2efcb50c ...[0m
2026-09-27T02:40:24.5576461Z     [1;31m*[0m      [0;31mRemoving /home/runner/work/_temp/work/ce/build.CoreELEC-Amlogic-no.aarch64-22/install_pkg/linux-69e87fa40cc3a04bf91d92e388d2787a2efcb50c ...[0m
2026-09-27T02:40:24.6048040Z     [1;31m*[0m      [0;31mRemoving /home/runner/work/_temp/work/ce/build.CoreELEC-Amlogic-no.aarch64-22/qa_checks/linux-* ...[0m
2026-09-27T02:40:24.6675058Z [1;31mCLEAN[0m      common_drivers
2026-09-27T02:40:24.6693936Z     [1;31m*[0m      [0;31mRemoving /home/runner/work/_temp/work/ce/build.CoreELEC-Amlogic-no.aarch64-22/build/common_drivers-23b23cb6b709d53a5b7cb2cc6984f0c4d16bb125 ...[0m
2026-09-27T02:40:25.1000294Z     [1;31m*[0m      [0;31mRemoving /home/runner/work/_temp/work/ce/build.CoreELEC-Amlogic-no.aarch64-22/qa_checks/common_drivers-* ...[0m
2026-09-27T02:40:25.1028594Z 
2026-09-27T02:40:25.1029128Z === switch common_drivers to avrignaud/common_drivers@48e62bf2932c98e48d18569ff0a1d73e25924eda  [02:40:25Z]
2026-09-27T02:40:25.1053225Z PKG_VERSION="48e62bf2932c98e48d18569ff0a1d73e25924eda"
2026-09-27T02:40:25.1053911Z PKG_URL="https://github.com/avrignaud/common_drivers/archive/${PKG_VERSION}.tar.gz"
2026-09-27T02:40:25.1064408Z 
2026-09-27T02:40:25.1064586Z === build linux (patched)  [02:40:25Z]
2026-09-27T02:40:37.4639187Z   INSTALL dest/include
2026-09-27T02:57:12.3321641Z   INSTALL /home/runner/work/_temp/work/ce/build.CoreELEC-Amlogic-no.aarch64-22/install_pkg/linux-69e87fa40cc3a04bf91d92e388d2787a2efcb50c/usr/lib/kernel-overlays/base/lib/modules/5.15.196/kernel/arch/arm64/lib/xor-neon.ko
2026-09-27T02:57:12.3327254Z   INSTALL /home/runner/work/_temp/work/ce/build.CoreELEC-Amlogic-no.aarch64-22/install_pkg/linux-69e87fa40cc3a04bf91d92e388d2787a2efcb50c/usr/lib/kernel-overlays/base/lib/modules/5.15.196/kernel/common_drivers/drivers/amfc/aml_erofs/aml-erofs.ko
2026-09-27T02:57:12.3333609Z   INSTALL /home/runner/work/_temp/work/ce/build.CoreELEC-Amlogic-no.aarch64-22/install_pkg/linux-69e87fa40cc3a04bf91d92e388d2787a2efcb50c/usr/lib/kernel-overlays/base/lib/modules/5.15.196/kernel/common_drivers/drivers/dvb/demux/amlogic-dvb-demux.ko
2026-09-27T02:57:12.3357185Z   INSTALL /home/runner/work/_temp/work/ce/build.CoreELEC-Amlogic-no.aarch64-22/install_pkg/linux-69e87fa40cc3a04bf91d92e388d2787a2efcb50c/usr/lib/kernel-overlays/base/lib/modules/5.15.196/kernel/common_drivers/drivers/dvb/dummy_fe/amlogic-dummy-fe.ko
2026-09-27T02:57:12.3374857Z   INSTALL /home/runner/work/_temp/work/ce/build.CoreELEC-Amlogic-no.aarch64-22/install_pkg/linux-69e87fa40cc3a04bf91d92e388d2787a2efcb50c/usr/lib/kernel-overlays/base/lib/modules/5.15.196/kernel/common_drivers/drivers/dvb/smartcard/amsmc.ko
2026-09-27T02:57:12.3391885Z   INSTALL /home/runner/work/_temp/work/ce/build.CoreELEC-Amlogic-no.aarch64-22/install_pkg/linux-69e87fa40cc3a04bf91d92e388d2787a2efcb50c/usr/lib/kernel-overlays/base/lib/modules/5.15.196/kernel/common_drivers/drivers/dvb/smartcard_sc2/amsmc_sc2.ko
2026-09-27T02:57:12.3411302Z   INSTALL /home/runner/work/_temp/work/ce/build.CoreELEC-Amlogic-no.aarch64-22/install_pkg/linux-69e87fa40cc3a04bf91d92e388d2787a2efcb50c/usr/lib/kernel-overlays/base/lib/modules/5.15.196/kernel/common_drivers/drivers/gki_tool/amlogic-gkitool.ko
2026-09-27T02:57:12.3419325Z   INSTALL /home/runner/work/_temp/work/ce/build.CoreELEC-Amlogic-no.aarch64-22/install_pkg/linux-69e87fa40cc3a04bf91d92e388d2787a2efcb50c/usr/lib/kernel-overlays/base/lib/modules/5.15.196/kernel/common_drivers/drivers/input/keyboard/gpio_keypad.ko
2026-09-27T02:57:12.3436423Z   INSTALL /home/runner/work/_temp/work/ce/build.CoreELEC-Amlogic-no.aarch64-22/install_pkg/linux-69e87fa40cc3a04bf91d92e388d2787a2efcb50c/usr/lib/kernel-overlays/base/lib/modules/5.15.196/kernel/common_drivers/drivers/input/meson-remote.ko
2026-09-27T02:57:12.3447096Z   INSTALL /home/runner/work/_temp/work/ce/build.CoreELEC-Amlogic-no.aarch64-22/install_pkg/linux-69e87fa40cc3a04bf91d92e388d2787a2efcb50c/usr/lib/kernel-overlays/base/lib/modules/5.15.196/kernel/crypto/blake2b_generic.ko
2026-09-27T02:57:12.3455705Z   INSTALL /home/runner/work/_temp/work/ce/build.CoreELEC-Amlogic-no.aarch64-22/install_pkg/linux-69e87fa40cc3a04bf91d92e388d2787a2efcb50c/usr/lib/kernel-overlays/base/lib/modules/5.15.196/kernel/crypto/xor.ko
2026-09-27T02:57:12.3478006Z   INSTALL /home/runner/work/_temp/work/ce/build.CoreELEC-Amlogic-no.aarch64-22/install_pkg/linux-69e87fa40cc3a04bf91d92e388d2787a2efcb50c/usr/lib/kernel-overlays/base/lib/modules/5.15.196/kernel/crypto/xxhash_generic.ko
2026-09-27T02:57:12.3494703Z   INSTALL /home/runner/work/_temp/work/ce/build.CoreELEC-Amlogic-no.aarch64-22/install_pkg/linux-69e87fa40cc3a04bf91d92e388d2787a2efcb50c/usr/lib/kernel-overlays/base/lib/modules/5.15.196/kernel/drivers/bcma/bcma.ko
2026-09-27T02:57:12.3499509Z   INSTALL /home/runner/work/_temp/work/ce/build.CoreELEC-Amlogic-no.aarch64-22/install_pkg/linux-69e87fa40cc3a04bf91d92e388d2787a2efcb50c/usr/lib/kernel-overlays/base/lib/modules/5.15.196/kernel/drivers/block/aoe/aoe.ko
2026-09-27T02:57:12.3517589Z   INSTALL /home/runner/work/_temp/work/ce/build.CoreELEC-Amlogic-no.aarch64-22/install_pkg/linux-69e87fa40cc3a04bf91d92e388d2787a2efcb50c/usr/lib/kernel-overlays/base/lib/modules/5.15.196/kernel/drivers/block/pktcdvd.ko
2026-09-27T02:57:12.3527261Z   INSTALL /home/runner/work/_temp/work/ce/build.CoreELEC-Amlogic-no.aarch64-22/install_pkg/linux-69e87fa40cc3a04bf91d92e388d2787a2efcb50c/usr/lib/kernel-overlays/base/lib/modules/5.15.196/kernel/drivers/block/zram/zram.ko
2026-09-27T02:57:12.3557488Z   INSTALL /home/runner/work/_temp/work/ce/build.CoreELEC-Amlogic-no.aarch64-22/install_pkg/linux-69e87fa40cc3a04bf91d92e388d2787a2efcb50c/usr/lib/kernel-overlays/base/lib/modules/5.15.196/kernel/drivers/bluetooth/ath3k.ko
2026-09-27T02:57:12.3573356Z   INSTALL /home/runner/work/_temp/work/ce/build.CoreELEC-Amlogic-no.aarch64-22/install_pkg/linux-69e87fa40cc3a04bf91d92e388d2787a2efcb50c/usr/lib/kernel-overlays/base/lib/modules/5.15.196/kernel/drivers/bluetooth/bfusb.ko
2026-09-27T02:57:12.3578169Z   INSTALL /home/runner/work/_temp/work/ce/build.CoreELEC-Amlogic-no.aarch64-22/install_pkg/linux-69e87fa40cc3a04bf91d92e388d2787a2efcb50c/usr/lib/kernel-overlays/base/lib/modules/5.15.196/kernel/drivers/bluetooth/bcm203x.ko
2026-09-27T02:57:12.3601384Z   INSTALL /home/runner/work/_temp/work/ce/build.CoreELEC-Amlogic-no.aarch64-22/install_pkg/linux-69e87fa40cc3a04bf91d92e388d2787a2efcb50c/usr/lib/kernel-overlays/base/lib/modules/5.15.196/kernel/drivers/bluetooth/bpa10x.ko
2026-09-27T02:57:12.3619190Z   INSTALL /home/runner/work/_temp/work/ce/build.CoreELEC-Amlogic-no.aarch64-22/install_pkg/linux-69e87fa40cc3a04bf91d92e388d2787a2efcb50c/usr/lib/kernel-overlays/base/lib/modules/5.15.196/kernel/drivers/bluetooth/btbcm.ko
2026-09-27T02:57:12.3623792Z   INSTALL /home/runner/work/_temp/work/ce/build.CoreELEC-Amlogic-no.aarch64-22/install_pkg/linux-69e87fa40cc3a04bf91d92e388d2787a2efcb50c/usr/lib/kernel-overlays/base/lib/modules/5.15.196/kernel/drivers/bluetooth/btintel.ko
2026-09-27T02:57:12.3644820Z   INSTALL /home/runner/work/_temp/work/ce/build.CoreELEC-Amlogic-no.aarch64-22/install_pkg/linux-69e87fa40cc3a04bf91d92e388d2787a2efcb50c/usr/lib/kernel-overlays/base/lib/modules/5.15.196/kernel/drivers/bluetooth/btmrvl.ko
2026-09-27T02:57:12.3647639Z   INSTALL /home/runner/work/_temp/work/ce/build.CoreELEC-Amlogic-no.aarch64-22/install_pkg/linux-69e87fa40cc3a04bf91d92e388d2787a2efcb50c/usr/lib/kernel-overlays/base/lib/modules/5.15.196/kernel/drivers/bluetooth/btmrvl_sdio.ko
2026-09-27T02:57:12.3677637Z   INSTALL /home/runner/work/_temp/work/ce/build.CoreELEC-Amlogic-no.aarch64-22/install_pkg/linux-69e87fa40cc3a04bf91d92e388d2787a2efcb50c/usr/lib/kernel-overlays/base/lib/modules/5.15.196/kernel/drivers/bluetooth/btqca.ko
2026-09-27T02:57:12.3694036Z   INSTALL /home/runner/work/_temp/work/ce/build.CoreELEC-Amlogic-no.aarch64-22/install_pkg/linux-69e87fa40cc3a04bf91d92e388d2787a2efcb50c/usr/lib/kernel-overlays/base/lib/modules/5.15.196/kernel/drivers/bluetooth/btrtl.ko
2026-09-27T02:57:12.3700542Z   INSTALL /home/runner/work/_temp/work/ce/build.CoreELEC-Amlogic-no.aarch64-22/install_pkg/linux-69e87fa40cc3a04bf91d92e388d2787a2efcb50c/usr/lib/kernel-overlays/base/lib/modules/5.15.196/kernel/drivers/bluetooth/btusb.ko
2026-09-27T02:57:12.3717817Z   INSTALL /home/runner/work/_temp/work/ce/build.CoreELEC-Amlogic-no.aarch64-22/install_pkg/linux-69e87fa40cc3a04bf91d92e388d2787a2efcb50c/usr/lib/kernel-overlays/base/lib/modules/5.15.196/kernel/drivers/bluetooth/hci_uart.ko
2026-09-27T02:57:12.3720303Z   INSTALL /home/runner/work/_temp/work/ce/build.CoreELEC-Amlogic-no.aarch64-22/install_pkg/linux-69e87fa40cc3a04bf91d92e388d2787a2efcb50c/usr/lib/kernel-overlays/base/lib/modules/5.15.196/kernel/drivers/bluetooth/hci_vhci.ko
2026-09-27T02:57:12.3763678Z   INSTALL /home/runner/work/_temp/work/ce/build.CoreELEC-Amlogic-no.aarch64-22/install_pkg/linux-69e87fa40cc3a04bf91d92e388d2787a2efcb50c/usr/lib/kernel-overlays/base/lib/modules/5.15.196/kernel/drivers/gpio/gpio-pcf857x.ko
2026-09-27T02:57:12.3777343Z   INSTALL /home/runner/work/_temp/work/ce/build.CoreELEC-Amlogic-no.aarch64-22/install_pkg/linux-69e87fa40cc3a04bf91d92e388d2787a2efcb50c/usr/lib/kernel-overlays/base/lib/modules/5.15.196/kernel/drivers/hid/hid-firetv.ko
2026-09-27T02:57:12.3811534Z   INSTALL /home/runner/work/_temp/work/ce/build.CoreELEC-Amlogic-no.aarch64-22/install_pkg/linux-69e87fa40cc3a04bf91d92e388d2787a2efcb50c/usr/lib/kernel-overlays/base/lib/modules/5.15.196/kernel/drivers/i2c/muxes/i2c-demux-pinctrl.ko
2026-09-27T02:57:12.3819062Z   INSTALL /home/runner/work/_temp/work/ce/build.CoreELEC-Amlogic-no.aarch64-22/install_pkg/linux-69e87fa40cc3a04bf91d92e388d2787a2efcb50c/usr/lib/kernel-overlays/base/lib/modules/5.15.196/kernel/drivers/i2c/muxes/i2c-arb-gpio-challenge.ko
2026-09-27T02:57:12.3832429Z   INSTALL /home/runner/work/_temp/work/ce/build.CoreELEC-Amlogic-no.aarch64-22/install_pkg/linux-69e87fa40cc3a04bf91d92e388d2787a2efcb50c/usr/lib/kernel-overlays/base/lib/modules/5.15.196/kernel/drivers/i2c/muxes/i2c-mux-gpio.ko
2026-09-27T02:57:12.3851247Z   INSTALL /home/runner/work/_temp/work/ce/build.CoreELEC-Amlogic-no.aarch64-22/install_pkg/linux-69e87fa40cc3a04bf91d92e388d2787a2efcb50c/usr/lib/kernel-overlays/base/lib/modules/5.15.196/kernel/drivers/i2c/muxes/i2c-mux-gpmux.ko
2026-09-27T02:57:12.3861504Z   INSTALL /home/runner/work/_temp/work/ce/build.CoreELEC-Amlogic-no.aarch64-22/install_pkg/linux-69e87fa40cc3a04bf91d92e388d2787a2efcb50c/usr/lib/kernel-overlays/base/lib/modules/5.15.196/kernel/drivers/i2c/muxes/i2c-mux-ltc4306.ko
2026-09-27T02:57:12.3870143Z   INSTALL /home/runner/work/_temp/work/ce/build.CoreELEC-Amlogic-no.aarch64-22/install_pkg/linux-69e87fa40cc3a04bf91d92e388d2787a2efcb50c/usr/lib/kernel-overlays/base/lib/modules/5.15.196/kernel/drivers/i2c/muxes/i2c-mux-mlxcpld.ko
2026-09-27T02:57:12.3885065Z   INSTALL /home/runner/work/_temp/work/ce/build.CoreELEC-Amlogic-no.aarch64-22/install_pkg/linux-69e87fa40cc3a04bf91d92e388d2787a2efcb50c/usr/lib/kernel-overlays/base/lib/modules/5.15.196/kernel/drivers/i2c/muxes/i2c-mux-pca9541.ko
2026-09-27T02:57:12.3892682Z   INSTALL /home/runner/work/_temp/work/ce/build.CoreELEC-Amlogic-no.aarch64-22/install_pkg/linux-69e87fa40cc3a04bf91d92e388d2787a2efcb50c/usr/lib/kernel-overlays/base/lib/modules/5.15.196/kernel/drivers/i2c/muxes/i2c-mux-pca954x.ko
2026-09-27T02:57:12.3914344Z   INSTALL /home/runner/work/_temp/work/ce/build.CoreELEC-Amlogic-no.aarch64-22/install_pkg/linux-69e87fa40cc3a04bf91d92e388d2787a2efcb50c/usr/lib/kernel-overlays/base/lib/modules/5.15.196/kernel/drivers/i2c/muxes/i2c-mux-pinctrl.ko
2026-09-27T02:57:12.3927859Z   INSTALL /home/runner/work/_temp/work/ce/build.CoreELEC-Amlogic-no.aarch64-22/install_pkg/linux-69e87fa40cc3a04bf91d92e388d2787a2efcb50c/usr/lib/kernel-overlays/base/lib/modules/5.15.196/kernel/drivers/i2c/muxes/i2c-mux-reg.ko
2026-09-27T02:57:12.3937583Z   INSTALL /home/runner/work/_temp/work/ce/build.CoreELEC-Amlogic-no.aarch64-22/install_pkg/linux-69e87fa40cc3a04bf91d92e388d2787a2efcb50c/usr/lib/kernel-overlays/base/lib/modules/5.15.196/kernel/drivers/leds/aw210xx/leds_aw210xx.ko
2026-09-27T02:57:12.3953863Z   INSTALL /home/runner/work/_temp/work/ce/build.CoreELEC-Amlogic-no.aarch64-22/install_pkg/linux-69e87fa40cc3a04bf91d92e388d2787a2efcb50c/usr/lib/kernel-overlays/base/lib/modules/5.15.196/kernel/drivers/leds/leds-is31fl32xx.ko
2026-09-27T02:57:12.3971528Z   INSTALL /home/runner/work/_temp/work/ce/build.CoreELEC-Amlogic-no.aarch64-22/install_pkg/linux-69e87fa40cc3a04bf91d92e388d2787a2efcb50c/usr/lib/kernel-overlays/base/lib/modules/5.15.196/kernel/drivers/leds/leds-tca6507.ko
2026-09-27T02:57:12.3975159Z   INSTALL /home/runner/work/_temp/work/ce/build.CoreELEC-Amlogic-no.aarch64-22/install_pkg/linux-69e87fa40cc3a04bf91d92e388d2787a2efcb50c/usr/lib/kernel-overlays/base/lib/modules/5.15.196/kernel/drivers/md/dm-bio-prison.ko
2026-09-27T02:57:12.3989762Z   INSTALL /home/runner/work/_temp/work/ce/build.CoreELEC-Amlogic-no.aarch64-22/install_pkg/linux-69e87fa40cc3a04bf91d92e388d2787a2efcb50c/usr/lib/kernel-overlays/base/lib/modules/5.15.196/kernel/drivers/md/dm-bow.ko
2026-09-27T02:57:12.4004487Z   INSTALL /home/runner/work/_temp/work/ce/build.CoreELEC-Amlogic-no.aarch64-22/install_pkg/linux-69e87fa40cc3a04bf91d92e388d2787a2efcb50c/usr/lib/kernel-overlays/base/lib/modules/5.15.196/kernel/drivers/md/dm-bufio.ko
2026-09-27T02:57:12.4025399Z   INSTALL /home/runner/work/_temp/work/ce/build.CoreELEC-Amlogic-no.aarch64-22/install_pkg/linux-69e87fa40cc3a04bf91d92e388d2787a2efcb50c/usr/lib/kernel-overlays/base/lib/modules/5.15.196/kernel/drivers/md/dm-crypt.ko
2026-09-27T02:57:12.4038460Z   INSTALL /home/runner/work/_temp/work/ce/build.CoreELEC-Amlogic-no.aarch64-22/install_pkg/linux-69e87fa40cc3a04bf91d92e388d2787a2efcb50c/usr/lib/kernel-overlays/base/lib/modules/5.15.196/kernel/drivers/md/dm-mod.ko
2026-09-27T02:57:12.4048867Z   INSTALL /home/runner/work/_temp/work/ce/build.CoreELEC-Amlogic-no.aarch64-22/install_pkg/linux-69e87fa40cc3a04bf91d92e388d2787a2efcb50c/usr/lib/kernel-overlays/base/lib/modules/5.15.196/kernel/drivers/md/dm-default-key.ko
2026-09-27T02:57:12.4057868Z   INSTALL /home/runner/work/_temp/work/ce/build.CoreELEC-Amlogic-no.aarch64-22/install_pkg/linux-69e87fa40cc3a04bf91d92e388d2787a2efcb50c/usr/lib/kernel-overlays/base/lib/modules/5.15.196/kernel/drivers/md/dm-snapshot.ko
2026-09-27T02:57:12.4074326Z   INSTALL /home/runner/work/_temp/work/ce/build.CoreELEC-Amlogic-no.aarch64-22/install_pkg/linux-69e87fa40cc3a04bf91d92e388d2787a2efcb50c/usr/lib/kernel-overlays/base/lib/modules/5.15.196/kernel/drivers/md/dm-thin-pool.ko
2026-09-27T02:57:12.4098126Z   INSTALL /home/runner/work/_temp/work/ce/build.CoreELEC-Amlogic-no.aarch64-22/install_pkg/linux-69e87fa40cc3a04bf91d92e388d2787a2efcb50c/usr/lib/kernel-overlays/base/lib/modules/5.15.196/kernel/drivers/md/dm-user.ko
2026-09-27T02:57:12.4111398Z   INSTALL /home/runner/work/_temp/work/ce/build.CoreELEC-Amlogic-no.aarch64-22/install_pkg/linux-69e87fa40cc3a04bf91d92e388d2787a2efcb50c/usr/lib/kernel-overlays/base/lib/modules/5.15.196/kernel/drivers/md/dm-verity.ko
2026-09-27T02:57:12.4133465Z   INSTALL /home/runner/work/_temp/work/ce/build.CoreELEC-Amlogic-no.aarch64-22/install_pkg/linux-69e87fa40cc3a04bf91d92e388d2787a2efcb50c/usr/lib/kernel-overlays/base/lib/modules/5.15.196/kernel/drivers/md/persistent-data/dm-persistent-data.ko
2026-09-27T02:57:12.4154919Z   INSTALL /home/runner/work/_temp/work/ce/build.CoreELEC-Amlogic-no.aarch64-22/install_pkg/linux-69e87fa40cc3a04bf91d92e388d2787a2efcb50c/usr/lib/kernel-overlays/base/lib/modules/5.15.196/kernel/drivers/media/common/cx2341x.ko
2026-09-27T02:57:12.4157950Z   INSTALL /home/runner/work/_temp/work/ce/build.CoreELEC-Amlogic-no.aarch64-22/install_pkg/linux-69e87fa40cc3a04bf91d92e388d2787a2efcb50c/usr/lib/kernel-overlays/base/lib/modules/5.15.196/kernel/drivers/media/common/b2c2/b2c2-flexcop.ko
2026-09-27T02:57:12.4160164Z   INSTALL /home/runner/work/_temp/work/ce/build.CoreELEC-Amlogic-no.aarch64-22/install_pkg/linux-69e87fa40cc3a04bf91d92e388d2787a2efcb50c/usr/lib/kernel-overlays/base/lib/modules/5.15.196/kernel/drivers/media/common/cypress_firmware.ko
2026-09-27T02:57:12.4186563Z   INSTALL /home/runner/work/_temp/work/ce/build.CoreELEC-Amlogic-no.aarch64-22/install_pkg/linux-69e87fa40cc3a04bf91d92e388d2787a2efcb50c/usr/lib/kernel-overlays/base/lib/modules/5.15.196/kernel/drivers/media/common/siano/smsdvb.ko
2026-09-27T02:57:12.4204774Z   INSTALL /home/runner/work/_temp/work/ce/build.CoreELEC-Amlogic-no.aarch64-22/install_pkg/linux-69e87fa40cc3a04bf91d92e388d2787a2efcb50c/usr/lib/kernel-overlays/base/lib/modules/5.15.196/kernel/drivers/media/common/siano/smsmdtv.ko
2026-09-27T02:57:12.4207613Z   INSTALL /home/runner/work/_temp/work/ce/build.CoreELEC-Amlogic-no.aarch64-22/install_pkg/linux-69e87fa40cc3a04bf91d92e388d2787a2efcb50c/usr/lib/kernel-overlays/base/lib/modules/5.15.196/kernel/drivers/media/common/ttpci-eeprom.ko
2026-09-27T02:57:12.4210805Z   INSTALL /home/runner/work/_temp/work/ce/build.CoreELEC-Amlogic-no.aarch64-22/install_pkg/linux-69e87fa40cc3a04bf91d92e388d2787a2efcb50c/usr/lib/kernel-overlays/base/lib/modules/5.15.196/kernel/drivers/media/common/tveeprom.ko
2026-09-27T02:57:12.4248364Z   INSTALL /home/runner/work/_temp/work/ce/build.CoreELEC-Amlogic-no.aarch64-22/install_pkg/linux-69e87fa40cc3a04bf91d92e388d2787a2efcb50c/usr/lib/kernel-overlays/base/lib/modules/5.15.196/kernel/drivers/media/dvb-frontends/a8293.ko
2026-09-27T02:57:12.4256350Z   INSTALL /home/runner/work/_temp/work/ce/build.CoreELEC-Amlogic-no.aarch64-22/install_pkg/linux-69e87fa40cc3a04bf91d92e388d2787a2efcb50c/usr/lib/kernel-overlays/base/lib/modules/5.15.196/kernel/drivers/media/dvb-frontends/af9013.ko
2026-09-27T02:57:12.4276488Z   INSTALL /home/runner/work/_temp/work/ce/build.CoreELEC-Amlogic-no.aarch64-22/install_pkg/linux-69e87fa40cc3a04bf91d92e388d2787a2efcb50c/usr/lib/kernel-overlays/base/lib/modules/5.15.196/kernel/drivers/media/dvb-frontends/as102_fe.ko
2026-09-27T02:57:12.4283747Z   INSTALL /home/runner/work/_temp/work/ce/build.CoreELEC-Amlogic-no.aarch64-22/install_pkg/linux-69e87fa40cc3a04bf91d92e388d2787a2efcb50c/usr/lib/kernel-overlays/base/lib/modules/5.15.196/kernel/drivers/media/dvb-frontends/af9033.ko
2026-09-27T02:57:12.4310461Z   INSTALL /home/runner/work/_temp/work/ce/build.CoreELEC-Amlogic-no.aarch64-22/install_pkg/linux-69e87fa40cc3a04bf91d92e388d2787a2efcb50c/usr/lib/kernel-overlays/base/lib/modules/5.15.196/kernel/drivers/media/dvb-frontends/ascot2e.ko
2026-09-27T02:57:12.4313114Z   INSTALL /home/runner/work/_temp/work/ce/build.CoreELEC-Amlogic-no.aarch64-22/install_pkg/linux-69e87fa40cc3a04bf91d92e388d2787a2efcb50c/usr/lib/kernel-overlays/base/lib/modules/5.15.196/kernel/drivers/media/dvb-frontends/atbm8830.ko
2026-09-27T02:57:12.4333967Z   INSTALL /home/runner/work/_temp/work/ce/build.CoreELEC-Amlogic-no.aarch64-22/install_pkg/linux-69e87fa40cc3a04bf91d92e388d2787a2efcb50c/usr/lib/kernel-overlays/base/lib/modules/5.15.196/kernel/drivers/media/dvb-frontends/au8522_common.ko
2026-09-27T02:57:12.4342524Z   INSTALL /home/runner/work/_temp/work/ce/build.CoreELEC-Amlogic-no.aarch64-22/install_pkg/linux-69e87fa40cc3a04bf91d92e388d2787a2efcb50c/usr/lib/kernel-overlays/base/lib/modules/5.15.196/kernel/drivers/media/dvb-frontends/au8522_decoder.ko
2026-09-27T02:57:12.4357169Z   INSTALL /home/runner/work/_temp/work/ce/build.CoreELEC-Amlogic-no.aarch64-22/install_pkg/linux-69e87fa40cc3a04bf91d92e388d2787a2efcb50c/usr/lib/kernel-overlays/base/lib/modules/5.15.196/kernel/drivers/media/dvb-frontends/au8522_dig.ko
2026-09-27T02:57:12.4376878Z   INSTALL /home/runner/work/_temp/work/ce/build.CoreELEC-Amlogic-no.aarch64-22/install_pkg/linux-69e87fa40cc3a04bf91d92e388d2787a2efcb50c/usr/lib/kernel-overlays/base/lib/modules/5.15.196/kernel/drivers/media/dvb-frontends/bcm3510.ko
2026-09-27T02:57:12.4383093Z   INSTALL /home/runner/work/_temp/work/ce/build.CoreELEC-Amlogic-no.aarch64-22/install_pkg/linux-69e87fa40cc3a04bf91d92e388d2787a2efcb50c/usr/lib/kernel-overlays/base/lib/modules/5.15.196/kernel/drivers/media/dvb-frontends/cx22700.ko
2026-09-27T02:57:12.4394058Z   INSTALL /home/runner/work/_temp/work/ce/build.CoreELEC-Amlogic-no.aarch64-22/install_pkg/linux-69e87fa40cc3a04bf91d92e388d2787a2efcb50c/usr/lib/kernel-overlays/base/lib/modules/5.15.196/kernel/drivers/media/dvb-frontends/cx22702.ko
2026-09-27T02:57:12.4406805Z   INSTALL /home/runner/work/_temp/work/ce/build.CoreELEC-Amlogic-no.aarch64-22/install_pkg/linux-69e87fa40cc3a04bf91d92e388d2787a2efcb50c/usr/lib/kernel-overlays/base/lib/modules/5.15.196/kernel/drivers/media/dvb-frontends/cx24110.ko
2026-09-27T02:57:12.4422849Z   INSTALL /home/runner/work/_temp/work/ce/build.CoreELEC-Amlogic-no.aarch64-22/install_pkg/linux-69e87fa40cc3a04bf91d92e388d2787a2efcb50c/usr/lib/kernel-overlays/base/lib/modules/5.15.196/kernel/drivers/media/dvb-frontends/cx24113.ko
2026-09-27T02:57:12.4441509Z   INSTALL /home/runner/work/_temp/work/ce/build.CoreELEC-Amlogic-no.aarch64-22/install_pkg/linux-69e87fa40cc3a04bf91d92e388d2787a2efcb50c/usr/lib/kernel-overlays/base/lib/modules/5.15.196/kernel/drivers/media/dvb-frontends/cx24116.ko
2026-09-27T02:57:12.4451967Z   INSTALL /home/runner/work/_temp/work/ce/build.CoreELEC-Amlogic-no.aarch64-22/install_pkg/linux-69e87fa40cc3a04bf91d92e388d2787a2efcb50c/usr/lib/kernel-overlays/base/lib/modules/5.15.196/kernel/drivers/media/dvb-frontends/cx24117.ko
2026-09-27T02:57:12.4468966Z   INSTALL /home/runner/work/_temp/work/ce/build.CoreELEC-Amlogic-no.aarch64-22/install_pkg/linux-69e87fa40cc3a04bf91d92e388d2787a2efcb50c/usr/lib/kernel-overlays/base/lib/modules/5.15.196/kernel/drivers/media/dvb-frontends/cx24120.ko
2026-09-27T02:57:12.4473991Z   INSTALL /home/runner/work/_temp/work/ce/build.CoreELEC-Amlogic-no.aarch64-22/install_pkg/linux-69e87fa40cc3a04bf91d92e388d2787a2efcb50c/usr/lib/kernel-overlays/base/lib/modules/5.15.196/kernel/drivers/media/dvb-frontends/cx24123.ko
2026-09-27T02:57:12.4501886Z   INSTALL /home/runner/work/_temp/work/ce/build.CoreELEC-Amlogic-no.aarch64-22/install_pkg/linux-69e87fa40cc3a04bf91d92e388d2787a2efcb50c/usr/lib/kernel-overlays/base/lib/modules/5.15.196/kernel/drivers/media/dvb-frontends/cxd2099.ko
2026-09-27T02:57:12.4533455Z   INSTALL /home/runner/work/_temp/work/ce/build.CoreELEC-Amlogic-no.aarch64-22/install_pkg/linux-69e87fa40cc3a04bf91d92e388d2787a2efcb50c/usr/lib/kernel-overlays/base/lib/modules/5.15.196/kernel/drivers/media/dvb-frontends/cxd2820r.ko
2026-09-27T02:57:12.4543330Z   INSTALL /home/runner/work/_temp/work/ce/build.CoreELEC-Amlogic-no.aarch64-22/install_pkg/linux-69e87fa40cc3a04bf91d92e388d2787a2efcb50c/usr/lib/kernel-overlays/base/lib/modules/5.15.196/kernel/drivers/media/dvb-frontends/cxd2841er.ko
2026-09-27T02:57:12.4545585Z   INSTALL /home/runner/work/_temp/work/ce/build.CoreELEC-Amlogic-no.aarch64-22/install_pkg/linux-69e87fa40cc3a04bf91d92e388d2787a2efcb50c/usr/lib/kernel-overlays/base/lib/modules/5.15.196/kernel/drivers/media/dvb-frontends/cxd2878.ko
2026-09-27T02:57:12.4569021Z   INSTALL /home/runner/work/_temp/work/ce/build.CoreELEC-Amlogic-no.aarch64-22/install_pkg/linux-69e87fa40cc3a04bf91d92e388d2787a2efcb50c/usr/lib/kernel-overlays/base/lib/modules/5.15.196/kernel/drivers/media/dvb-frontends/cxd2880/cxd2880.ko
2026-09-27T02:57:12.4583012Z   INSTALL /home/runner/work/_temp/work/ce/build.CoreELEC-Amlogic-no.aarch64-22/install_pkg/linux-69e87fa40cc3a04bf91d92e388d2787a2efcb50c/usr/lib/kernel-overlays/base/lib/modules/5.15.196/kernel/drivers/media/dvb-frontends/dib0070.ko
2026-09-27T02:57:12.4588580Z   INSTALL /home/runner/work/_temp/work/ce/build.CoreELEC-Amlogic-no.aarch64-22/install_pkg/linux-69e87fa40cc3a04bf91d92e388d2787a2efcb50c/usr/lib/kernel-overlays/base/lib/modules/5.15.196/kernel/drivers/media/dvb-frontends/dib0090.ko
2026-09-27T02:57:12.4608787Z   INSTALL /home/runner/work/_temp/work/ce/build.CoreELEC-Amlogic-no.aarch64-22/install_pkg/linux-69e87fa40cc3a04bf91d92e388d2787a2efcb50c/usr/lib/kernel-overlays/base/lib/modules/5.15.196/kernel/drivers/media/dvb-frontends/dib3000mb.ko
2026-09-27T02:57:12.4625877Z   INSTALL /home/runner/work/_temp/work/ce/build.CoreELEC-Amlogic-no.aarch64-22/install_pkg/linux-69e87fa40cc3a04bf91d92e388d2787a2efcb50c/usr/lib/kernel-overlays/base/lib/modules/5.15.196/kernel/drivers/media/dvb-frontends/dib3000mc.ko
2026-09-27T02:57:12.4634792Z   INSTALL /home/runner/work/_temp/work/ce/build.CoreELEC-Amlogic-no.aarch64-22/install_pkg/linux-69e87fa40cc3a04bf91d92e388d2787a2efcb50c/usr/lib/kernel-overlays/base/lib/modules/5.15.196/kernel/drivers/media/dvb-frontends/dib7000m.ko
2026-09-27T02:57:12.4652070Z   INSTALL /home/runner/work/_temp/work/ce/build.CoreELEC-Amlogic-no.aarch64-22/install_pkg/linux-69e87fa40cc3a04bf91d92e388d2787a2efcb50c/usr/lib/kernel-overlays/base/lib/modules/5.15.196/kernel/drivers/media/dvb-frontends/dib7000p.ko
2026-09-27T02:57:12.4672633Z   INSTALL /home/runner/work/_temp/work/ce/build.CoreELEC-Amlogic-no.aarch64-22/install_pkg/linux-69e87fa40cc3a04bf91d92e388d2787a2efcb50c/usr/lib/kernel-overlays/base/lib/modules/5.15.196/kernel/drivers/media/dvb-frontends/dib8000.ko
2026-09-27T02:57:12.4678263Z   INSTALL /home/runner/work/_temp/work/ce/build.CoreELEC-Amlogic-no.aarch64-22/install_pkg/linux-69e87fa40cc3a04bf91d92e388d2787a2efcb50c/usr/lib/kernel-overlays/base/lib/modules/5.15.196/kernel/drivers/media/dvb-frontends/dib9000.ko
2026-09-27T02:57:12.4697457Z   INSTALL /home/runner/work/_temp/work/ce/build.CoreELEC-Amlogic-no.aarch64-22/install_pkg/linux-69e87fa40cc3a04bf91d92e388d2787a2efcb50c/usr/lib/kernel-overlays/base/lib/modules/5.15.196/kernel/drivers/media/dvb-frontends/dibx000_common.ko
2026-09-27T02:57:12.4702469Z   INSTALL /home/runner/work/_temp/work/ce/build.CoreELEC-Amlogic-no.aarch64-22/install_pkg/linux-69e87fa40cc3a04bf91d92e388d2787a2efcb50c/usr/lib/kernel-overlays/base/lib/modules/5.15.196/kernel/drivers/media/dvb-frontends/drx39xyj/drx39xyj.ko
2026-09-27T02:57:12.4727916Z   INSTALL /home/runner/work/_temp/work/ce/build.CoreELEC-Amlogic-no.aarch64-22/install_pkg/linux-69e87fa40cc3a04bf91d92e388d2787a2efcb50c/usr/lib/kernel-overlays/base/lib/modules/5.15.196/kernel/drivers/media/dvb-frontends/drxd.ko
2026-09-27T02:57:12.4737816Z   INSTALL /home/runner/work/_temp/work/ce/build.CoreELEC-Amlogic-no.aarch64-22/install_pkg/linux-69e87fa40cc3a04bf91d92e388d2787a2efcb50c/usr/lib/kernel-overlays/base/lib/modules/5.15.196/kernel/drivers/media/dvb-frontends/drxk.ko
2026-09-27T02:57:12.4740538Z   INSTALL /home/runner/work/_temp/work/ce/build.CoreELEC-Amlogic-no.aarch64-22/install_pkg/linux-69e87fa40cc3a04bf91d92e388d2787a2efcb50c/usr/lib/kernel-overlays/base/lib/modules/5.15.196/kernel/drivers/media/dvb-frontends/ds3000.ko
2026-09-27T02:57:12.4760631Z   INSTALL /home/runner/work/_temp/work/ce/build.CoreELEC-Amlogic-no.aarch64-22/install_pkg/linux-69e87fa40cc3a04bf91d92e388d2787a2efcb50c/usr/lib/kernel-overlays/base/lib/modules/5.15.196/kernel/drivers/media/dvb-frontends/dvb-pll.ko
2026-09-27T02:57:12.4776576Z   INSTALL /home/runner/work/_temp/work/ce/build.CoreELEC-Amlogic-no.aarch64-22/install_pkg/linux-69e87fa40cc3a04bf91d92e388d2787a2efcb50c/usr/lib/kernel-overlays/base/lib/modules/5.15.196/kernel/drivers/media/dvb-frontends/ec100.ko
2026-09-27T02:57:12.4793049Z   INSTALL /home/runner/work/_temp/work/ce/build.CoreELEC-Amlogic-no.aarch64-22/install_pkg/linux-69e87fa40cc3a04bf91d92e388d2787a2efcb50c/usr/lib/kernel-overlays/base/lib/modules/5.15.196/kernel/drivers/media/dvb-frontends/gp8psk-fe.ko
2026-09-27T02:57:12.4800001Z   INSTALL /home/runner/work/_temp/work/ce/build.CoreELEC-Amlogic-no.aarch64-22/install_pkg/linux-69e87fa40cc3a04bf91d92e388d2787a2efcb50c/usr/lib/kernel-overlays/base/lib/modules/5.15.196/kernel/drivers/media/dvb-frontends/gx1133.ko
2026-09-27T02:57:12.4816310Z   INSTALL /home/runner/work/_temp/work/ce/build.CoreELEC-Amlogic-no.aarch64-22/install_pkg/linux-69e87fa40cc3a04bf91d92e388d2787a2efcb50c/usr/lib/kernel-overlays/base/lib/modules/5.15.196/kernel/drivers/media/dvb-frontends/helene.ko
2026-09-27T02:57:12.4838253Z   INSTALL /home/runner/work/_temp/work/ce/build.CoreELEC-Amlogic-no.aarch64-22/install_pkg/linux-69e87fa40cc3a04bf91d92e388d2787a2efcb50c/usr/lib/kernel-overlays/base/lib/modules/5.15.196/kernel/drivers/media/dvb-frontends/horus3a.ko
2026-09-27T02:57:12.4849590Z   INSTALL /home/runner/work/_temp/work/ce/build.CoreELEC-Amlogic-no.aarch64-22/install_pkg/linux-69e87fa40cc3a04bf91d92e388d2787a2efcb50c/usr/lib/kernel-overlays/base/lib/modules/5.15.196/kernel/drivers/media/dvb-frontends/isl6405.ko
2026-09-27T02:57:12.4871156Z   INSTALL /home/runner/work/_temp/work/ce/build.CoreELEC-Amlogic-no.aarch64-22/install_pkg/linux-69e87fa40cc3a04bf91d92e388d2787a2efcb50c/usr/lib/kernel-overlays/base/lib/modules/5.15.196/kernel/drivers/media/dvb-frontends/isl6421.ko
2026-09-27T02:57:12.4873679Z   INSTALL /home/runner/work/_temp/work/ce/build.CoreELEC-Amlogic-no.aarch64-22/install_pkg/linux-69e87fa40cc3a04bf91d92e388d2787a2efcb50c/usr/lib/kernel-overlays/base/lib/modules/5.15.196/kernel/drivers/media/dvb-frontends/isl6423.ko
2026-09-27T02:57:12.4891732Z   INSTALL /home/runner/work/_temp/work/ce/build.CoreELEC-Amlogic-no.aarch64-22/install_pkg/linux-69e87fa40cc3a04bf91d92e388d2787a2efcb50c/usr/lib/kernel-overlays/base/lib/modules/5.15.196/kernel/drivers/media/dvb-frontends/itd1000.ko
2026-09-27T02:57:12.4911196Z   INSTALL /home/runner/work/_temp/work/ce/build.CoreELEC-Amlogic-no.aarch64-22/install_pkg/linux-69e87fa40cc3a04bf91d92e388d2787a2efcb50c/usr/lib/kernel-overlays/base/lib/modules/5.15.196/kernel/drivers/media/dvb-frontends/ix2505v.ko
2026-09-27T02:57:12.4923552Z   INSTALL /home/runner/work/_temp/work/ce/build.CoreELEC-Amlogic-no.aarch64-22/install_pkg/linux-69e87fa40cc3a04bf91d92e388d2787a2efcb50c/usr/lib/kernel-overlays/base/lib/modules/5.15.196/kernel/drivers/media/dvb-frontends/l64781.ko
2026-09-27T02:57:12.4936363Z   INSTALL /home/runner/work/_temp/work/ce/build.CoreELEC-Amlogic-no.aarch64-22/install_pkg/linux-69e87fa40cc3a04bf91d92e388d2787a2efcb50c/usr/lib/kernel-overlays/base/lib/modules/5.15.196/kernel/drivers/media/dvb-frontends/lg2160.ko
2026-09-27T02:57:12.4943427Z   INSTALL /home/runner/work/_temp/work/ce/build.CoreELEC-Amlogic-no.aarch64-22/install_pkg/linux-69e87fa40cc3a04bf91d92e388d2787a2efcb50c/usr/lib/kernel-overlays/base/lib/modules/5.15.196/kernel/drivers/media/dvb-frontends/lgdt3305.ko
2026-09-27T02:57:12.4966508Z   INSTALL /home/runner/work/_temp/work/ce/build.CoreELEC-Amlogic-no.aarch64-22/install_pkg/linux-69e87fa40cc3a04bf91d92e388d2787a2efcb50c/usr/lib/kernel-overlays/base/lib/modules/5.15.196/kernel/drivers/media/dvb-frontends/lgdt3306a.ko
2026-09-27T02:57:12.4974865Z   INSTALL /home/runner/work/_temp/work/ce/build.CoreELEC-Amlogic-no.aarch64-22/install_pkg/linux-69e87fa40cc3a04bf91d92e388d2787a2efcb50c/usr/lib/kernel-overlays/base/lib/modules/5.15.196/kernel/drivers/media/dvb-frontends/lgdt330x.ko
2026-09-27T02:57:12.4993118Z   INSTALL /home/runner/work/_temp/work/ce/build.CoreELEC-Amlogic-no.aarch64-22/install_pkg/linux-69e87fa40cc3a04bf91d92e388d2787a2efcb50c/usr/lib/kernel-overlays/base/lib/modules/5.15.196/kernel/drivers/media/dvb-frontends/lgs8gl5.ko
2026-09-27T02:57:12.5000495Z   INSTALL /home/runner/work/_temp/work/ce/build.CoreELEC-Amlogic-no.aarch64-22/install_pkg/linux-69e87fa40cc3a04bf91d92e388d2787a2efcb50c/usr/lib/kernel-overlays/base/lib/modules/5.15.196/kernel/drivers/media/dvb-frontends/lgs8gxx.ko
2026-09-27T02:57:12.5020796Z   INSTALL /home/runner/work/_temp/work/ce/build.CoreELEC-Amlogic-no.aarch64-22/install_pkg/linux-69e87fa40cc3a04bf91d92e388d2787a2efcb50c/usr/lib/kernel-overlays/base/lib/modules/5.15.196/kernel/drivers/media/dvb-frontends/lnbh25.ko
2026-09-27T02:57:12.5035066Z   INSTALL /home/runner/work/_temp/work/ce/build.CoreELEC-Amlogic-no.aarch64-22/install_pkg/linux-69e87fa40cc3a04bf91d92e388d2787a2efcb50c/usr/lib/kernel-overlays/base/lib/modules/5.15.196/kernel/drivers/media/dvb-frontends/lnbh29.ko
2026-09-27T02:57:12.5054198Z   INSTALL /home/runner/work/_temp/work/ce/build.CoreELEC-Amlogic-no.aarch64-22/install_pkg/linux-69e87fa40cc3a04bf91d92e388d2787a2efcb50c/usr/lib/kernel-overlays/base/lib/modules/5.15.196/kernel/drivers/media/dvb-frontends/lnbp21.ko
2026-09-27T02:57:12.5060380Z   INSTALL /home/runner/work/_temp/work/ce/build.CoreELEC-Amlogic-no.aarch64-22/install_pkg/linux-69e87fa40cc3a04bf91d92e388d2787a2efcb50c/usr/lib/kernel-overlays/base/lib/modules/5.15.196/kernel/drivers/media/dvb-frontends/lnbp22.ko
2026-09-27T02:57:12.5075278Z   INSTALL /home/runner/work/_temp/work/ce/build.CoreELEC-Amlogic-no.aarch64-22/install_pkg/linux-69e87fa40cc3a04bf91d92e388d2787a2efcb50c/usr/lib/kernel-overlays/base/lib/modules/5.15.196/kernel/drivers/media/dvb-frontends/m88ds3103.ko
2026-09-27T02:57:12.5094129Z   INSTALL /home/runner/work/_temp/work/ce/build.CoreELEC-Amlogic-no.aarch64-22/install_pkg/linux-69e87fa40cc3a04bf91d92e388d2787a2efcb50c/usr/lib/kernel-overlays/base/lib/modules/5.15.196/kernel/drivers/media/dvb-frontends/m88rs2000.ko
2026-09-27T02:57:12.5105101Z   INSTALL /home/runner/work/_temp/work/ce/build.CoreELEC-Amlogic-no.aarch64-22/install_pkg/linux-69e87fa40cc3a04bf91d92e388d2787a2efcb50c/usr/lib/kernel-overlays/base/lib/modules/5.15.196/kernel/drivers/media/dvb-frontends/m88rs6060.ko
2026-09-27T02:57:12.5116661Z   INSTALL /home/runner/work/_temp/work/ce/build.CoreELEC-Amlogic-no.aarch64-22/install_pkg/linux-69e87fa40cc3a04bf91d92e388d2787a2efcb50c/usr/lib/kernel-overlays/base/lib/modules/5.15.196/kernel/drivers/media/dvb-frontends/mb86a16.ko
2026-09-27T02:57:12.5130879Z   INSTALL /home/runner/work/_temp/work/ce/build.CoreELEC-Amlogic-no.aarch64-22/install_pkg/linux-69e87fa40cc3a04bf91d92e388d2787a2efcb50c/usr/lib/kernel-overlays/base/lib/modules/5.15.196/kernel/drivers/media/dvb-frontends/mb86a20s.ko
2026-09-27T02:57:12.5143653Z   INSTALL /home/runner/work/_temp/work/ce/build.CoreELEC-Amlogic-no.aarch64-22/install_pkg/linux-69e87fa40cc3a04bf91d92e388d2787a2efcb50c/usr/lib/kernel-overlays/base/lib/modules/5.15.196/kernel/drivers/media/dvb-frontends/mn88443x.ko
2026-09-27T02:57:12.5155541Z   INSTALL /home/runner/work/_temp/work/ce/build.CoreELEC-Amlogic-no.aarch64-22/install_pkg/linux-69e87fa40cc3a04bf91d92e388d2787a2efcb50c/usr/lib/kernel-overlays/base/lib/modules/5.15.196/kernel/drivers/media/dvb-frontends/mn88472.ko
2026-09-27T02:57:12.5174239Z   INSTALL /home/runner/work/_temp/work/ce/build.CoreELEC-Amlogic-no.aarch64-22/install_pkg/linux-69e87fa40cc3a04bf91d92e388d2787a2efcb50c/usr/lib/kernel-overlays/base/lib/modules/5.15.196/kernel/drivers/media/dvb-frontends/mn88473.ko
2026-09-27T02:57:12.5185460Z   INSTALL /home/runner/work/_temp/work/ce/build.CoreELEC-Amlogic-no.aarch64-22/install_pkg/linux-69e87fa40cc3a04bf91d92e388d2787a2efcb50c/usr/lib/kernel-overlays/base/lib/modules/5.15.196/kernel/drivers/media/dvb-frontends/mt312.ko
2026-09-27T02:57:12.5199863Z   INSTALL /home/runner/work/_temp/work/ce/build.CoreELEC-Amlogic-no.aarch64-22/install_pkg/linux-69e87fa40cc3a04bf91d92e388d2787a2efcb50c/usr/lib/kernel-overlays/base/lib/modules/5.15.196/kernel/drivers/media/dvb-frontends/mt352.ko
2026-09-27T02:57:12.5222669Z   INSTALL /home/runner/work/_temp/work/ce/build.CoreELEC-Amlogic-no.aarch64-22/install_pkg/linux-69e87fa40cc3a04bf91d92e388d2787a2efcb50c/usr/lib/kernel-overlays/base/lib/modules/5.15.196/kernel/drivers/media/dvb-frontends/mxl5xx.ko
2026-09-27T02:57:12.5227623Z   INSTALL /home/runner/work/_temp/work/ce/build.CoreELEC-Amlogic-no.aarch64-22/install_pkg/linux-69e87fa40cc3a04bf91d92e388d2787a2efcb50c/usr/lib/kernel-overlays/base/lib/modules/5.15.196/kernel/drivers/media/dvb-frontends/mxl692.ko
2026-09-27T02:57:12.5254678Z   INSTALL /home/runner/work/_temp/work/ce/build.CoreELEC-Amlogic-no.aarch64-22/install_pkg/linux-69e87fa40cc3a04bf91d92e388d2787a2efcb50c/usr/lib/kernel-overlays/base/lib/modules/5.15.196/kernel/drivers/media/dvb-frontends/nxt200x.ko
2026-09-27T02:57:12.5257342Z   INSTALL /home/runner/work/_temp/work/ce/build.CoreELEC-Amlogic-no.aarch64-22/install_pkg/linux-69e87fa40cc3a04bf91d92e388d2787a2efcb50c/usr/lib/kernel-overlays/base/lib/modules/5.15.196/kernel/drivers/media/dvb-frontends/nxt6000.ko
2026-09-27T02:57:12.5282745Z   INSTALL /home/runner/work/_temp/work/ce/build.CoreELEC-Amlogic-no.aarch64-22/install_pkg/linux-69e87fa40cc3a04bf91d92e388d2787a2efcb50c/usr/lib/kernel-overlays/base/lib/modules/5.15.196/kernel/drivers/media/dvb-frontends/or51132.ko
2026-09-27T02:57:12.5291936Z   INSTALL /home/runner/work/_temp/work/ce/build.CoreELEC-Amlogic-no.aarch64-22/install_pkg/linux-69e87fa40cc3a04bf91d92e388d2787a2efcb50c/usr/lib/kernel-overlays/base/lib/modules/5.15.196/kernel/drivers/media/dvb-frontends/or51211.ko
2026-09-27T02:57:12.5298254Z   INSTALL /home/runner/work/_temp/work/ce/build.CoreELEC-Amlogic-no.aarch64-22/install_pkg/linux-69e87fa40cc3a04bf91d92e388d2787a2efcb50c/usr/lib/kernel-overlays/base/lib/modules/5.15.196/kernel/drivers/media/dvb-frontends/rtl2830.ko
2026-09-27T02:57:12.5312999Z   INSTALL /home/runner/work/_temp/work/ce/build.CoreELEC-Amlogic-no.aarch64-22/install_pkg/linux-69e87fa40cc3a04bf91d92e388d2787a2efcb50c/usr/lib/kernel-overlays/base/lib/modules/5.15.196/kernel/drivers/media/dvb-frontends/rtl2832.ko
2026-09-27T02:57:12.5334206Z   INSTALL /home/runner/work/_temp/work/ce/build.CoreELEC-Amlogic-no.aarch64-22/install_pkg/linux-69e87fa40cc3a04bf91d92e388d2787a2efcb50c/usr/lib/kernel-overlays/base/lib/modules/5.15.196/kernel/drivers/media/dvb-frontends/s5h1409.ko
2026-09-27T02:57:12.5344855Z   INSTALL /home/runner/work/_temp/work/ce/build.CoreELEC-Amlogic-no.aarch64-22/install_pkg/linux-69e87fa40cc3a04bf91d92e388d2787a2efcb50c/usr/lib/kernel-overlays/base/lib/modules/5.15.196/kernel/drivers/media/dvb-frontends/s5h1411.ko
2026-09-27T02:57:12.5350207Z   INSTALL /home/runner/work/_temp/work/ce/build.CoreELEC-Amlogic-no.aarch64-22/install_pkg/linux-69e87fa40cc3a04bf91d92e388d2787a2efcb50c/usr/lib/kernel-overlays/base/lib/modules/5.15.196/kernel/drivers/media/dvb-frontends/s5h1420.ko
2026-09-27T02:57:12.5369982Z   INSTALL /home/runner/work/_temp/work/ce/build.CoreELEC-Amlogic-no.aarch64-22/install_pkg/linux-69e87fa40cc3a04bf91d92e388d2787a2efcb50c/usr/lib/kernel-overlays/base/lib/modules/5.15.196/kernel/drivers/media/dvb-frontends/s5h1432.ko
2026-09-27T02:57:12.5384583Z   INSTALL /home/runner/work/_temp/work/ce/build.CoreELEC-Amlogic-no.aarch64-22/install_pkg/linux-69e87fa40cc3a04bf91d92e388d2787a2efcb50c/usr/lib/kernel-overlays/base/lib/modules/5.15.196/kernel/drivers/media/dvb-frontends/s921.ko
2026-09-27T02:57:12.5393752Z   INSTALL /home/runner/work/_temp/work/ce/build.CoreELEC-Amlogic-no.aarch64-22/install_pkg/linux-69e87fa40cc3a04bf91d92e388d2787a2efcb50c/usr/lib/kernel-overlays/base/lib/modules/5.15.196/kernel/drivers/media/dvb-frontends/si2165.ko
2026-09-27T02:57:12.5413265Z   INSTALL /home/runner/work/_temp/work/ce/build.CoreELEC-Amlogic-no.aarch64-22/install_pkg/linux-69e87fa40cc3a04bf91d92e388d2787a2efcb50c/usr/lib/kernel-overlays/base/lib/modules/5.15.196/kernel/drivers/media/dvb-frontends/si2168.ko
2026-09-27T02:57:12.5432078Z   INSTALL /home/runner/work/_temp/work/ce/build.CoreELEC-Amlogic-no.aarch64-22/install_pkg/linux-69e87fa40cc3a04bf91d92e388d2787a2efcb50c/usr/lib/kernel-overlays/base/lib/modules/5.15.196/kernel/drivers/media/dvb-frontends/si2183.ko
2026-09-27T02:57:12.5447584Z   INSTALL /home/runner/work/_temp/work/ce/build.CoreELEC-Amlogic-no.aarch64-22/install_pkg/linux-69e87fa40cc3a04bf91d92e388d2787a2efcb50c/usr/lib/kernel-overlays/base/lib/modules/5.15.196/kernel/drivers/media/dvb-frontends/si21xx.ko
2026-09-27T02:57:12.5454872Z   INSTALL /home/runner/work/_temp/work/ce/build.CoreELEC-Amlogic-no.aarch64-22/install_pkg/linux-69e87fa40cc3a04bf91d92e388d2787a2efcb50c/usr/lib/kernel-overlays/base/lib/modules/5.15.196/kernel/drivers/media/dvb-frontends/sp2.ko
2026-09-27T02:57:12.5473623Z   INSTALL /home/runner/work/_temp/work/ce/build.CoreELEC-Amlogic-no.aarch64-22/install_pkg/linux-69e87fa40cc3a04bf91d92e388d2787a2efcb50c/usr/lib/kernel-overlays/base/lib/modules/5.15.196/kernel/drivers/media/dvb-frontends/sp887x.ko
2026-09-27T02:57:12.5484160Z   INSTALL /home/runner/work/_temp/work/ce/build.CoreELEC-Amlogic-no.aarch64-22/install_pkg/linux-69e87fa40cc3a04bf91d92e388d2787a2efcb50c/usr/lib/kernel-overlays/base/lib/modules/5.15.196/kernel/drivers/media/dvb-frontends/stb0899.ko
2026-09-27T02:57:12.5501588Z   INSTALL /home/runner/work/_temp/work/ce/build.CoreELEC-Amlogic-no.aarch64-22/install_pkg/linux-69e87fa40cc3a04bf91d92e388d2787a2efcb50c/usr/lib/kernel-overlays/base/lib/modules/5.15.196/kernel/drivers/media/dvb-frontends/stb6000.ko
2026-09-27T02:57:12.5510921Z   INSTALL /home/runner/work/_temp/work/ce/build.CoreELEC-Amlogic-no.aarch64-22/install_pkg/linux-69e87fa40cc3a04bf91d92e388d2787a2efcb50c/usr/lib/kernel-overlays/base/lib/modules/5.15.196/kernel/drivers/media/dvb-frontends/stb6100.ko
2026-09-27T02:57:12.5533524Z   INSTALL /home/runner/work/_temp/work/ce/build.CoreELEC-Amlogic-no.aarch64-22/install_pkg/linux-69e87fa40cc3a04bf91d92e388d2787a2efcb50c/usr/lib/kernel-overlays/base/lib/modules/5.15.196/kernel/drivers/media/dvb-frontends/stv0288.ko
2026-09-27T02:57:12.5537930Z   INSTALL /home/runner/work/_temp/work/ce/build.CoreELEC-Amlogic-no.aarch64-22/install_pkg/linux-69e87fa40cc3a04bf91d92e388d2787a2efcb50c/usr/lib/kernel-overlays/base/lib/modules/5.15.196/kernel/drivers/media/dvb-frontends/stv0297.ko
2026-09-27T02:57:12.5561103Z   INSTALL /home/runner/work/_temp/work/ce/build.CoreELEC-Amlogic-no.aarch64-22/install_pkg/linux-69e87fa40cc3a04bf91d92e388d2787a2efcb50c/usr/lib/kernel-overlays/base/lib/modules/5.15.196/kernel/drivers/media/dvb-frontends/stv0299.ko
2026-09-27T02:57:12.5574308Z   INSTALL /home/runner/work/_temp/work/ce/build.CoreELEC-Amlogic-no.aarch64-22/install_pkg/linux-69e87fa40cc3a04bf91d92e388d2787a2efcb50c/usr/lib/kernel-overlays/base/lib/modules/5.15.196/kernel/drivers/media/dvb-frontends/stv0367.ko
2026-09-27T02:57:12.5594501Z   INSTALL /home/runner/work/_temp/work/ce/build.CoreELEC-Amlogic-no.aarch64-22/install_pkg/linux-69e87fa40cc3a04bf91d92e388d2787a2efcb50c/usr/lib/kernel-overlays/base/lib/modules/5.15.196/kernel/drivers/media/dvb-frontends/stv0900.ko
2026-09-27T02:57:12.5610272Z   INSTALL /home/runner/work/_temp/work/ce/build.CoreELEC-Amlogic-no.aarch64-22/install_pkg/linux-69e87fa40cc3a04bf91d92e388d2787a2efcb50c/usr/lib/kernel-overlays/base/lib/modules/5.15.196/kernel/drivers/media/dvb-frontends/stv090x.ko
2026-09-27T02:57:12.5612582Z   INSTALL /home/runner/work/_temp/work/ce/build.CoreELEC-Amlogic-no.aarch64-22/install_pkg/linux-69e87fa40cc3a04bf91d92e388d2787a2efcb50c/usr/lib/kernel-overlays/base/lib/modules/5.15.196/kernel/drivers/media/dvb-frontends/stv0910.ko
2026-09-27T02:57:12.5635480Z   INSTALL /home/runner/work/_temp/work/ce/build.CoreELEC-Amlogic-no.aarch64-22/install_pkg/linux-69e87fa40cc3a04bf91d92e388d2787a2efcb50c/usr/lib/kernel-overlays/base/lib/modules/5.15.196/kernel/drivers/media/dvb-frontends/stv6110.ko
2026-09-27T02:57:12.5643071Z   INSTALL /home/runner/work/_temp/work/ce/build.CoreELEC-Amlogic-no.aarch64-22/install_pkg/linux-69e87fa40cc3a04bf91d92e388d2787a2efcb50c/usr/lib/kernel-overlays/base/lib/modules/5.15.196/kernel/drivers/media/dvb-frontends/stv6110x.ko
2026-09-27T02:57:12.5665018Z   INSTALL /home/runner/work/_temp/work/ce/build.CoreELEC-Amlogic-no.aarch64-22/install_pkg/linux-69e87fa40cc3a04bf91d92e388d2787a2efcb50c/usr/lib/kernel-overlays/base/lib/modules/5.15.196/kernel/drivers/media/dvb-frontends/stv6111.ko
2026-09-27T02:57:12.5668068Z   INSTALL /home/runner/work/_temp/work/ce/build.CoreELEC-Amlogic-no.aarch64-22/install_pkg/linux-69e87fa40cc3a04bf91d92e388d2787a2efcb50c/usr/lib/kernel-overlays/base/lib/modules/5.15.196/kernel/drivers/media/dvb-frontends/tas2101.ko
2026-09-27T02:57:12.5686569Z   INSTALL /home/runner/work/_temp/work/ce/build.CoreELEC-Amlogic-no.aarch64-22/install_pkg/linux-69e87fa40cc3a04bf91d92e388d2787a2efcb50c/usr/lib/kernel-overlays/base/lib/modules/5.15.196/kernel/drivers/media/dvb-frontends/tc90522.ko
2026-09-27T02:57:12.5692048Z   INSTALL /home/runner/work/_temp/work/ce/build.CoreELEC-Amlogic-no.aarch64-22/install_pkg/linux-69e87fa40cc3a04bf91d92e388d2787a2efcb50c/usr/lib/kernel-overlays/base/lib/modules/5.15.196/kernel/drivers/media/dvb-frontends/tda10021.ko
2026-09-27T02:57:12.5715566Z   INSTALL /home/runner/work/_temp/work/ce/build.CoreELEC-Amlogic-no.aarch64-22/install_pkg/linux-69e87fa40cc3a04bf91d92e388d2787a2efcb50c/usr/lib/kernel-overlays/base/lib/modules/5.15.196/kernel/drivers/media/dvb-frontends/tda10023.ko
2026-09-27T02:57:12.5731421Z   INSTALL /home/runner/work/_temp/work/ce/build.CoreELEC-Amlogic-no.aarch64-22/install_pkg/linux-69e87fa40cc3a04bf91d92e388d2787a2efcb50c/usr/lib/kernel-overlays/base/lib/modules/5.15.196/kernel/drivers/media/dvb-frontends/tda10048.ko
2026-09-27T02:57:12.5744817Z   INSTALL /home/runner/work/_temp/work/ce/build.CoreELEC-Amlogic-no.aarch64-22/install_pkg/linux-69e87fa40cc3a04bf91d92e388d2787a2efcb50c/usr/lib/kernel-overlays/base/lib/modules/5.15.196/kernel/drivers/media/dvb-frontends/tda1004x.ko
2026-09-27T02:57:12.5749937Z   INSTALL /home/runner/work/_temp/work/ce/build.CoreELEC-Amlogic-no.aarch64-22/install_pkg/linux-69e87fa40cc3a04bf91d92e388d2787a2efcb50c/usr/lib/kernel-overlays/base/lib/modules/5.15.196/kernel/drivers/media/dvb-frontends/tda10071.ko
2026-09-27T02:57:12.5765731Z   INSTALL /home/runner/work/_temp/work/ce/build.CoreELEC-Amlogic-no.aarch64-22/install_pkg/linux-69e87fa40cc3a04bf91d92e388d2787a2efcb50c/usr/lib/kernel-overlays/base/lib/modules/5.15.196/kernel/drivers/media/dvb-frontends/tda10086.ko
2026-09-27T02:57:12.5782610Z   INSTALL /home/runner/work/_temp/work/ce/build.CoreELEC-Amlogic-no.aarch64-22/install_pkg/linux-69e87fa40cc3a04bf91d92e388d2787a2efcb50c/usr/lib/kernel-overlays/base/lib/modules/5.15.196/kernel/drivers/media/dvb-frontends/tda18271c2dd.ko
2026-09-27T02:57:12.5806794Z   INSTALL /home/runner/work/_temp/work/ce/build.CoreELEC-Amlogic-no.aarch64-22/install_pkg/linux-69e87fa40cc3a04bf91d92e388d2787a2efcb50c/usr/lib/kernel-overlays/base/lib/modules/5.15.196/kernel/drivers/media/dvb-frontends/tda665x.ko
2026-09-27T02:57:12.5815604Z   INSTALL /home/runner/work/_temp/work/ce/build.CoreELEC-Amlogic-no.aarch64-22/install_pkg/linux-69e87fa40cc3a04bf91d92e388d2787a2efcb50c/usr/lib/kernel-overlays/base/lib/modules/5.15.196/kernel/drivers/media/dvb-frontends/tda8083.ko
2026-09-27T02:57:12.5821326Z   INSTALL /home/runner/work/_temp/work/ce/build.CoreELEC-Amlogic-no.aarch64-22/install_pkg/linux-69e87fa40cc3a04bf91d92e388d2787a2efcb50c/usr/lib/kernel-overlays/base/lib/modules/5.15.196/kernel/drivers/media/dvb-frontends/tda8261.ko
2026-09-27T02:57:12.5843384Z   INSTALL /home/runner/work/_temp/work/ce/build.CoreELEC-Amlogic-no.aarch64-22/install_pkg/linux-69e87fa40cc3a04bf91d92e388d2787a2efcb50c/usr/lib/kernel-overlays/base/lib/modules/5.15.196/kernel/drivers/media/dvb-frontends/tda826x.ko
2026-09-27T02:57:12.5857643Z   INSTALL /home/runner/work/_temp/work/ce/build.CoreELEC-Amlogic-no.aarch64-22/install_pkg/linux-69e87fa40cc3a04bf91d92e388d2787a2efcb50c/usr/lib/kernel-overlays/base/lib/modules/5.15.196/kernel/drivers/media/dvb-frontends/ts2020.ko
2026-09-27T02:57:12.5871001Z   INSTALL /home/runner/work/_temp/work/ce/build.CoreELEC-Amlogic-no.aarch64-22/install_pkg/linux-69e87fa40cc3a04bf91d92e388d2787a2efcb50c/usr/lib/kernel-overlays/base/lib/modules/5.15.196/kernel/drivers/media/dvb-frontends/tua6100.ko
2026-09-27T02:57:12.5877325Z   INSTALL /home/runner/work/_temp/work/ce/build.CoreELEC-Amlogic-no.aarch64-22/install_pkg/linux-69e87fa40cc3a04bf91d92e388d2787a2efcb50c/usr/lib/kernel-overlays/base/lib/modules/5.15.196/kernel/drivers/media/dvb-frontends/ves1820.ko
2026-09-27T02:57:12.5897526Z   INSTALL /home/runner/work/_temp/work/ce/build.CoreELEC-Amlogic-no.aarch64-22/install_pkg/linux-69e87fa40cc3a04bf91d92e388d2787a2efcb50c/usr/lib/kernel-overlays/base/lib/modules/5.15.196/kernel/drivers/media/dvb-frontends/ves1x93.ko
2026-09-27T02:57:12.5911180Z   INSTALL /home/runner/work/_temp/work/ce/build.CoreELEC-Amlogic-no.aarch64-22/install_pkg/linux-69e87fa40cc3a04bf91d92e388d2787a2efcb50c/usr/lib/kernel-overlays/base/lib/modules/5.15.196/kernel/drivers/media/dvb-frontends/zd1301_demod.ko
2026-09-27T02:57:12.5934420Z   INSTALL /home/runner/work/_temp/work/ce/build.CoreELEC-Amlogic-no.aarch64-22/install_pkg/linux-69e87fa40cc3a04bf91d92e388d2787a2efcb50c/usr/lib/kernel-overlays/base/lib/modules/5.15.196/kernel/drivers/media/dvb-frontends/zl10036.ko
2026-09-27T02:57:12.5937298Z   INSTALL /home/runner/work/_temp/work/ce/build.CoreELEC-Amlogic-no.aarch64-22/install_pkg/linux-69e87fa40cc3a04bf91d92e388d2787a2efcb50c/usr/lib/kernel-overlays/base/lib/modules/5.15.196/kernel/drivers/media/dvb-frontends/zl10039.ko
2026-09-27T02:57:12.5950954Z   INSTALL /home/runner/work/_temp/work/ce/build.CoreELEC-Amlogic-no.aarch64-22/install_pkg/linux-69e87fa40cc3a04bf91d92e388d2787a2efcb50c/usr/lib/kernel-overlays/base/lib/modules/5.15.196/kernel/drivers/media/dvb-frontends/zl10353.ko
2026-09-27T02:57:12.5963280Z   INSTALL /home/runner/work/_temp/work/ce/build.CoreELEC-Amlogic-no.aarch64-22/install_pkg/linux-69e87fa40cc3a04bf91d92e388d2787a2efcb50c/usr/lib/kernel-overlays/base/lib/modules/5.15.196/kernel/drivers/media/i2c/cs3308.ko
2026-09-27T02:57:12.5981102Z   INSTALL /home/runner/work/_temp/work/ce/build.CoreELEC-Amlogic-no.aarch64-22/install_pkg/linux-69e87fa40cc3a04bf91d92e388d2787a2efcb50c/usr/lib/kernel-overlays/base/lib/modules/5.15.196/kernel/drivers/media/i2c/cs5345.ko
2026-09-27T02:57:12.5987750Z   INSTALL /home/runner/work/_temp/work/ce/build.CoreELEC-Amlogic-no.aarch64-22/install_pkg/linux-69e87fa40cc3a04bf91d92e388d2787a2efcb50c/usr/lib/kernel-overlays/base/lib/modules/5.15.196/kernel/drivers/media/i2c/cs53l32a.ko
2026-09-27T02:57:12.6015405Z   INSTALL /home/runner/work/_temp/work/ce/build.CoreELEC-Amlogic-no.aarch64-22/install_pkg/linux-69e87fa40cc3a04bf91d92e388d2787a2efcb50c/usr/lib/kernel-overlays/base/lib/modules/5.15.196/kernel/drivers/media/i2c/cx25840/cx25840.ko
2026-09-27T02:57:12.6036512Z   INSTALL /home/runner/work/_temp/work/ce/build.CoreELEC-Amlogic-no.aarch64-22/install_pkg/linux-69e87fa40cc3a04bf91d92e388d2787a2efcb50c/usr/lib/kernel-overlays/base/lib/modules/5.15.196/kernel/drivers/media/i2c/msp3400.ko
2026-09-27T02:57:12.6038506Z   INSTALL /home/runner/work/_temp/work/ce/build.CoreELEC-Amlogic-no.aarch64-22/install_pkg/linux-69e87fa40cc3a04bf91d92e388d2787a2efcb50c/usr/lib/kernel-overlays/base/lib/modules/5.15.196/kernel/drivers/media/i2c/saa7115.ko
2026-09-27T02:57:12.6056685Z   INSTALL /home/runner/work/_temp/work/ce/build.CoreELEC-Amlogic-no.aarch64-22/install_pkg/linux-69e87fa40cc3a04bf91d92e388d2787a2efcb50c/usr/lib/kernel-overlays/base/lib/modules/5.15.196/kernel/drivers/media/i2c/sony-btf-mpx.ko
2026-09-27T02:57:12.6073013Z   INSTALL /home/runner/work/_temp/work/ce/build.CoreELEC-Amlogic-no.aarch64-22/install_pkg/linux-69e87fa40cc3a04bf91d92e388d2787a2efcb50c/usr/lib/kernel-overlays/base/lib/modules/5.15.196/kernel/drivers/media/i2c/tda1997x.ko
2026-09-27T02:57:12.6078528Z   INSTALL /home/runner/work/_temp/work/ce/build.CoreELEC-Amlogic-no.aarch64-22/install_pkg/linux-69e87fa40cc3a04bf91d92e388d2787a2efcb50c/usr/lib/kernel-overlays/base/lib/modules/5.15.196/kernel/drivers/media/i2c/tda7432.ko
2026-09-27T02:57:12.6097995Z   INSTALL /home/runner/work/_temp/work/ce/build.CoreELEC-Amlogic-no.aarch64-22/install_pkg/linux-69e87fa40cc3a04bf91d92e388d2787a2efcb50c/usr/lib/kernel-overlays/base/lib/modules/5.15.196/kernel/drivers/media/i2c/tda9840.ko
2026-09-27T02:57:12.6107738Z   INSTALL /home/runner/work/_temp/work/ce/build.CoreELEC-Amlogic-no.aarch64-22/install_pkg/linux-69e87fa40cc3a04bf91d92e388d2787a2efcb50c/usr/lib/kernel-overlays/base/lib/modules/5.15.196/kernel/drivers/media/i2c/tea6415c.ko
2026-09-27T02:57:12.6123711Z   INSTALL /home/runner/work/_temp/work/ce/build.CoreELEC-Amlogic-no.aarch64-22/install_pkg/linux-69e87fa40cc3a04bf91d92e388d2787a2efcb50c/usr/lib/kernel-overlays/base/lib/modules/5.15.196/kernel/drivers/media/i2c/tea6420.ko
2026-09-27T02:57:12.6135778Z   INSTALL /home/runner/work/_temp/work/ce/build.CoreELEC-Amlogic-no.aarch64-22/install_pkg/linux-69e87fa40cc3a04bf91d92e388d2787a2efcb50c/usr/lib/kernel-overlays/base/lib/modules/5.15.196/kernel/drivers/media/i2c/tlv320aic23b.ko
2026-09-27T02:57:12.6157883Z   INSTALL /home/runner/work/_temp/work/ce/build.CoreELEC-Amlogic-no.aarch64-22/install_pkg/linux-69e87fa40cc3a04bf91d92e388d2787a2efcb50c/usr/lib/kernel-overlays/base/lib/modules/5.15.196/kernel/drivers/media/i2c/tvaudio.ko
2026-09-27T02:57:12.6166517Z   INSTALL /home/runner/work/_temp/work/ce/build.CoreELEC-Amlogic-no.aarch64-22/install_pkg/linux-69e87fa40cc3a04bf91d92e388d2787a2efcb50c/usr/lib/kernel-overlays/base/lib/modules/5.15.196/kernel/drivers/media/i2c/tvp5150.ko
2026-09-27T02:57:12.6171635Z   INSTALL /home/runner/work/_temp/work/ce/build.CoreELEC-Amlogic-no.aarch64-22/install_pkg/linux-69e87fa40cc3a04bf91d92e388d2787a2efcb50c/usr/lib/kernel-overlays/base/lib/modules/5.15.196/kernel/drivers/media/i2c/uda1342.ko
2026-09-27T02:57:12.6194749Z   INSTALL /home/runner/work/_temp/work/ce/build.CoreELEC-Amlogic-no.aarch64-22/install_pkg/linux-69e87fa40cc3a04bf91d92e388d2787a2efcb50c/usr/lib/kernel-overlays/base/lib/modules/5.15.196/kernel/drivers/media/i2c/vp27smpx.ko
2026-09-27T02:57:12.6218975Z   INSTALL /home/runner/work/_temp/work/ce/build.CoreELEC-Amlogic-no.aarch64-22/install_pkg/linux-69e87fa40cc3a04bf91d92e388d2787a2efcb50c/usr/lib/kernel-overlays/base/lib/modules/5.15.196/kernel/drivers/media/i2c/wm8739.ko
2026-09-27T02:57:12.6227794Z   INSTALL /home/runner/work/_temp/work/ce/build.CoreELEC-Amlogic-no.aarch64-22/install_pkg/linux-69e87fa40cc3a04bf91d92e388d2787a2efcb50c/usr/lib/kernel-overlays/base/lib/modules/5.15.196/kernel/drivers/media/i2c/wm8775.ko
2026-09-27T02:57:12.6233795Z   INSTALL /home/runner/work/_temp/work/ce/build.CoreELEC-Amlogic-no.aarch64-22/install_pkg/linux-69e87fa40cc3a04bf91d92e388d2787a2efcb50c/usr/lib/kernel-overlays/base/lib/modules/5.15.196/kernel/drivers/media/rc/ati_remote.ko
2026-09-27T02:57:12.6250074Z   INSTALL /home/runner/work/_temp/work/ce/build.CoreELEC-Amlogic-no.aarch64-22/install_pkg/linux-69e87fa40cc3a04bf91d92e388d2787a2efcb50c/usr/lib/kernel-overlays/base/lib/modules/5.15.196/kernel/drivers/media/rc/gpio-ir-recv.ko
2026-09-27T02:57:12.6275178Z   INSTALL /home/runner/work/_temp/work/ce/build.CoreELEC-Amlogic-no.aarch64-22/install_pkg/linux-69e87fa40cc3a04bf91d92e388d2787a2efcb50c/usr/lib/kernel-overlays/base/lib/modules/5.15.196/kernel/drivers/media/rc/ir-imon-decoder.ko
2026-09-27T02:57:12.6288078Z   INSTALL /home/runner/work/_temp/work/ce/build.CoreELEC-Amlogic-no.aarch64-22/install_pkg/linux-69e87fa40cc3a04bf91d92e388d2787a2efcb50c/usr/lib/kernel-overlays/base/lib/modules/5.15.196/kernel/drivers/media/rc/ir-irmp-decoder.ko
2026-09-27T02:57:12.6291363Z   INSTALL /home/runner/work/_temp/work/ce/build.CoreELEC-Amlogic-no.aarch64-22/install_pkg/linux-69e87fa40cc3a04bf91d92e388d2787a2efcb50c/usr/lib/kernel-overlays/base/lib/modules/5.15.196/kernel/drivers/media/rc/ir-jvc-decoder.ko
2026-09-27T02:57:12.6307770Z   INSTALL /home/runner/work/_temp/work/ce/build.CoreELEC-Amlogic-no.aarch64-22/install_pkg/linux-69e87fa40cc3a04bf91d92e388d2787a2efcb50c/usr/lib/kernel-overlays/base/lib/modules/5.15.196/kernel/drivers/media/rc/ir-mce_kbd-decoder.ko
2026-09-27T02:57:12.6327230Z   INSTALL /home/runner/work/_temp/work/ce/build.CoreELEC-Amlogic-no.aarch64-22/install_pkg/linux-69e87fa40cc3a04bf91d92e388d2787a2efcb50c/usr/lib/kernel-overlays/base/lib/modules/5.15.196/kernel/drivers/media/rc/ir-nec-decoder.ko
2026-09-27T02:57:12.6338440Z   INSTALL /home/runner/work/_temp/work/ce/build.CoreELEC-Amlogic-no.aarch64-22/install_pkg/linux-69e87fa40cc3a04bf91d92e388d2787a2efcb50c/usr/lib/kernel-overlays/base/lib/modules/5.15.196/kernel/drivers/media/rc/ir-rc5-decoder.ko
2026-09-27T02:57:12.6341985Z   INSTALL /home/runner/work/_temp/work/ce/build.CoreELEC-Amlogic-no.aarch64-22/install_pkg/linux-69e87fa40cc3a04bf91d92e388d2787a2efcb50c/usr/lib/kernel-overlays/base/lib/modules/5.15.196/kernel/drivers/media/rc/ir-rc6-decoder.ko
2026-09-27T02:57:12.6361411Z   INSTALL /home/runner/work/_temp/work/ce/build.CoreELEC-Amlogic-no.aarch64-22/install_pkg/linux-69e87fa40cc3a04bf91d92e388d2787a2efcb50c/usr/lib/kernel-overlays/base/lib/modules/5.15.196/kernel/drivers/media/rc/ir-rcmm-decoder.ko
2026-09-27T02:57:12.6389833Z   INSTALL /home/runner/work/_temp/work/ce/build.CoreELEC-Amlogic-no.aarch64-22/install_pkg/linux-69e87fa40cc3a04bf91d92e388d2787a2efcb50c/usr/lib/kernel-overlays/base/lib/modules/5.15.196/kernel/drivers/media/rc/ir-sanyo-decoder.ko
2026-09-27T02:57:12.6409755Z   INSTALL /home/runner/work/_temp/work/ce/build.CoreELEC-Amlogic-no.aarch64-22/install_pkg/linux-69e87fa40cc3a04bf91d92e388d2787a2efcb50c/usr/lib/kernel-overlays/base/lib/modules/5.15.196/kernel/drivers/media/rc/ir-sharp-decoder.ko
2026-09-27T02:57:12.6412134Z   INSTALL /home/runner/work/_temp/work/ce/build.CoreELEC-Amlogic-no.aarch64-22/install_pkg/linux-69e87fa40cc3a04bf91d92e388d2787a2efcb50c/usr/lib/kernel-overlays/base/lib/modules/5.15.196/kernel/drivers/media/rc/ir-sony-decoder.ko
2026-09-27T02:57:12.6414634Z   INSTALL /home/runner/work/_temp/work/ce/build.CoreELEC-Amlogic-no.aarch64-22/install_pkg/linux-69e87fa40cc3a04bf91d92e388d2787a2efcb50c/usr/lib/kernel-overlays/base/lib/modules/5.15.196/kernel/drivers/media/rc/ir-xmp-decoder.ko
2026-09-27T02:57:12.6436560Z   INSTALL /home/runner/work/_temp/work/ce/build.CoreELEC-Amlogic-no.aarch64-22/install_pkg/linux-69e87fa40cc3a04bf91d92e388d2787a2efcb50c/usr/lib/kernel-overlays/base/lib/modules/5.15.196/kernel/drivers/media/rc/keymaps/rc-adstech-dvb-t-pci.ko
2026-09-27T02:57:12.6454342Z   INSTALL /home/runner/work/_temp/work/ce/build.CoreELEC-Amlogic-no.aarch64-22/install_pkg/linux-69e87fa40cc3a04bf91d92e388d2787a2efcb50c/usr/lib/kernel-overlays/base/lib/modules/5.15.196/kernel/drivers/media/rc/keymaps/rc-alink-dtu-m.ko
2026-09-27T02:57:12.6462474Z   INSTALL /home/runner/work/_temp/work/ce/build.CoreELEC-Amlogic-no.aarch64-22/install_pkg/linux-69e87fa40cc3a04bf91d92e388d2787a2efcb50c/usr/lib/kernel-overlays/base/lib/modules/5.15.196/kernel/drivers/media/rc/keymaps/rc-anysee.ko
2026-09-27T02:57:12.6476660Z   INSTALL /home/runner/work/_temp/work/ce/build.CoreELEC-Amlogic-no.aarch64-22/install_pkg/linux-69e87fa40cc3a04bf91d92e388d2787a2efcb50c/usr/lib/kernel-overlays/base/lib/modules/5.15.196/kernel/drivers/media/rc/keymaps/rc-apac-viewcomp.ko
2026-09-27T02:57:12.6502758Z   INSTALL /home/runner/work/_temp/work/ce/build.CoreELEC-Amlogic-no.aarch64-22/install_pkg/linux-69e87fa40cc3a04bf91d92e388d2787a2efcb50c/usr/lib/kernel-overlays/base/lib/modules/5.15.196/kernel/drivers/media/rc/keymaps/rc-astrometa-t2hybrid.ko
2026-09-27T02:57:12.6528136Z   INSTALL /home/runner/work/_temp/work/ce/build.CoreELEC-Amlogic-no.aarch64-22/install_pkg/linux-69e87fa40cc3a04bf91d92e388d2787a2efcb50c/usr/lib/kernel-overlays/base/lib/modules/5.15.196/kernel/drivers/media/rc/keymaps/rc-asus-ps3-100.ko
2026-09-27T02:57:12.6535871Z   INSTALL /home/runner/work/_temp/work/ce/build.CoreELEC-Amlogic-no.aarch64-22/install_pkg/linux-69e87fa40cc3a04bf91d92e388d2787a2efcb50c/usr/lib/kernel-overlays/base/lib/modules/5.15.196/kernel/drivers/media/rc/keymaps/rc-asus-pc39.ko
2026-09-27T02:57:12.6539099Z   INSTALL /home/runner/work/_temp/work/ce/build.CoreELEC-Amlogic-no.aarch64-22/install_pkg/linux-69e87fa40cc3a04bf91d92e388d2787a2efcb50c/usr/lib/kernel-overlays/base/lib/modules/5.15.196/kernel/drivers/media/rc/keymaps/rc-ati-tv-wonder-hd-600.ko
2026-09-27T02:57:12.6544582Z   INSTALL /home/runner/work/_temp/work/ce/build.CoreELEC-Amlogic-no.aarch64-22/install_pkg/linux-69e87fa40cc3a04bf91d92e388d2787a2efcb50c/usr/lib/kernel-overlays/base/lib/modules/5.15.196/kernel/drivers/media/rc/keymaps/rc-ati-x10.ko
2026-09-27T02:57:12.6563038Z   INSTALL /home/runner/work/_temp/work/ce/build.CoreELEC-Amlogic-no.aarch64-22/install_pkg/linux-69e87fa40cc3a04bf91d92e388d2787a2efcb50c/usr/lib/kernel-overlays/base/lib/modules/5.15.196/kernel/drivers/media/rc/keymaps/rc-avermedia-a16d.ko
2026-09-27T02:57:12.6572114Z   INSTALL /home/runner/work/_temp/work/ce/build.CoreELEC-Amlogic-no.aarch64-22/install_pkg/linux-69e87fa40cc3a04bf91d92e388d2787a2efcb50c/usr/lib/kernel-overlays/base/lib/modules/5.15.196/kernel/drivers/media/rc/keymaps/rc-avermedia-cardbus.ko
2026-09-27T02:57:12.6597632Z   INSTALL /home/runner/work/_temp/work/ce/build.CoreELEC-Amlogic-no.aarch64-22/install_pkg/linux-69e87fa40cc3a04bf91d92e388d2787a2efcb50c/usr/lib/kernel-overlays/base/lib/modules/5.15.196/kernel/drivers/media/rc/keymaps/rc-avermedia-dvbt.ko
2026-09-27T02:57:12.6611939Z   INSTALL /home/runner/work/_temp/work/ce/build.CoreELEC-Amlogic-no.aarch64-22/install_pkg/linux-69e87fa40cc3a04bf91d92e388d2787a2efcb50c/usr/lib/kernel-overlays/base/lib/modules/5.15.196/kernel/drivers/media/rc/keymaps/rc-avermedia-m135a.ko
2026-09-27T02:57:12.6624082Z   INSTALL /home/runner/work/_temp/work/ce/build.CoreELEC-Amlogic-no.aarch64-22/install_pkg/linux-69e87fa40cc3a04bf91d92e388d2787a2efcb50c/usr/lib/kernel-overlays/base/lib/modules/5.15.196/kernel/drivers/media/rc/keymaps/rc-avermedia-m733a-rm-k6.ko
2026-09-27T02:57:12.6632015Z   INSTALL /home/runner/work/_temp/work/ce/build.CoreELEC-Amlogic-no.aarch64-22/install_pkg/linux-69e87fa40cc3a04bf91d92e388d2787a2efcb50c/usr/lib/kernel-overlays/base/lib/modules/5.15.196/kernel/drivers/media/rc/keymaps/rc-avermedia-rm-ks.ko
2026-09-27T02:57:12.6653065Z   INSTALL /home/runner/work/_temp/work/ce/build.CoreELEC-Amlogic-no.aarch64-22/install_pkg/linux-69e87fa40cc3a04bf91d92e388d2787a2efcb50c/usr/lib/kernel-overlays/base/lib/modules/5.15.196/kernel/drivers/media/rc/keymaps/rc-avermedia.ko
2026-09-27T02:57:12.6669927Z   INSTALL /home/runner/work/_temp/work/ce/build.CoreELEC-Amlogic-no.aarch64-22/install_pkg/linux-69e87fa40cc3a04bf91d92e388d2787a2efcb50c/usr/lib/kernel-overlays/base/lib/modules/5.15.196/kernel/drivers/media/rc/keymaps/rc-avertv-303.ko
2026-09-27T02:57:12.6688394Z   INSTALL /home/runner/work/_temp/work/ce/build.CoreELEC-Amlogic-no.aarch64-22/install_pkg/linux-69e87fa40cc3a04bf91d92e388d2787a2efcb50c/usr/lib/kernel-overlays/base/lib/modules/5.15.196/kernel/drivers/media/rc/keymaps/rc-azurewave-ad-tu700.ko
2026-09-27T02:57:12.6690409Z   INSTALL /home/runner/work/_temp/work/ce/build.CoreELEC-Amlogic-no.aarch64-22/install_pkg/linux-69e87fa40cc3a04bf91d92e388d2787a2efcb50c/usr/lib/kernel-overlays/base/lib/modules/5.15.196/kernel/drivers/media/rc/keymaps/rc-beelink-gs1.ko
2026-09-27T02:57:12.6704811Z   INSTALL /home/runner/work/_temp/work/ce/build.CoreELEC-Amlogic-no.aarch64-22/install_pkg/linux-69e87fa40cc3a04bf91d92e388d2787a2efcb50c/usr/lib/kernel-overlays/base/lib/modules/5.15.196/kernel/drivers/media/rc/keymaps/rc-behold-columbus.ko
2026-09-27T02:57:12.6731060Z   INSTALL /home/runner/work/_temp/work/ce/build.CoreELEC-Amlogic-no.aarch64-22/install_pkg/linux-69e87fa40cc3a04bf91d92e388d2787a2efcb50c/usr/lib/kernel-overlays/base/lib/modules/5.15.196/kernel/drivers/media/rc/keymaps/rc-behold.ko
2026-09-27T02:57:12.6737868Z   INSTALL /home/runner/work/_temp/work/ce/build.CoreELEC-Amlogic-no.aarch64-22/install_pkg/linux-69e87fa40cc3a04bf91d92e388d2787a2efcb50c/usr/lib/kernel-overlays/base/lib/modules/5.15.196/kernel/drivers/media/rc/keymaps/rc-budget-ci-old.ko
2026-09-27T02:57:12.6751656Z   INSTALL /home/runner/work/_temp/work/ce/build.CoreELEC-Amlogic-no.aarch64-22/install_pkg/linux-69e87fa40cc3a04bf91d92e388d2787a2efcb50c/usr/lib/kernel-overlays/base/lib/modules/5.15.196/kernel/drivers/media/rc/keymaps/rc-cinergy-1400.ko
2026-09-27T02:57:12.6756734Z   INSTALL /home/runner/work/_temp/work/ce/build.CoreELEC-Amlogic-no.aarch64-22/install_pkg/linux-69e87fa40cc3a04bf91d92e388d2787a2efcb50c/usr/lib/kernel-overlays/base/lib/modules/5.15.196/kernel/drivers/media/rc/keymaps/rc-cinergy.ko
2026-09-27T02:57:12.6782529Z   INSTALL /home/runner/work/_temp/work/ce/build.CoreELEC-Amlogic-no.aarch64-22/install_pkg/linux-69e87fa40cc3a04bf91d92e388d2787a2efcb50c/usr/lib/kernel-overlays/base/lib/modules/5.15.196/kernel/drivers/media/rc/keymaps/rc-ct-90405.ko
2026-09-27T02:57:12.6796487Z   INSTALL /home/runner/work/_temp/work/ce/build.CoreELEC-Amlogic-no.aarch64-22/install_pkg/linux-69e87fa40cc3a04bf91d92e388d2787a2efcb50c/usr/lib/kernel-overlays/base/lib/modules/5.15.196/kernel/drivers/media/rc/keymaps/rc-d680-dmb.ko
2026-09-27T02:57:12.6802460Z   INSTALL /home/runner/work/_temp/work/ce/build.CoreELEC-Amlogic-no.aarch64-22/install_pkg/linux-69e87fa40cc3a04bf91d92e388d2787a2efcb50c/usr/lib/kernel-overlays/base/lib/modules/5.15.196/kernel/drivers/media/rc/keymaps/rc-delock-61959.ko
2026-09-27T02:57:12.6827881Z   INSTALL /home/runner/work/_temp/work/ce/build.CoreELEC-Amlogic-no.aarch64-22/install_pkg/linux-69e87fa40cc3a04bf91d92e388d2787a2efcb50c/usr/lib/kernel-overlays/base/lib/modules/5.15.196/kernel/drivers/media/rc/keymaps/rc-dib0700-nec.ko
2026-09-27T02:57:12.6845374Z   INSTALL /home/runner/work/_temp/work/ce/build.CoreELEC-Amlogic-no.aarch64-22/install_pkg/linux-69e87fa40cc3a04bf91d92e388d2787a2efcb50c/usr/lib/kernel-overlays/base/lib/modules/5.15.196/kernel/drivers/media/rc/keymaps/rc-dib0700-rc5.ko
2026-09-27T02:57:12.6853014Z   INSTALL /home/runner/work/_temp/work/ce/build.CoreELEC-Amlogic-no.aarch64-22/install_pkg/linux-69e87fa40cc3a04bf91d92e388d2787a2efcb50c/usr/lib/kernel-overlays/base/lib/modules/5.15.196/kernel/drivers/media/rc/keymaps/rc-digitalnow-tinytwin.ko
2026-09-27T02:57:12.6865784Z   INSTALL /home/runner/work/_temp/work/ce/build.CoreELEC-Amlogic-no.aarch64-22/install_pkg/linux-69e87fa40cc3a04bf91d92e388d2787a2efcb50c/usr/lib/kernel-overlays/base/lib/modules/5.15.196/kernel/drivers/media/rc/keymaps/rc-digittrade.ko
2026-09-27T02:57:12.6886484Z   INSTALL /home/runner/work/_temp/work/ce/build.CoreELEC-Amlogic-no.aarch64-22/install_pkg/linux-69e87fa40cc3a04bf91d92e388d2787a2efcb50c/usr/lib/kernel-overlays/base/lib/modules/5.15.196/kernel/drivers/media/rc/keymaps/rc-dm1105-nec.ko
2026-09-27T02:57:12.6892456Z   INSTALL /home/runner/work/_temp/work/ce/build.CoreELEC-Amlogic-no.aarch64-22/install_pkg/linux-69e87fa40cc3a04bf91d92e388d2787a2efcb50c/usr/lib/kernel-overlays/base/lib/modules/5.15.196/kernel/drivers/media/rc/keymaps/rc-dntv-live-dvb-t.ko
2026-09-27T02:57:12.6906532Z   INSTALL /home/runner/work/_temp/work/ce/build.CoreELEC-Amlogic-no.aarch64-22/install_pkg/linux-69e87fa40cc3a04bf91d92e388d2787a2efcb50c/usr/lib/kernel-overlays/base/lib/modules/5.15.196/kernel/drivers/media/rc/keymaps/rc-dntv-live-dvbt-pro.ko
2026-09-27T02:57:12.6927891Z   INSTALL /home/runner/work/_temp/work/ce/build.CoreELEC-Amlogic-no.aarch64-22/install_pkg/linux-69e87fa40cc3a04bf91d92e388d2787a2efcb50c/usr/lib/kernel-overlays/base/lib/modules/5.15.196/kernel/drivers/media/rc/keymaps/rc-dtt200u.ko
2026-09-27T02:57:12.6941814Z   INSTALL /home/runner/work/_temp/work/ce/build.CoreELEC-Amlogic-no.aarch64-22/install_pkg/linux-69e87fa40cc3a04bf91d92e388d2787a2efcb50c/usr/lib/kernel-overlays/base/lib/modules/5.15.196/kernel/drivers/media/rc/keymaps/rc-dvbsky.ko
2026-09-27T02:57:12.6948250Z   INSTALL /home/runner/work/_temp/work/ce/build.CoreELEC-Amlogic-no.aarch64-22/install_pkg/linux-69e87fa40cc3a04bf91d92e388d2787a2efcb50c/usr/lib/kernel-overlays/base/lib/modules/5.15.196/kernel/drivers/media/rc/keymaps/rc-dvico-mce.ko
2026-09-27T02:57:12.6971129Z   INSTALL /home/runner/work/_temp/work/ce/build.CoreELEC-Amlogic-no.aarch64-22/install_pkg/linux-69e87fa40cc3a04bf91d92e388d2787a2efcb50c/usr/lib/kernel-overlays/base/lib/modules/5.15.196/kernel/drivers/media/rc/keymaps/rc-dvico-portable.ko
2026-09-27T02:57:12.6982817Z   INSTALL /home/runner/work/_temp/work/ce/build.CoreELEC-Amlogic-no.aarch64-22/install_pkg/linux-69e87fa40cc3a04bf91d92e388d2787a2efcb50c/usr/lib/kernel-overlays/base/lib/modules/5.15.196/kernel/drivers/media/rc/keymaps/rc-em-terratec.ko
2026-09-27T02:57:12.7000020Z   INSTALL /home/runner/work/_temp/work/ce/build.CoreELEC-Amlogic-no.aarch64-22/install_pkg/linux-69e87fa40cc3a04bf91d92e388d2787a2efcb50c/usr/lib/kernel-overlays/base/lib/modules/5.15.196/kernel/drivers/media/rc/keymaps/rc-encore-enltv-fm53.ko
2026-09-27T02:57:12.7002443Z   INSTALL /home/runner/work/_temp/work/ce/build.CoreELEC-Amlogic-no.aarch64-22/install_pkg/linux-69e87fa40cc3a04bf91d92e388d2787a2efcb50c/usr/lib/kernel-overlays/base/lib/modules/5.15.196/kernel/drivers/media/rc/keymaps/rc-encore-enltv.ko
2026-09-27T02:57:12.7018600Z   INSTALL /home/runner/work/_temp/work/ce/build.CoreELEC-Amlogic-no.aarch64-22/install_pkg/linux-69e87fa40cc3a04bf91d92e388d2787a2efcb50c/usr/lib/kernel-overlays/base/lib/modules/5.15.196/kernel/drivers/media/rc/keymaps/rc-encore-enltv2.ko
2026-09-27T02:57:12.7035492Z   INSTALL /home/runner/work/_temp/work/ce/build.CoreELEC-Amlogic-no.aarch64-22/install_pkg/linux-69e87fa40cc3a04bf91d92e388d2787a2efcb50c/usr/lib/kernel-overlays/base/lib/modules/5.15.196/kernel/drivers/media/rc/keymaps/rc-evga-indtube.ko
2026-09-27T02:57:12.7042491Z   INSTALL /home/runner/work/_temp/work/ce/build.CoreELEC-Amlogic-no.aarch64-22/install_pkg/linux-69e87fa40cc3a04bf91d92e388d2787a2efcb50c/usr/lib/kernel-overlays/base/lib/modules/5.15.196/kernel/drivers/media/rc/keymaps/rc-eztv.ko
2026-09-27T02:57:12.7057538Z   INSTALL /home/runner/work/_temp/work/ce/build.CoreELEC-Amlogic-no.aarch64-22/install_pkg/linux-69e87fa40cc3a04bf91d92e388d2787a2efcb50c/usr/lib/kernel-overlays/base/lib/modules/5.15.196/kernel/drivers/media/rc/keymaps/rc-flydvb.ko
2026-09-27T02:57:12.7077986Z   INSTALL /home/runner/work/_temp/work/ce/build.CoreELEC-Amlogic-no.aarch64-22/install_pkg/linux-69e87fa40cc3a04bf91d92e388d2787a2efcb50c/usr/lib/kernel-overlays/base/lib/modules/5.15.196/kernel/drivers/media/rc/keymaps/rc-flyvideo.ko
2026-09-27T02:57:12.7088246Z   INSTALL /home/runner/work/_temp/work/ce/build.CoreELEC-Amlogic-no.aarch64-22/install_pkg/linux-69e87fa40cc3a04bf91d92e388d2787a2efcb50c/usr/lib/kernel-overlays/base/lib/modules/5.15.196/kernel/drivers/media/rc/keymaps/rc-fusionhdtv-mce.ko
2026-09-27T02:57:12.7099300Z   INSTALL /home/runner/work/_temp/work/ce/build.CoreELEC-Amlogic-no.aarch64-22/install_pkg/linux-69e87fa40cc3a04bf91d92e388d2787a2efcb50c/usr/lib/kernel-overlays/base/lib/modules/5.15.196/kernel/drivers/media/rc/keymaps/rc-gadmei-rm008z.ko
2026-09-27T02:57:12.7119421Z   INSTALL /home/runner/work/_temp/work/ce/build.CoreELEC-Amlogic-no.aarch64-22/install_pkg/linux-69e87fa40cc3a04bf91d92e388d2787a2efcb50c/usr/lib/kernel-overlays/base/lib/modules/5.15.196/kernel/drivers/media/rc/keymaps/rc-geekbox.ko
2026-09-27T02:57:12.7128515Z   INSTALL /home/runner/work/_temp/work/ce/build.CoreELEC-Amlogic-no.aarch64-22/install_pkg/linux-69e87fa40cc3a04bf91d92e388d2787a2efcb50c/usr/lib/kernel-overlays/base/lib/modules/5.15.196/kernel/drivers/media/rc/keymaps/rc-genius-tvgo-a11mce.ko
2026-09-27T02:57:12.7144667Z   INSTALL /home/runner/work/_temp/work/ce/build.CoreELEC-Amlogic-no.aarch64-22/install_pkg/linux-69e87fa40cc3a04bf91d92e388d2787a2efcb50c/usr/lib/kernel-overlays/base/lib/modules/5.15.196/kernel/drivers/media/rc/keymaps/rc-gotview7135.ko
2026-09-27T02:57:12.7150187Z   INSTALL /home/runner/work/_temp/work/ce/build.CoreELEC-Amlogic-no.aarch64-22/install_pkg/linux-69e87fa40cc3a04bf91d92e388d2787a2efcb50c/usr/lib/kernel-overlays/base/lib/modules/5.15.196/kernel/drivers/media/rc/keymaps/rc-hauppauge.ko
2026-09-27T02:57:12.7168631Z   INSTALL /home/runner/work/_temp/work/ce/build.CoreELEC-Amlogic-no.aarch64-22/install_pkg/linux-69e87fa40cc3a04bf91d92e388d2787a2efcb50c/usr/lib/kernel-overlays/base/lib/modules/5.15.196/kernel/drivers/media/rc/keymaps/rc-hisi-poplar.ko
2026-09-27T02:57:12.7177333Z   INSTALL /home/runner/work/_temp/work/ce/build.CoreELEC-Amlogic-no.aarch64-22/install_pkg/linux-69e87fa40cc3a04bf91d92e388d2787a2efcb50c/usr/lib/kernel-overlays/base/lib/modules/5.15.196/kernel/drivers/media/rc/keymaps/rc-hisi-tv-demo.ko
2026-09-27T02:57:12.7198552Z   INSTALL /home/runner/work/_temp/work/ce/build.CoreELEC-Amlogic-no.aarch64-22/install_pkg/linux-69e87fa40cc3a04bf91d92e388d2787a2efcb50c/usr/lib/kernel-overlays/base/lib/modules/5.15.196/kernel/drivers/media/rc/keymaps/rc-imon-mce.ko
2026-09-27T02:57:12.7212902Z   INSTALL /home/runner/work/_temp/work/ce/build.CoreELEC-Amlogic-no.aarch64-22/install_pkg/linux-69e87fa40cc3a04bf91d92e388d2787a2efcb50c/usr/lib/kernel-overlays/base/lib/modules/5.15.196/kernel/drivers/media/rc/keymaps/rc-imon-pad.ko
2026-09-27T02:57:12.7217963Z   INSTALL /home/runner/work/_temp/work/ce/build.CoreELEC-Amlogic-no.aarch64-22/install_pkg/linux-69e87fa40cc3a04bf91d92e388d2787a2efcb50c/usr/lib/kernel-overlays/base/lib/modules/5.15.196/kernel/drivers/media/rc/keymaps/rc-imon-rsc.ko
2026-09-27T02:57:12.7230655Z   INSTALL /home/runner/work/_temp/work/ce/build.CoreELEC-Amlogic-no.aarch64-22/install_pkg/linux-69e87fa40cc3a04bf91d92e388d2787a2efcb50c/usr/lib/kernel-overlays/base/lib/modules/5.15.196/kernel/drivers/media/rc/keymaps/rc-iodata-bctv7e.ko
2026-09-27T02:57:12.7253915Z   INSTALL /home/runner/work/_temp/work/ce/build.CoreELEC-Amlogic-no.aarch64-22/install_pkg/linux-69e87fa40cc3a04bf91d92e388d2787a2efcb50c/usr/lib/kernel-overlays/base/lib/modules/5.15.196/kernel/drivers/media/rc/keymaps/rc-it913x-v1.ko
2026-09-27T02:57:12.7275753Z   INSTALL /home/runner/work/_temp/work/ce/build.CoreELEC-Amlogic-no.aarch64-22/install_pkg/linux-69e87fa40cc3a04bf91d92e388d2787a2efcb50c/usr/lib/kernel-overlays/base/lib/modules/5.15.196/kernel/drivers/media/rc/keymaps/rc-it913x-v2.ko
2026-09-27T02:57:12.7282520Z   INSTALL /home/runner/work/_temp/work/ce/build.CoreELEC-Amlogic-no.aarch64-22/install_pkg/linux-69e87fa40cc3a04bf91d92e388d2787a2efcb50c/usr/lib/kernel-overlays/base/lib/modules/5.15.196/kernel/drivers/media/rc/keymaps/rc-kaiomy.ko
2026-09-27T02:57:12.7284920Z   INSTALL /home/runner/work/_temp/work/ce/build.CoreELEC-Amlogic-no.aarch64-22/install_pkg/linux-69e87fa40cc3a04bf91d92e388d2787a2efcb50c/usr/lib/kernel-overlays/base/lib/modules/5.15.196/kernel/drivers/media/rc/keymaps/rc-khadas.ko
2026-09-27T02:57:12.7312587Z   INSTALL /home/runner/work/_temp/work/ce/build.CoreELEC-Amlogic-no.aarch64-22/install_pkg/linux-69e87fa40cc3a04bf91d92e388d2787a2efcb50c/usr/lib/kernel-overlays/base/lib/modules/5.15.196/kernel/drivers/media/rc/keymaps/rc-khamsin.ko
2026-09-27T02:57:12.7323631Z   INSTALL /home/runner/work/_temp/work/ce/build.CoreELEC-Amlogic-no.aarch64-22/install_pkg/linux-69e87fa40cc3a04bf91d92e388d2787a2efcb50c/usr/lib/kernel-overlays/base/lib/modules/5.15.196/kernel/drivers/media/rc/keymaps/rc-kworld-315u.ko
2026-09-27T02:57:12.7338664Z   INSTALL /home/runner/work/_temp/work/ce/build.CoreELEC-Amlogic-no.aarch64-22/install_pkg/linux-69e87fa40cc3a04bf91d92e388d2787a2efcb50c/usr/lib/kernel-overlays/base/lib/modules/5.15.196/kernel/drivers/media/rc/keymaps/rc-kworld-pc150u.ko
2026-09-27T02:57:12.7343644Z   INSTALL /home/runner/work/_temp/work/ce/build.CoreELEC-Amlogic-no.aarch64-22/install_pkg/linux-69e87fa40cc3a04bf91d92e388d2787a2efcb50c/usr/lib/kernel-overlays/base/lib/modules/5.15.196/kernel/drivers/media/rc/keymaps/rc-kworld-plus-tv-analog.ko
2026-09-27T02:57:12.7346260Z   INSTALL /home/runner/work/_temp/work/ce/build.CoreELEC-Amlogic-no.aarch64-22/install_pkg/linux-69e87fa40cc3a04bf91d92e388d2787a2efcb50c/usr/lib/kernel-overlays/base/lib/modules/5.15.196/kernel/drivers/media/rc/keymaps/rc-leadtek-y04g0051.ko
2026-09-27T02:57:12.7378570Z   INSTALL /home/runner/work/_temp/work/ce/build.CoreELEC-Amlogic-no.aarch64-22/install_pkg/linux-69e87fa40cc3a04bf91d92e388d2787a2efcb50c/usr/lib/kernel-overlays/base/lib/modules/5.15.196/kernel/drivers/media/rc/keymaps/rc-lme2510.ko
2026-09-27T02:57:12.7387413Z   INSTALL /home/runner/work/_temp/work/ce/build.CoreELEC-Amlogic-no.aarch64-22/install_pkg/linux-69e87fa40cc3a04bf91d92e388d2787a2efcb50c/usr/lib/kernel-overlays/base/lib/modules/5.15.196/kernel/drivers/media/rc/keymaps/rc-manli.ko
2026-09-27T02:57:12.7392789Z   INSTALL /home/runner/work/_temp/work/ce/build.CoreELEC-Amlogic-no.aarch64-22/install_pkg/linux-69e87fa40cc3a04bf91d92e388d2787a2efcb50c/usr/lib/kernel-overlays/base/lib/modules/5.15.196/kernel/drivers/media/rc/keymaps/rc-mecool-kii-pro.ko
2026-09-27T02:57:12.7423431Z   INSTALL /home/runner/work/_temp/work/ce/build.CoreELEC-Amlogic-no.aarch64-22/install_pkg/linux-69e87fa40cc3a04bf91d92e388d2787a2efcb50c/usr/lib/kernel-overlays/base/lib/modules/5.15.196/kernel/drivers/media/rc/keymaps/rc-mecool-kiii-pro.ko
2026-09-27T02:57:12.7426283Z   INSTALL /home/runner/work/_temp/work/ce/build.CoreELEC-Amlogic-no.aarch64-22/install_pkg/linux-69e87fa40cc3a04bf91d92e388d2787a2efcb50c/usr/lib/kernel-overlays/base/lib/modules/5.15.196/kernel/drivers/media/rc/keymaps/rc-medion-x10-digitainer.ko
2026-09-27T02:57:12.7442698Z   INSTALL /home/runner/work/_temp/work/ce/build.CoreELEC-Amlogic-no.aarch64-22/install_pkg/linux-69e87fa40cc3a04bf91d92e388d2787a2efcb50c/usr/lib/kernel-overlays/base/lib/modules/5.15.196/kernel/drivers/media/rc/keymaps/rc-medion-x10-or2x.ko
2026-09-27T02:57:12.7454609Z   INSTALL /home/runner/work/_temp/work/ce/build.CoreELEC-Amlogic-no.aarch64-22/install_pkg/linux-69e87fa40cc3a04bf91d92e388d2787a2efcb50c/usr/lib/kernel-overlays/base/lib/modules/5.15.196/kernel/drivers/media/rc/keymaps/rc-medion-x10.ko
2026-09-27T02:57:12.7468314Z   INSTALL /home/runner/work/_temp/work/ce/build.CoreELEC-Amlogic-no.aarch64-22/install_pkg/linux-69e87fa40cc3a04bf91d92e388d2787a2efcb50c/usr/lib/kernel-overlays/base/lib/modules/5.15.196/kernel/drivers/media/rc/keymaps/rc-minix-neo.ko
2026-09-27T02:57:12.7491832Z   INSTALL /home/runner/work/_temp/work/ce/build.CoreELEC-Amlogic-no.aarch64-22/install_pkg/linux-69e87fa40cc3a04bf91d92e388d2787a2efcb50c/usr/lib/kernel-overlays/base/lib/modules/5.15.196/kernel/drivers/media/rc/keymaps/rc-msi-digivox-ii.ko
2026-09-27T02:57:12.7498188Z   INSTALL /home/runner/work/_temp/work/ce/build.CoreELEC-Amlogic-no.aarch64-22/install_pkg/linux-69e87fa40cc3a04bf91d92e388d2787a2efcb50c/usr/lib/kernel-overlays/base/lib/modules/5.15.196/kernel/drivers/media/rc/keymaps/rc-msi-digivox-iii.ko
2026-09-27T02:57:12.7514869Z   INSTALL /home/runner/work/_temp/work/ce/build.CoreELEC-Amlogic-no.aarch64-22/install_pkg/linux-69e87fa40cc3a04bf91d92e388d2787a2efcb50c/usr/lib/kernel-overlays/base/lib/modules/5.15.196/kernel/drivers/media/rc/keymaps/rc-msi-tvanywhere-plus.ko
2026-09-27T02:57:12.7518199Z   INSTALL /home/runner/work/_temp/work/ce/build.CoreELEC-Amlogic-no.aarch64-22/install_pkg/linux-69e87fa40cc3a04bf91d92e388d2787a2efcb50c/usr/lib/kernel-overlays/base/lib/modules/5.15.196/kernel/drivers/media/rc/keymaps/rc-msi-tvanywhere.ko
2026-09-27T02:57:12.7534845Z   INSTALL /home/runner/work/_temp/work/ce/build.CoreELEC-Amlogic-no.aarch64-22/install_pkg/linux-69e87fa40cc3a04bf91d92e388d2787a2efcb50c/usr/lib/kernel-overlays/base/lib/modules/5.15.196/kernel/drivers/media/rc/keymaps/rc-nebula.ko
2026-09-27T02:57:12.7551849Z   INSTALL /home/runner/work/_temp/work/ce/build.CoreELEC-Amlogic-no.aarch64-22/install_pkg/linux-69e87fa40cc3a04bf91d92e388d2787a2efcb50c/usr/lib/kernel-overlays/base/lib/modules/5.15.196/kernel/drivers/media/rc/keymaps/rc-nec-terratec-cinergy-xs.ko
2026-09-27T02:57:12.7564723Z   INSTALL /home/runner/work/_temp/work/ce/build.CoreELEC-Amlogic-no.aarch64-22/install_pkg/linux-69e87fa40cc3a04bf91d92e388d2787a2efcb50c/usr/lib/kernel-overlays/base/lib/modules/5.15.196/kernel/drivers/media/rc/keymaps/rc-norwood.ko
2026-09-27T02:57:12.7573006Z   INSTALL /home/runner/work/_temp/work/ce/build.CoreELEC-Amlogic-no.aarch64-22/install_pkg/linux-69e87fa40cc3a04bf91d92e388d2787a2efcb50c/usr/lib/kernel-overlays/base/lib/modules/5.15.196/kernel/drivers/media/rc/keymaps/rc-npgtech.ko
2026-09-27T02:57:12.7593934Z   INSTALL /home/runner/work/_temp/work/ce/build.CoreELEC-Amlogic-no.aarch64-22/install_pkg/linux-69e87fa40cc3a04bf91d92e388d2787a2efcb50c/usr/lib/kernel-overlays/base/lib/modules/5.15.196/kernel/drivers/media/rc/keymaps/rc-odroid.ko
2026-09-27T02:57:12.7610086Z   INSTALL /home/runner/work/_temp/work/ce/build.CoreELEC-Amlogic-no.aarch64-22/install_pkg/linux-69e87fa40cc3a04bf91d92e388d2787a2efcb50c/usr/lib/kernel-overlays/base/lib/modules/5.15.196/kernel/drivers/media/rc/keymaps/rc-pctv-sedna.ko
2026-09-27T02:57:12.7614808Z   INSTALL /home/runner/work/_temp/work/ce/build.CoreELEC-Amlogic-no.aarch64-22/install_pkg/linux-69e87fa40cc3a04bf91d92e388d2787a2efcb50c/usr/lib/kernel-overlays/base/lib/modules/5.15.196/kernel/drivers/media/rc/keymaps/rc-pine64.ko
2026-09-27T02:57:12.7637360Z   INSTALL /home/runner/work/_temp/work/ce/build.CoreELEC-Amlogic-no.aarch64-22/install_pkg/linux-69e87fa40cc3a04bf91d92e388d2787a2efcb50c/usr/lib/kernel-overlays/base/lib/modules/5.15.196/kernel/drivers/media/rc/keymaps/rc-pinnacle-color.ko
2026-09-27T02:57:12.7653362Z   INSTALL /home/runner/work/_temp/work/ce/build.CoreELEC-Amlogic-no.aarch64-22/install_pkg/linux-69e87fa40cc3a04bf91d92e388d2787a2efcb50c/usr/lib/kernel-overlays/base/lib/modules/5.15.196/kernel/drivers/media/rc/keymaps/rc-pinnacle-grey.ko
2026-09-27T02:57:12.7671732Z   INSTALL /home/runner/work/_temp/work/ce/build.CoreELEC-Amlogic-no.aarch64-22/install_pkg/linux-69e87fa40cc3a04bf91d92e388d2787a2efcb50c/usr/lib/kernel-overlays/base/lib/modules/5.15.196/kernel/drivers/media/rc/keymaps/rc-pinnacle-pctv-hd.ko
2026-09-27T02:57:12.7673903Z   INSTALL /home/runner/work/_temp/work/ce/build.CoreELEC-Amlogic-no.aarch64-22/install_pkg/linux-69e87fa40cc3a04bf91d92e388d2787a2efcb50c/usr/lib/kernel-overlays/base/lib/modules/5.15.196/kernel/drivers/media/rc/keymaps/rc-pixelview-002t.ko
2026-09-27T02:57:12.7687673Z   INSTALL /home/runner/work/_temp/work/ce/build.CoreELEC-Amlogic-no.aarch64-22/install_pkg/linux-69e87fa40cc3a04bf91d92e388d2787a2efcb50c/usr/lib/kernel-overlays/base/lib/modules/5.15.196/kernel/drivers/media/rc/keymaps/rc-pixelview-mk12.ko
2026-09-27T02:57:12.7713793Z   INSTALL /home/runner/work/_temp/work/ce/build.CoreELEC-Amlogic-no.aarch64-22/install_pkg/linux-69e87fa40cc3a04bf91d92e388d2787a2efcb50c/usr/lib/kernel-overlays/base/lib/modules/5.15.196/kernel/drivers/media/rc/keymaps/rc-pixelview-new.ko
2026-09-27T02:57:12.7717541Z   INSTALL /home/runner/work/_temp/work/ce/build.CoreELEC-Amlogic-no.aarch64-22/install_pkg/linux-69e87fa40cc3a04bf91d92e388d2787a2efcb50c/usr/lib/kernel-overlays/base/lib/modules/5.15.196/kernel/drivers/media/rc/keymaps/rc-pixelview.ko
2026-09-27T02:57:12.7727537Z   INSTALL /home/runner/work/_temp/work/ce/build.CoreELEC-Amlogic-no.aarch64-22/install_pkg/linux-69e87fa40cc3a04bf91d92e388d2787a2efcb50c/usr/lib/kernel-overlays/base/lib/modules/5.15.196/kernel/drivers/media/rc/keymaps/rc-powercolor-real-angel.ko
2026-09-27T02:57:12.7746964Z   INSTALL /home/runner/work/_temp/work/ce/build.CoreELEC-Amlogic-no.aarch64-22/install_pkg/linux-69e87fa40cc3a04bf91d92e388d2787a2efcb50c/usr/lib/kernel-overlays/base/lib/modules/5.15.196/kernel/drivers/media/rc/keymaps/rc-proteus-2309.ko
2026-09-27T02:57:12.7763121Z   INSTALL /home/runner/work/_temp/work/ce/build.CoreELEC-Amlogic-no.aarch64-22/install_pkg/linux-69e87fa40cc3a04bf91d92e388d2787a2efcb50c/usr/lib/kernel-overlays/base/lib/modules/5.15.196/kernel/drivers/media/rc/keymaps/rc-purpletv.ko
2026-09-27T02:57:12.7768563Z   INSTALL /home/runner/work/_temp/work/ce/build.CoreELEC-Amlogic-no.aarch64-22/install_pkg/linux-69e87fa40cc3a04bf91d92e388d2787a2efcb50c/usr/lib/kernel-overlays/base/lib/modules/5.15.196/kernel/drivers/media/rc/keymaps/rc-pv951.ko
2026-09-27T02:57:12.7790739Z   INSTALL /home/runner/work/_temp/work/ce/build.CoreELEC-Amlogic-no.aarch64-22/install_pkg/linux-69e87fa40cc3a04bf91d92e388d2787a2efcb50c/usr/lib/kernel-overlays/base/lib/modules/5.15.196/kernel/drivers/media/rc/keymaps/rc-rc6-mce.ko
2026-09-27T02:57:12.7798818Z   INSTALL /home/runner/work/_temp/work/ce/build.CoreELEC-Amlogic-no.aarch64-22/install_pkg/linux-69e87fa40cc3a04bf91d92e388d2787a2efcb50c/usr/lib/kernel-overlays/base/lib/modules/5.15.196/kernel/drivers/media/rc/keymaps/rc-real-audio-220-32-keys.ko
2026-09-27T02:57:12.7830600Z   INSTALL /home/runner/work/_temp/work/ce/build.CoreELEC-Amlogic-no.aarch64-22/install_pkg/linux-69e87fa40cc3a04bf91d92e388d2787a2efcb50c/usr/lib/kernel-overlays/base/lib/modules/5.15.196/kernel/drivers/media/rc/keymaps/rc-reddo.ko
2026-09-27T02:57:12.7838816Z   INSTALL /home/runner/work/_temp/work/ce/build.CoreELEC-Amlogic-no.aarch64-22/install_pkg/linux-69e87fa40cc3a04bf91d92e388d2787a2efcb50c/usr/lib/kernel-overlays/base/lib/modules/5.15.196/kernel/drivers/media/rc/keymaps/rc-snapstream-firefly.ko
2026-09-27T02:57:12.7843534Z   INSTALL /home/runner/work/_temp/work/ce/build.CoreELEC-Amlogic-no.aarch64-22/install_pkg/linux-69e87fa40cc3a04bf91d92e388d2787a2efcb50c/usr/lib/kernel-overlays/base/lib/modules/5.15.196/kernel/drivers/media/rc/keymaps/rc-streamzap.ko
2026-09-27T02:57:12.7857572Z   INSTALL /home/runner/work/_temp/work/ce/build.CoreELEC-Amlogic-no.aarch64-22/install_pkg/linux-69e87fa40cc3a04bf91d92e388d2787a2efcb50c/usr/lib/kernel-overlays/base/lib/modules/5.15.196/kernel/drivers/media/rc/keymaps/rc-su3000.ko
2026-09-27T02:57:12.7877230Z   INSTALL /home/runner/work/_temp/work/ce/build.CoreELEC-Amlogic-no.aarch64-22/install_pkg/linux-69e87fa40cc3a04bf91d92e388d2787a2efcb50c/usr/lib/kernel-overlays/base/lib/modules/5.15.196/kernel/drivers/media/rc/keymaps/rc-tanix-tx3mini.ko
2026-09-27T02:57:12.7885521Z   INSTALL /home/runner/work/_temp/work/ce/build.CoreELEC-Amlogic-no.aarch64-22/install_pkg/linux-69e87fa40cc3a04bf91d92e388d2787a2efcb50c/usr/lib/kernel-overlays/base/lib/modules/5.15.196/kernel/drivers/media/rc/keymaps/rc-tanix-tx5max.ko
2026-09-27T02:57:12.7906474Z   INSTALL /home/runner/work/_temp/work/ce/build.CoreELEC-Amlogic-no.aarch64-22/install_pkg/linux-69e87fa40cc3a04bf91d92e388d2787a2efcb50c/usr/lib/kernel-overlays/base/lib/modules/5.15.196/kernel/drivers/media/rc/keymaps/rc-tbs-nec.ko
2026-09-27T02:57:12.7908691Z   INSTALL /home/runner/work/_temp/work/ce/build.CoreELEC-Amlogic-no.aarch64-22/install_pkg/linux-69e87fa40cc3a04bf91d92e388d2787a2efcb50c/usr/lib/kernel-overlays/base/lib/modules/5.15.196/kernel/drivers/media/rc/keymaps/rc-technisat-ts35.ko
2026-09-27T02:57:12.7935616Z   INSTALL /home/runner/work/_temp/work/ce/build.CoreELEC-Amlogic-no.aarch64-22/install_pkg/linux-69e87fa40cc3a04bf91d92e388d2787a2efcb50c/usr/lib/kernel-overlays/base/lib/modules/5.15.196/kernel/drivers/media/rc/keymaps/rc-technisat-usb2.ko
2026-09-27T02:57:12.7950879Z   INSTALL /home/runner/work/_temp/work/ce/build.CoreELEC-Amlogic-no.aarch64-22/install_pkg/linux-69e87fa40cc3a04bf91d92e388d2787a2efcb50c/usr/lib/kernel-overlays/base/lib/modules/5.15.196/kernel/drivers/media/rc/keymaps/rc-terratec-cinergy-c-pci.ko
2026-09-27T02:57:12.7960280Z   INSTALL /home/runner/work/_temp/work/ce/build.CoreELEC-Amlogic-no.aarch64-22/install_pkg/linux-69e87fa40cc3a04bf91d92e388d2787a2efcb50c/usr/lib/kernel-overlays/base/lib/modules/5.15.196/kernel/drivers/media/rc/keymaps/rc-terratec-cinergy-xs.ko
2026-09-27T02:57:12.7965523Z   INSTALL /home/runner/work/_temp/work/ce/build.CoreELEC-Amlogic-no.aarch64-22/install_pkg/linux-69e87fa40cc3a04bf91d92e388d2787a2efcb50c/usr/lib/kernel-overlays/base/lib/modules/5.15.196/kernel/drivers/media/rc/keymaps/rc-terratec-cinergy-s2-hd.ko
2026-09-27T02:57:12.7990409Z   INSTALL /home/runner/work/_temp/work/ce/build.CoreELEC-Amlogic-no.aarch64-22/install_pkg/linux-69e87fa40cc3a04bf91d92e388d2787a2efcb50c/usr/lib/kernel-overlays/base/lib/modules/5.15.196/kernel/drivers/media/rc/keymaps/rc-terratec-slim-2.ko
2026-09-27T02:57:12.7992468Z   INSTALL /home/runner/work/_temp/work/ce/build.CoreELEC-Amlogic-no.aarch64-22/install_pkg/linux-69e87fa40cc3a04bf91d92e388d2787a2efcb50c/usr/lib/kernel-overlays/base/lib/modules/5.15.196/kernel/drivers/media/rc/keymaps/rc-terratec-slim.ko
2026-09-27T02:57:12.8032327Z   INSTALL /home/runner/work/_temp/work/ce/build.CoreELEC-Amlogic-no.aarch64-22/install_pkg/linux-69e87fa40cc3a04bf91d92e388d2787a2efcb50c/usr/lib/kernel-overlays/base/lib/modules/5.15.196/kernel/drivers/media/rc/keymaps/rc-tevii-nec.ko
2026-09-27T02:57:12.8043845Z   INSTALL /home/runner/work/_temp/work/ce/build.CoreELEC-Amlogic-no.aarch64-22/install_pkg/linux-69e87fa40cc3a04bf91d92e388d2787a2efcb50c/usr/lib/kernel-overlays/base/lib/modules/5.15.196/kernel/drivers/media/rc/keymaps/rc-tivo.ko
2026-09-27T02:57:12.8046435Z   INSTALL /home/runner/work/_temp/work/ce/build.CoreELEC-Amlogic-no.aarch64-22/install_pkg/linux-69e87fa40cc3a04bf91d92e388d2787a2efcb50c/usr/lib/kernel-overlays/base/lib/modules/5.15.196/kernel/drivers/media/rc/keymaps/rc-total-media-in-hand-02.ko
2026-09-27T02:57:12.8063606Z   INSTALL /home/runner/work/_temp/work/ce/build.CoreELEC-Amlogic-no.aarch64-22/install_pkg/linux-69e87fa40cc3a04bf91d92e388d2787a2efcb50c/usr/lib/kernel-overlays/base/lib/modules/5.15.196/kernel/drivers/media/rc/keymaps/rc-total-media-in-hand.ko
2026-09-27T02:57:12.8087563Z   INSTALL /home/runner/work/_temp/work/ce/build.CoreELEC-Amlogic-no.aarch64-22/install_pkg/linux-69e87fa40cc3a04bf91d92e388d2787a2efcb50c/usr/lib/kernel-overlays/base/lib/modules/5.15.196/kernel/drivers/media/rc/keymaps/rc-trekstor.ko
2026-09-27T02:57:12.8090190Z   INSTALL /home/runner/work/_temp/work/ce/build.CoreELEC-Amlogic-no.aarch64-22/install_pkg/linux-69e87fa40cc3a04bf91d92e388d2787a2efcb50c/usr/lib/kernel-overlays/base/lib/modules/5.15.196/kernel/drivers/media/rc/keymaps/rc-tt-1500.ko
2026-09-27T02:57:12.8105299Z   INSTALL /home/runner/work/_temp/work/ce/build.CoreELEC-Amlogic-no.aarch64-22/install_pkg/linux-69e87fa40cc3a04bf91d92e388d2787a2efcb50c/usr/lib/kernel-overlays/base/lib/modules/5.15.196/kernel/drivers/media/rc/keymaps/rc-twinhan-dtv-cab-ci.ko
2026-09-27T02:57:12.8110858Z   INSTALL /home/runner/work/_temp/work/ce/build.CoreELEC-Amlogic-no.aarch64-22/install_pkg/linux-69e87fa40cc3a04bf91d92e388d2787a2efcb50c/usr/lib/kernel-overlays/base/lib/modules/5.15.196/kernel/drivers/media/rc/keymaps/rc-twinhan1027.ko
2026-09-27T02:57:12.8129443Z   INSTALL /home/runner/work/_temp/work/ce/build.CoreELEC-Amlogic-no.aarch64-22/install_pkg/linux-69e87fa40cc3a04bf91d92e388d2787a2efcb50c/usr/lib/kernel-overlays/base/lib/modules/5.15.196/kernel/drivers/media/rc/keymaps/rc-vega-s9x.ko
2026-09-27T02:57:12.8148490Z   INSTALL /home/runner/work/_temp/work/ce/build.CoreELEC-Amlogic-no.aarch64-22/install_pkg/linux-69e87fa40cc3a04bf91d92e388d2787a2efcb50c/usr/lib/kernel-overlays/base/lib/modules/5.15.196/kernel/drivers/media/rc/keymaps/rc-videomate-m1f.ko
2026-09-27T02:57:12.8159054Z   INSTALL /home/runner/work/_temp/work/ce/build.CoreELEC-Amlogic-no.aarch64-22/install_pkg/linux-69e87fa40cc3a04bf91d92e388d2787a2efcb50c/usr/lib/kernel-overlays/base/lib/modules/5.15.196/kernel/drivers/media/rc/keymaps/rc-videomate-s350.ko
2026-09-27T02:57:12.8163771Z   INSTALL /home/runner/work/_temp/work/ce/build.CoreELEC-Amlogic-no.aarch64-22/install_pkg/linux-69e87fa40cc3a04bf91d92e388d2787a2efcb50c/usr/lib/kernel-overlays/base/lib/modules/5.15.196/kernel/drivers/media/rc/keymaps/rc-videomate-tv-pvr.ko
2026-09-27T02:57:12.8188197Z   INSTALL /home/runner/work/_temp/work/ce/build.CoreELEC-Amlogic-no.aarch64-22/install_pkg/linux-69e87fa40cc3a04bf91d92e388d2787a2efcb50c/usr/lib/kernel-overlays/base/lib/modules/5.15.196/kernel/drivers/media/rc/keymaps/rc-videostrong-kii-pro.ko
2026-09-27T02:57:12.8192973Z   INSTALL /home/runner/work/_temp/work/ce/build.CoreELEC-Amlogic-no.aarch64-22/install_pkg/linux-69e87fa40cc3a04bf91d92e388d2787a2efcb50c/usr/lib/kernel-overlays/base/lib/modules/5.15.196/kernel/drivers/media/rc/keymaps/rc-wetek-hub.ko
2026-09-27T02:57:12.8214226Z   INSTALL /home/runner/work/_temp/work/ce/build.CoreELEC-Amlogic-no.aarch64-22/install_pkg/linux-69e87fa40cc3a04bf91d92e388d2787a2efcb50c/usr/lib/kernel-overlays/base/lib/modules/5.15.196/kernel/drivers/media/rc/keymaps/rc-wetek-play2.ko
2026-09-27T02:57:12.8233787Z   INSTALL /home/runner/work/_temp/work/ce/build.CoreELEC-Amlogic-no.aarch64-22/install_pkg/linux-69e87fa40cc3a04bf91d92e388d2787a2efcb50c/usr/lib/kernel-overlays/base/lib/modules/5.15.196/kernel/drivers/media/rc/keymaps/rc-winfast-usbii-deluxe.ko
2026-09-27T02:57:12.8243307Z   INSTALL /home/runner/work/_temp/work/ce/build.CoreELEC-Amlogic-no.aarch64-22/install_pkg/linux-69e87fa40cc3a04bf91d92e388d2787a2efcb50c/usr/lib/kernel-overlays/base/lib/modules/5.15.196/kernel/drivers/media/rc/keymaps/rc-winfast.ko
2026-09-27T02:57:12.8248644Z   INSTALL /home/runner/work/_temp/work/ce/build.CoreELEC-Amlogic-no.aarch64-22/install_pkg/linux-69e87fa40cc3a04bf91d92e388d2787a2efcb50c/usr/lib/kernel-overlays/base/lib/modules/5.15.196/kernel/drivers/media/rc/keymaps/rc-x96max.ko
2026-09-27T02:57:12.8264601Z   INSTALL /home/runner/work/_temp/work/ce/build.CoreELEC-Amlogic-no.aarch64-22/install_pkg/linux-69e87fa40cc3a04bf91d92e388d2787a2efcb50c/usr/lib/kernel-overlays/base/lib/modules/5.15.196/kernel/drivers/media/rc/keymaps/rc-xbox-360.ko
2026-09-27T02:57:12.8284044Z   INSTALL /home/runner/work/_temp/work/ce/build.CoreELEC-Amlogic-no.aarch64-22/install_pkg/linux-69e87fa40cc3a04bf91d92e388d2787a2efcb50c/usr/lib/kernel-overlays/base/lib/modules/5.15.196/kernel/drivers/media/rc/keymaps/rc-xbox-dvd.ko
2026-09-27T02:57:12.8296134Z   INSTALL /home/runner/work/_temp/work/ce/build.CoreELEC-Amlogic-no.aarch64-22/install_pkg/linux-69e87fa40cc3a04bf91d92e388d2787a2efcb50c/usr/lib/kernel-overlays/base/lib/modules/5.15.196/kernel/drivers/media/rc/keymaps/rc-zx-irdec.ko
2026-09-27T02:57:12.8321138Z   INSTALL /home/runner/work/_temp/work/ce/build.CoreELEC-Amlogic-no.aarch64-22/install_pkg/linux-69e87fa40cc3a04bf91d92e388d2787a2efcb50c/usr/lib/kernel-overlays/base/lib/modules/5.15.196/kernel/drivers/media/rc/mceusb.ko
2026-09-27T02:57:12.8323530Z   INSTALL /home/runner/work/_temp/work/ce/build.CoreELEC-Amlogic-no.aarch64-22/install_pkg/linux-69e87fa40cc3a04bf91d92e388d2787a2efcb50c/usr/lib/kernel-overlays/base/lib/modules/5.15.196/kernel/drivers/media/rc/meson-ir-tx.ko
2026-09-27T02:57:12.8351004Z   INSTALL /home/runner/work/_temp/work/ce/build.CoreELEC-Amlogic-no.aarch64-22/install_pkg/linux-69e87fa40cc3a04bf91d92e388d2787a2efcb50c/usr/lib/kernel-overlays/base/lib/modules/5.15.196/kernel/drivers/media/rc/meson-ir.ko
2026-09-27T02:57:12.8353718Z   INSTALL /home/runner/work/_temp/work/ce/build.CoreELEC-Amlogic-no.aarch64-22/install_pkg/linux-69e87fa40cc3a04bf91d92e388d2787a2efcb50c/usr/lib/kernel-overlays/base/lib/modules/5.15.196/kernel/drivers/media/tuners/av201x.ko
2026-09-27T02:57:12.8372078Z   INSTALL /home/runner/work/_temp/work/ce/build.CoreELEC-Amlogic-no.aarch64-22/install_pkg/linux-69e87fa40cc3a04bf91d92e388d2787a2efcb50c/usr/lib/kernel-overlays/base/lib/modules/5.15.196/kernel/drivers/media/tuners/e4000.ko
2026-09-27T02:57:12.8381463Z   INSTALL /home/runner/work/_temp/work/ce/build.CoreELEC-Amlogic-no.aarch64-22/install_pkg/linux-69e87fa40cc3a04bf91d92e388d2787a2efcb50c/usr/lib/kernel-overlays/base/lib/modules/5.15.196/kernel/drivers/media/tuners/fc0011.ko
2026-09-27T02:57:12.8400755Z   INSTALL /home/runner/work/_temp/work/ce/build.CoreELEC-Amlogic-no.aarch64-22/install_pkg/linux-69e87fa40cc3a04bf91d92e388d2787a2efcb50c/usr/lib/kernel-overlays/base/lib/modules/5.15.196/kernel/drivers/media/tuners/fc0012.ko
2026-09-27T02:57:12.8404591Z   INSTALL /home/runner/work/_temp/work/ce/build.CoreELEC-Amlogic-no.aarch64-22/install_pkg/linux-69e87fa40cc3a04bf91d92e388d2787a2efcb50c/usr/lib/kernel-overlays/base/lib/modules/5.15.196/kernel/drivers/media/tuners/fc0013.ko
2026-09-27T02:57:12.8425409Z   INSTALL /home/runner/work/_temp/work/ce/build.CoreELEC-Amlogic-no.aarch64-22/install_pkg/linux-69e87fa40cc3a04bf91d92e388d2787a2efcb50c/usr/lib/kernel-overlays/base/lib/modules/5.15.196/kernel/drivers/media/tuners/fc2580.ko
2026-09-27T02:57:12.8443722Z   INSTALL /home/runner/work/_temp/work/ce/build.CoreELEC-Amlogic-no.aarch64-22/install_pkg/linux-69e87fa40cc3a04bf91d92e388d2787a2efcb50c/usr/lib/kernel-overlays/base/lib/modules/5.15.196/kernel/drivers/media/tuners/it913x.ko
2026-09-27T02:57:12.8452135Z   INSTALL /home/runner/work/_temp/work/ce/build.CoreELEC-Amlogic-no.aarch64-22/install_pkg/linux-69e87fa40cc3a04bf91d92e388d2787a2efcb50c/usr/lib/kernel-overlays/base/lib/modules/5.15.196/kernel/drivers/media/tuners/m88rs6000t.ko
2026-09-27T02:57:12.8471484Z   INSTALL /home/runner/work/_temp/work/ce/build.CoreELEC-Amlogic-no.aarch64-22/install_pkg/linux-69e87fa40cc3a04bf91d92e388d2787a2efcb50c/usr/lib/kernel-overlays/base/lib/modules/5.15.196/kernel/drivers/media/tuners/max2165.ko
2026-09-27T02:57:12.8510389Z   INSTALL /home/runner/work/_temp/work/ce/build.CoreELEC-Amlogic-no.aarch64-22/install_pkg/linux-69e87fa40cc3a04bf91d92e388d2787a2efcb50c/usr/lib/kernel-overlays/base/lib/modules/5.15.196/kernel/drivers/media/tuners/msi001.ko
2026-09-27T02:57:12.8515571Z   INSTALL /home/runner/work/_temp/work/ce/build.CoreELEC-Amlogic-no.aarch64-22/install_pkg/linux-69e87fa40cc3a04bf91d92e388d2787a2efcb50c/usr/lib/kernel-overlays/base/lib/modules/5.15.196/kernel/drivers/media/tuners/mt2060.ko
2026-09-27T02:57:12.8518266Z   INSTALL /home/runner/work/_temp/work/ce/build.CoreELEC-Amlogic-no.aarch64-22/install_pkg/linux-69e87fa40cc3a04bf91d92e388d2787a2efcb50c/usr/lib/kernel-overlays/base/lib/modules/5.15.196/kernel/drivers/media/tuners/mt2063.ko
2026-09-27T02:57:12.8520059Z   INSTALL /home/runner/work/_temp/work/ce/build.CoreELEC-Amlogic-no.aarch64-22/install_pkg/linux-69e87fa40cc3a04bf91d92e388d2787a2efcb50c/usr/lib/kernel-overlays/base/lib/modules/5.15.196/kernel/drivers/media/tuners/mt2131.ko
2026-09-27T02:57:12.8548499Z   INSTALL /home/runner/work/_temp/work/ce/build.CoreELEC-Amlogic-no.aarch64-22/install_pkg/linux-69e87fa40cc3a04bf91d92e388d2787a2efcb50c/usr/lib/kernel-overlays/base/lib/modules/5.15.196/kernel/drivers/media/tuners/mt2266.ko
2026-09-27T02:57:12.8559463Z   INSTALL /home/runner/work/_temp/work/ce/build.CoreELEC-Amlogic-no.aarch64-22/install_pkg/linux-69e87fa40cc3a04bf91d92e388d2787a2efcb50c/usr/lib/kernel-overlays/base/lib/modules/5.15.196/kernel/drivers/media/tuners/mxl301rf.ko
2026-09-27T02:57:12.8563276Z   INSTALL /home/runner/work/_temp/work/ce/build.CoreELEC-Amlogic-no.aarch64-22/install_pkg/linux-69e87fa40cc3a04bf91d92e388d2787a2efcb50c/usr/lib/kernel-overlays/base/lib/modules/5.15.196/kernel/drivers/media/tuners/mxl5005s.ko
2026-09-27T02:57:12.8577994Z   INSTALL /home/runner/work/_temp/work/ce/build.CoreELEC-Amlogic-no.aarch64-22/install_pkg/linux-69e87fa40cc3a04bf91d92e388d2787a2efcb50c/usr/lib/kernel-overlays/base/lib/modules/5.15.196/kernel/drivers/media/tuners/mxl5007t.ko
2026-09-27T02:57:12.8597186Z   INSTALL /home/runner/work/_temp/work/ce/build.CoreELEC-Amlogic-no.aarch64-22/install_pkg/linux-69e87fa40cc3a04bf91d92e388d2787a2efcb50c/usr/lib/kernel-overlays/base/lib/modules/5.15.196/kernel/drivers/media/tuners/qm1d1b0004.ko
2026-09-27T02:57:12.8612753Z   INSTALL /home/runner/work/_temp/work/ce/build.CoreELEC-Amlogic-no.aarch64-22/install_pkg/linux-69e87fa40cc3a04bf91d92e388d2787a2efcb50c/usr/lib/kernel-overlays/base/lib/modules/5.15.196/kernel/drivers/media/tuners/qm1d1c0042.ko
2026-09-27T02:57:12.8636934Z   INSTALL /home/runner/work/_temp/work/ce/build.CoreELEC-Amlogic-no.aarch64-22/install_pkg/linux-69e87fa40cc3a04bf91d92e388d2787a2efcb50c/usr/lib/kernel-overlays/base/lib/modules/5.15.196/kernel/drivers/media/tuners/qt1010.ko
2026-09-27T02:57:12.8648654Z   INSTALL /home/runner/work/_temp/work/ce/build.CoreELEC-Amlogic-no.aarch64-22/install_pkg/linux-69e87fa40cc3a04bf91d92e388d2787a2efcb50c/usr/lib/kernel-overlays/base/lib/modules/5.15.196/kernel/drivers/media/tuners/r820t.ko
2026-09-27T02:57:12.8670598Z   INSTALL /home/runner/work/_temp/work/ce/build.CoreELEC-Amlogic-no.aarch64-22/install_pkg/linux-69e87fa40cc3a04bf91d92e388d2787a2efcb50c/usr/lib/kernel-overlays/base/lib/modules/5.15.196/kernel/drivers/media/tuners/si2157.ko
2026-09-27T02:57:12.8672249Z   INSTALL /home/runner/work/_temp/work/ce/build.CoreELEC-Amlogic-no.aarch64-22/install_pkg/linux-69e87fa40cc3a04bf91d92e388d2787a2efcb50c/usr/lib/kernel-overlays/base/lib/modules/5.15.196/kernel/drivers/media/tuners/tda18212.ko
2026-09-27T02:57:12.8690311Z   INSTALL /home/runner/work/_temp/work/ce/build.CoreELEC-Amlogic-no.aarch64-22/install_pkg/linux-69e87fa40cc3a04bf91d92e388d2787a2efcb50c/usr/lib/kernel-overlays/base/lib/modules/5.15.196/kernel/drivers/media/tuners/tda18218.ko
2026-09-27T02:57:12.8702694Z   INSTALL /home/runner/work/_temp/work/ce/build.CoreELEC-Amlogic-no.aarch64-22/install_pkg/linux-69e87fa40cc3a04bf91d92e388d2787a2efcb50c/usr/lib/kernel-overlays/base/lib/modules/5.15.196/kernel/drivers/media/tuners/tda18250.ko
2026-09-27T02:57:12.8712569Z   INSTALL /home/runner/work/_temp/work/ce/build.CoreELEC-Amlogic-no.aarch64-22/install_pkg/linux-69e87fa40cc3a04bf91d92e388d2787a2efcb50c/usr/lib/kernel-overlays/base/lib/modules/5.15.196/kernel/drivers/media/tuners/tea5761.ko
2026-09-27T02:57:12.8731641Z   INSTALL /home/runner/work/_temp/work/ce/build.CoreELEC-Amlogic-no.aarch64-22/install_pkg/linux-69e87fa40cc3a04bf91d92e388d2787a2efcb50c/usr/lib/kernel-overlays/base/lib/modules/5.15.196/kernel/drivers/media/tuners/tea5767.ko
2026-09-27T02:57:12.8744104Z   INSTALL /home/runner/work/_temp/work/ce/build.CoreELEC-Amlogic-no.aarch64-22/install_pkg/linux-69e87fa40cc3a04bf91d92e388d2787a2efcb50c/usr/lib/kernel-overlays/base/lib/modules/5.15.196/kernel/drivers/media/tuners/tua9001.ko
2026-09-27T02:57:12.8781353Z   INSTALL /home/runner/work/_temp/work/ce/build.CoreELEC-Amlogic-no.aarch64-22/install_pkg/linux-69e87fa40cc3a04bf91d92e388d2787a2efcb50c/usr/lib/kernel-overlays/base/lib/modules/5.15.196/kernel/drivers/media/usb/as102/dvb-as102.ko
2026-09-27T02:57:12.8783547Z   INSTALL /home/runner/work/_temp/work/ce/build.CoreELEC-Amlogic-no.aarch64-22/install_pkg/linux-69e87fa40cc3a04bf91d92e388d2787a2efcb50c/usr/lib/kernel-overlays/base/lib/modules/5.15.196/kernel/drivers/media/usb/au0828/au0828.ko
2026-09-27T02:57:12.8785686Z   INSTALL /home/runner/work/_temp/work/ce/build.CoreELEC-Amlogic-no.aarch64-22/install_pkg/linux-69e87fa40cc3a04bf91d92e388d2787a2efcb50c/usr/lib/kernel-overlays/base/lib/modules/5.15.196/kernel/drivers/media/usb/b2c2/b2c2-flexcop-usb.ko
2026-09-27T02:57:12.8791982Z   INSTALL /home/runner/work/_temp/work/ce/build.CoreELEC-Amlogic-no.aarch64-22/install_pkg/linux-69e87fa40cc3a04bf91d92e388d2787a2efcb50c/usr/lib/kernel-overlays/base/lib/modules/5.15.196/kernel/drivers/media/usb/cx231xx/cx231xx-alsa.ko
2026-09-27T02:57:12.8820380Z   INSTALL /home/runner/work/_temp/work/ce/build.CoreELEC-Amlogic-no.aarch64-22/install_pkg/linux-69e87fa40cc3a04bf91d92e388d2787a2efcb50c/usr/lib/kernel-overlays/base/lib/modules/5.15.196/kernel/drivers/media/usb/cx231xx/cx231xx-dvb-ci.ko
2026-09-27T02:57:12.8825014Z   INSTALL /home/runner/work/_temp/work/ce/build.CoreELEC-Amlogic-no.aarch64-22/install_pkg/linux-69e87fa40cc3a04bf91d92e388d2787a2efcb50c/usr/lib/kernel-overlays/base/lib/modules/5.15.196/kernel/drivers/media/usb/cx231xx/cx231xx.ko
2026-09-27T02:57:12.8962554Z   INSTALL /home/runner/work/_temp/work/ce/build.CoreELEC-Amlogic-no.aarch64-22/install_pkg/linux-69e87fa40cc3a04bf91d92e388d2787a2efcb50c/usr/lib/kernel-overlays/base/lib/modules/5.15.196/kernel/drivers/media/usb/dvb-usb-v2/dvb-usb-af9015.ko
2026-09-27T02:57:12.8984045Z   INSTALL /home/runner/work/_temp/work/ce/build.CoreELEC-Amlogic-no.aarch64-22/install_pkg/linux-69e87fa40cc3a04bf91d92e388d2787a2efcb50c/usr/lib/kernel-overlays/base/lib/modules/5.15.196/kernel/drivers/media/usb/dvb-usb-v2/dvb-usb-af9035.ko
2026-09-27T02:57:12.8996580Z   INSTALL /home/runner/work/_temp/work/ce/build.CoreELEC-Amlogic-no.aarch64-22/install_pkg/linux-69e87fa40cc3a04bf91d92e388d2787a2efcb50c/usr/lib/kernel-overlays/base/lib/modules/5.15.196/kernel/drivers/media/usb/dvb-usb-v2/dvb-usb-anysee.ko
2026-09-27T02:57:12.8998542Z   INSTALL /home/runner/work/_temp/work/ce/build.CoreELEC-Amlogic-no.aarch64-22/install_pkg/linux-69e87fa40cc3a04bf91d92e388d2787a2efcb50c/usr/lib/kernel-overlays/base/lib/modules/5.15.196/kernel/drivers/media/usb/dvb-usb-v2/dvb-usb-au6610.ko
2026-09-27T02:57:12.9017419Z   INSTALL /home/runner/work/_temp/work/ce/build.CoreELEC-Amlogic-no.aarch64-22/install_pkg/linux-69e87fa40cc3a04bf91d92e388d2787a2efcb50c/usr/lib/kernel-overlays/base/lib/modules/5.15.196/kernel/drivers/media/usb/dvb-usb-v2/dvb-usb-az6007.ko
2026-09-27T02:57:12.9037952Z   INSTALL /home/runner/work/_temp/work/ce/build.CoreELEC-Amlogic-no.aarch64-22/install_pkg/linux-69e87fa40cc3a04bf91d92e388d2787a2efcb50c/usr/lib/kernel-overlays/base/lib/modules/5.15.196/kernel/drivers/media/usb/dvb-usb-v2/dvb-usb-ce6230.ko
2026-09-27T02:57:12.9058344Z   INSTALL /home/runner/work/_temp/work/ce/build.CoreELEC-Amlogic-no.aarch64-22/install_pkg/linux-69e87fa40cc3a04bf91d92e388d2787a2efcb50c/usr/lib/kernel-overlays/base/lib/modules/5.15.196/kernel/drivers/media/usb/dvb-usb-v2/dvb-usb-dvbsky.ko
2026-09-27T02:57:12.9060636Z   INSTALL /home/runner/work/_temp/work/ce/build.CoreELEC-Amlogic-no.aarch64-22/install_pkg/linux-69e87fa40cc3a04bf91d92e388d2787a2efcb50c/usr/lib/kernel-overlays/base/lib/modules/5.15.196/kernel/drivers/media/usb/dvb-usb-v2/dvb-usb-ec168.ko
2026-09-27T02:57:12.9064804Z   INSTALL /home/runner/work/_temp/work/ce/build.CoreELEC-Amlogic-no.aarch64-22/install_pkg/linux-69e87fa40cc3a04bf91d92e388d2787a2efcb50c/usr/lib/kernel-overlays/base/lib/modules/5.15.196/kernel/drivers/media/usb/dvb-usb-v2/dvb-usb-gl861.ko
2026-09-27T02:57:12.9091637Z   INSTALL /home/runner/work/_temp/work/ce/build.CoreELEC-Amlogic-no.aarch64-22/install_pkg/linux-69e87fa40cc3a04bf91d92e388d2787a2efcb50c/usr/lib/kernel-overlays/base/lib/modules/5.15.196/kernel/drivers/media/usb/dvb-usb-v2/dvb-usb-lmedm04.ko
2026-09-27T02:57:12.9111922Z   INSTALL /home/runner/work/_temp/work/ce/build.CoreELEC-Amlogic-no.aarch64-22/install_pkg/linux-69e87fa40cc3a04bf91d92e388d2787a2efcb50c/usr/lib/kernel-overlays/base/lib/modules/5.15.196/kernel/drivers/media/usb/dvb-usb-v2/dvb-usb-mxl111sf.ko
2026-09-27T02:57:12.9115136Z   INSTALL /home/runner/work/_temp/work/ce/build.CoreELEC-Amlogic-no.aarch64-22/install_pkg/linux-69e87fa40cc3a04bf91d92e388d2787a2efcb50c/usr/lib/kernel-overlays/base/lib/modules/5.15.196/kernel/drivers/media/usb/dvb-usb-v2/dvb-usb-rtl28xxu.ko
2026-09-27T02:57:12.9117518Z   INSTALL /home/runner/work/_temp/work/ce/build.CoreELEC-Amlogic-no.aarch64-22/install_pkg/linux-69e87fa40cc3a04bf91d92e388d2787a2efcb50c/usr/lib/kernel-overlays/base/lib/modules/5.15.196/kernel/drivers/media/usb/dvb-usb-v2/dvb_usb_v2.ko
2026-09-27T02:57:12.9147339Z   INSTALL /home/runner/work/_temp/work/ce/build.CoreELEC-Amlogic-no.aarch64-22/install_pkg/linux-69e87fa40cc3a04bf91d92e388d2787a2efcb50c/usr/lib/kernel-overlays/base/lib/modules/5.15.196/kernel/drivers/media/usb/dvb-usb-v2/mxl111sf-demod.ko
2026-09-27T02:57:12.9161548Z   INSTALL /home/runner/work/_temp/work/ce/build.CoreELEC-Amlogic-no.aarch64-22/install_pkg/linux-69e87fa40cc3a04bf91d92e388d2787a2efcb50c/usr/lib/kernel-overlays/base/lib/modules/5.15.196/kernel/drivers/media/usb/dvb-usb-v2/mxl111sf-tuner.ko
2026-09-27T02:57:12.9170452Z   INSTALL /home/runner/work/_temp/work/ce/build.CoreELEC-Amlogic-no.aarch64-22/install_pkg/linux-69e87fa40cc3a04bf91d92e388d2787a2efcb50c/usr/lib/kernel-overlays/base/lib/modules/5.15.196/kernel/drivers/media/usb/dvb-usb-v2/zd1301.ko
2026-09-27T02:57:12.9186066Z   INSTALL /home/runner/work/_temp/work/ce/build.CoreELEC-Amlogic-no.aarch64-22/install_pkg/linux-69e87fa40cc3a04bf91d92e388d2787a2efcb50c/usr/lib/kernel-overlays/base/lib/modules/5.15.196/kernel/drivers/media/usb/dvb-usb/dvb-usb-a800.ko
2026-09-27T02:57:12.9208958Z   INSTALL /home/runner/work/_temp/work/ce/build.CoreELEC-Amlogic-no.aarch64-22/install_pkg/linux-69e87fa40cc3a04bf91d92e388d2787a2efcb50c/usr/lib/kernel-overlays/base/lib/modules/5.15.196/kernel/drivers/media/usb/dvb-usb/dvb-usb-af9005-remote.ko
2026-09-27T02:57:12.9214497Z   INSTALL /home/runner/work/_temp/work/ce/build.CoreELEC-Amlogic-no.aarch64-22/install_pkg/linux-69e87fa40cc3a04bf91d92e388d2787a2efcb50c/usr/lib/kernel-overlays/base/lib/modules/5.15.196/kernel/drivers/media/usb/dvb-usb/dvb-usb-af9005.ko
2026-09-27T02:57:12.9238211Z   INSTALL /home/runner/work/_temp/work/ce/build.CoreELEC-Amlogic-no.aarch64-22/install_pkg/linux-69e87fa40cc3a04bf91d92e388d2787a2efcb50c/usr/lib/kernel-overlays/base/lib/modules/5.15.196/kernel/drivers/media/usb/dvb-usb/dvb-usb-az6027.ko
2026-09-27T02:57:12.9240400Z   INSTALL /home/runner/work/_temp/work/ce/build.CoreELEC-Amlogic-no.aarch64-22/install_pkg/linux-69e87fa40cc3a04bf91d92e388d2787a2efcb50c/usr/lib/kernel-overlays/base/lib/modules/5.15.196/kernel/drivers/media/usb/dvb-usb/dvb-usb-cinergyT2.ko
2026-09-27T02:57:12.9264940Z   INSTALL /home/runner/work/_temp/work/ce/build.CoreELEC-Amlogic-no.aarch64-22/install_pkg/linux-69e87fa40cc3a04bf91d92e388d2787a2efcb50c/usr/lib/kernel-overlays/base/lib/modules/5.15.196/kernel/drivers/media/usb/dvb-usb/dvb-usb-cxusb.ko
2026-09-27T02:57:12.9287683Z   INSTALL /home/runner/work/_temp/work/ce/build.CoreELEC-Amlogic-no.aarch64-22/install_pkg/linux-69e87fa40cc3a04bf91d92e388d2787a2efcb50c/usr/lib/kernel-overlays/base/lib/modules/5.15.196/kernel/drivers/media/usb/dvb-usb/dvb-usb-dib0700.ko
2026-09-27T02:57:12.9303635Z   INSTALL /home/runner/work/_temp/work/ce/build.CoreELEC-Amlogic-no.aarch64-22/install_pkg/linux-69e87fa40cc3a04bf91d92e388d2787a2efcb50c/usr/lib/kernel-overlays/base/lib/modules/5.15.196/kernel/drivers/media/usb/dvb-usb/dvb-usb-dibusb-common.ko
2026-09-27T02:57:12.9305818Z   INSTALL /home/runner/work/_temp/work/ce/build.CoreELEC-Amlogic-no.aarch64-22/install_pkg/linux-69e87fa40cc3a04bf91d92e388d2787a2efcb50c/usr/lib/kernel-overlays/base/lib/modules/5.15.196/kernel/drivers/media/usb/dvb-usb/dvb-usb-dibusb-mb.ko
2026-09-27T02:57:12.9327718Z   INSTALL /home/runner/work/_temp/work/ce/build.CoreELEC-Amlogic-no.aarch64-22/install_pkg/linux-69e87fa40cc3a04bf91d92e388d2787a2efcb50c/usr/lib/kernel-overlays/base/lib/modules/5.15.196/kernel/drivers/media/usb/dvb-usb/dvb-usb-dibusb-mc-common.ko
2026-09-27T02:57:12.9330563Z   INSTALL /home/runner/work/_temp/work/ce/build.CoreELEC-Amlogic-no.aarch64-22/install_pkg/linux-69e87fa40cc3a04bf91d92e388d2787a2efcb50c/usr/lib/kernel-overlays/base/lib/modules/5.15.196/kernel/drivers/media/usb/dvb-usb/dvb-usb-dibusb-mc.ko
2026-09-27T02:57:12.9361831Z   INSTALL /home/runner/work/_temp/work/ce/build.CoreELEC-Amlogic-no.aarch64-22/install_pkg/linux-69e87fa40cc3a04bf91d92e388d2787a2efcb50c/usr/lib/kernel-overlays/base/lib/modules/5.15.196/kernel/drivers/media/usb/dvb-usb/dvb-usb-dtt200u.ko
2026-09-27T02:57:12.9364900Z   INSTALL /home/runner/work/_temp/work/ce/build.CoreELEC-Amlogic-no.aarch64-22/install_pkg/linux-69e87fa40cc3a04bf91d92e388d2787a2efcb50c/usr/lib/kernel-overlays/base/lib/modules/5.15.196/kernel/drivers/media/usb/dvb-usb/dvb-usb-digitv.ko
2026-09-27T02:57:12.9373904Z   INSTALL /home/runner/work/_temp/work/ce/build.CoreELEC-Amlogic-no.aarch64-22/install_pkg/linux-69e87fa40cc3a04bf91d92e388d2787a2efcb50c/usr/lib/kernel-overlays/base/lib/modules/5.15.196/kernel/drivers/media/usb/dvb-usb/dvb-usb-dtv5100.ko
2026-09-27T02:57:12.9387414Z   INSTALL /home/runner/work/_temp/work/ce/build.CoreELEC-Amlogic-no.aarch64-22/install_pkg/linux-69e87fa40cc3a04bf91d92e388d2787a2efcb50c/usr/lib/kernel-overlays/base/lib/modules/5.15.196/kernel/drivers/media/usb/dvb-usb/dvb-usb-dw2102.ko
2026-09-27T02:57:12.9407942Z   INSTALL /home/runner/work/_temp/work/ce/build.CoreELEC-Amlogic-no.aarch64-22/install_pkg/linux-69e87fa40cc3a04bf91d92e388d2787a2efcb50c/usr/lib/kernel-overlays/base/lib/modules/5.15.196/kernel/drivers/media/usb/dvb-usb/dvb-usb-gp8psk.ko
2026-09-27T02:57:12.9419938Z   INSTALL /home/runner/work/_temp/work/ce/build.CoreELEC-Amlogic-no.aarch64-22/install_pkg/linux-69e87fa40cc3a04bf91d92e388d2787a2efcb50c/usr/lib/kernel-overlays/base/lib/modules/5.15.196/kernel/drivers/media/usb/dvb-usb/dvb-usb-m920x.ko
2026-09-27T02:57:12.9425236Z   INSTALL /home/runner/work/_temp/work/ce/build.CoreELEC-Amlogic-no.aarch64-22/install_pkg/linux-69e87fa40cc3a04bf91d92e388d2787a2efcb50c/usr/lib/kernel-overlays/base/lib/modules/5.15.196/kernel/drivers/media/usb/dvb-usb/dvb-usb-nova-t-usb2.ko
2026-09-27T02:57:12.9452011Z   INSTALL /home/runner/work/_temp/work/ce/build.CoreELEC-Amlogic-no.aarch64-22/install_pkg/linux-69e87fa40cc3a04bf91d92e388d2787a2efcb50c/usr/lib/kernel-overlays/base/lib/modules/5.15.196/kernel/drivers/media/usb/dvb-usb/dvb-usb-opera.ko
2026-09-27T02:57:12.9472847Z   INSTALL /home/runner/work/_temp/work/ce/build.CoreELEC-Amlogic-no.aarch64-22/install_pkg/linux-69e87fa40cc3a04bf91d92e388d2787a2efcb50c/usr/lib/kernel-overlays/base/lib/modules/5.15.196/kernel/drivers/media/usb/dvb-usb/dvb-usb-pctv452e.ko
2026-09-27T02:57:12.9478255Z   INSTALL /home/runner/work/_temp/work/ce/build.CoreELEC-Amlogic-no.aarch64-22/install_pkg/linux-69e87fa40cc3a04bf91d92e388d2787a2efcb50c/usr/lib/kernel-overlays/base/lib/modules/5.15.196/kernel/drivers/media/usb/dvb-usb/dvb-usb-tbs5230.ko
2026-09-27T02:57:12.9492396Z   INSTALL /home/runner/work/_temp/work/ce/build.CoreELEC-Amlogic-no.aarch64-22/install_pkg/linux-69e87fa40cc3a04bf91d92e388d2787a2efcb50c/usr/lib/kernel-overlays/base/lib/modules/5.15.196/kernel/drivers/media/usb/dvb-usb/dvb-usb-tbs5520se.ko
2026-09-27T02:57:12.9517295Z   INSTALL /home/runner/work/_temp/work/ce/build.CoreELEC-Amlogic-no.aarch64-22/install_pkg/linux-69e87fa40cc3a04bf91d92e388d2787a2efcb50c/usr/lib/kernel-overlays/base/lib/modules/5.15.196/kernel/drivers/media/usb/dvb-usb/dvb-usb-tbs5530.ko
2026-09-27T02:57:12.9530978Z   INSTALL /home/runner/work/_temp/work/ce/build.CoreELEC-Amlogic-no.aarch64-22/install_pkg/linux-69e87fa40cc3a04bf91d92e388d2787a2efcb50c/usr/lib/kernel-overlays/base/lib/modules/5.15.196/kernel/drivers/media/usb/dvb-usb/dvb-usb-tbs5580.ko
2026-09-27T02:57:12.9539844Z   INSTALL /home/runner/work/_temp/work/ce/build.CoreELEC-Amlogic-no.aarch64-22/install_pkg/linux-69e87fa40cc3a04bf91d92e388d2787a2efcb50c/usr/lib/kernel-overlays/base/lib/modules/5.15.196/kernel/drivers/media/usb/dvb-usb/dvb-usb-tbs5930.ko
2026-09-27T02:57:12.9542752Z   INSTALL /home/runner/work/_temp/work/ce/build.CoreELEC-Amlogic-no.aarch64-22/install_pkg/linux-69e87fa40cc3a04bf91d92e388d2787a2efcb50c/usr/lib/kernel-overlays/base/lib/modules/5.15.196/kernel/drivers/media/usb/dvb-usb/dvb-usb-tbs5931.ko
2026-09-27T02:57:12.9567239Z   INSTALL /home/runner/work/_temp/work/ce/build.CoreELEC-Amlogic-no.aarch64-22/install_pkg/linux-69e87fa40cc3a04bf91d92e388d2787a2efcb50c/usr/lib/kernel-overlays/base/lib/modules/5.15.196/kernel/drivers/media/usb/dvb-usb/dvb-usb-tbsqbox2ci.ko
2026-09-27T02:57:12.9585497Z   INSTALL /home/runner/work/_temp/work/ce/build.CoreELEC-Amlogic-no.aarch64-22/install_pkg/linux-69e87fa40cc3a04bf91d92e388d2787a2efcb50c/usr/lib/kernel-overlays/base/lib/modules/5.15.196/kernel/drivers/media/usb/dvb-usb/dvb-usb-technisat-usb2.ko
2026-09-27T02:57:12.9589890Z   INSTALL /home/runner/work/_temp/work/ce/build.CoreELEC-Amlogic-no.aarch64-22/install_pkg/linux-69e87fa40cc3a04bf91d92e388d2787a2efcb50c/usr/lib/kernel-overlays/base/lib/modules/5.15.196/kernel/drivers/media/usb/dvb-usb/dvb-usb-ttusb2.ko
2026-09-27T02:57:12.9604091Z   INSTALL /home/runner/work/_temp/work/ce/build.CoreELEC-Amlogic-no.aarch64-22/install_pkg/linux-69e87fa40cc3a04bf91d92e388d2787a2efcb50c/usr/lib/kernel-overlays/base/lib/modules/5.15.196/kernel/drivers/media/usb/dvb-usb/dvb-usb-umt-010.ko
2026-09-27T02:57:12.9611419Z   INSTALL /home/runner/work/_temp/work/ce/build.CoreELEC-Amlogic-no.aarch64-22/install_pkg/linux-69e87fa40cc3a04bf91d92e388d2787a2efcb50c/usr/lib/kernel-overlays/base/lib/modules/5.15.196/kernel/drivers/media/usb/dvb-usb/dvb-usb-vp702x.ko
2026-09-27T02:57:12.9639302Z   INSTALL /home/runner/work/_temp/work/ce/build.CoreELEC-Amlogic-no.aarch64-22/install_pkg/linux-69e87fa40cc3a04bf91d92e388d2787a2efcb50c/usr/lib/kernel-overlays/base/lib/modules/5.15.196/kernel/drivers/media/usb/dvb-usb/dvb-usb-vp7045.ko
2026-09-27T02:57:12.9659473Z   INSTALL /home/runner/work/_temp/work/ce/build.CoreELEC-Amlogic-no.aarch64-22/install_pkg/linux-69e87fa40cc3a04bf91d92e388d2787a2efcb50c/usr/lib/kernel-overlays/base/lib/modules/5.15.196/kernel/drivers/media/usb/dvb-usb/dvb-usb.ko
2026-09-27T02:57:12.9677881Z   INSTALL /home/runner/work/_temp/work/ce/build.CoreELEC-Amlogic-no.aarch64-22/install_pkg/linux-69e87fa40cc3a04bf91d92e388d2787a2efcb50c/usr/lib/kernel-overlays/base/lib/modules/5.15.196/kernel/drivers/media/usb/em28xx/em28xx-alsa.ko
2026-09-27T02:57:12.9684197Z   INSTALL /home/runner/work/_temp/work/ce/build.CoreELEC-Amlogic-no.aarch64-22/install_pkg/linux-69e87fa40cc3a04bf91d92e388d2787a2efcb50c/usr/lib/kernel-overlays/base/lib/modules/5.15.196/kernel/drivers/media/usb/em28xx/em28xx-dvb.ko
2026-09-27T02:57:12.9704830Z   INSTALL /home/runner/work/_temp/work/ce/build.CoreELEC-Amlogic-no.aarch64-22/install_pkg/linux-69e87fa40cc3a04bf91d92e388d2787a2efcb50c/usr/lib/kernel-overlays/base/lib/modules/5.15.196/kernel/drivers/media/usb/em28xx/em28xx-v4l.ko
2026-09-27T02:57:12.9721378Z   INSTALL /home/runner/work/_temp/work/ce/build.CoreELEC-Amlogic-no.aarch64-22/install_pkg/linux-69e87fa40cc3a04bf91d92e388d2787a2efcb50c/usr/lib/kernel-overlays/base/lib/modules/5.15.196/kernel/drivers/media/usb/em28xx/em28xx.ko
2026-09-27T02:57:12.9726806Z   INSTALL /home/runner/work/_temp/work/ce/build.CoreELEC-Amlogic-no.aarch64-22/install_pkg/linux-69e87fa40cc3a04bf91d92e388d2787a2efcb50c/usr/lib/kernel-overlays/base/lib/modules/5.15.196/kernel/drivers/media/usb/hdpvr/hdpvr.ko
2026-09-27T02:57:12.9742625Z   INSTALL /home/runner/work/_temp/work/ce/build.CoreELEC-Amlogic-no.aarch64-22/install_pkg/linux-69e87fa40cc3a04bf91d92e388d2787a2efcb50c/usr/lib/kernel-overlays/base/lib/modules/5.15.196/kernel/drivers/media/usb/pvrusb2/pvrusb2.ko
2026-09-27T02:57:12.9747106Z   INSTALL /home/runner/work/_temp/work/ce/build.CoreELEC-Amlogic-no.aarch64-22/install_pkg/linux-69e87fa40cc3a04bf91d92e388d2787a2efcb50c/usr/lib/kernel-overlays/base/lib/modules/5.15.196/kernel/drivers/media/usb/siano/smsusb.ko
2026-09-27T02:57:12.9788362Z   INSTALL /home/runner/work/_temp/work/ce/build.CoreELEC-Amlogic-no.aarch64-22/install_pkg/linux-69e87fa40cc3a04bf91d92e388d2787a2efcb50c/usr/lib/kernel-overlays/base/lib/modules/5.15.196/kernel/drivers/media/usb/stk1160/stk1160.ko
2026-09-27T02:57:12.9797930Z   INSTALL /home/runner/work/_temp/work/ce/build.CoreELEC-Amlogic-no.aarch64-22/install_pkg/linux-69e87fa40cc3a04bf91d92e388d2787a2efcb50c/usr/lib/kernel-overlays/base/lib/modules/5.15.196/kernel/drivers/media/usb/tm6000/tm6000-alsa.ko
2026-09-27T02:57:12.9810470Z   INSTALL /home/runner/work/_temp/work/ce/build.CoreELEC-Amlogic-no.aarch64-22/install_pkg/linux-69e87fa40cc3a04bf91d92e388d2787a2efcb50c/usr/lib/kernel-overlays/base/lib/modules/5.15.196/kernel/drivers/media/usb/tm6000/tm6000-dvb.ko
2026-09-27T02:57:12.9821486Z   INSTALL /home/runner/work/_temp/work/ce/build.CoreELEC-Amlogic-no.aarch64-22/install_pkg/linux-69e87fa40cc3a04bf91d92e388d2787a2efcb50c/usr/lib/kernel-overlays/base/lib/modules/5.15.196/kernel/drivers/media/usb/tm6000/tm6000.ko
2026-09-27T02:57:12.9844498Z   INSTALL /home/runner/work/_temp/work/ce/build.CoreELEC-Amlogic-no.aarch64-22/install_pkg/linux-69e87fa40cc3a04bf91d92e388d2787a2efcb50c/usr/lib/kernel-overlays/base/lib/modules/5.15.196/kernel/drivers/media/usb/ttusb-budget/dvb-ttusb-budget.ko
2026-09-27T02:57:12.9865432Z   INSTALL /home/runner/work/_temp/work/ce/build.CoreELEC-Amlogic-no.aarch64-22/install_pkg/linux-69e87fa40cc3a04bf91d92e388d2787a2efcb50c/usr/lib/kernel-overlays/base/lib/modules/5.15.196/kernel/drivers/media/usb/ttusb-dec/ttusb_dec.ko
2026-09-27T02:57:12.9876902Z   INSTALL /home/runner/work/_temp/work/ce/build.CoreELEC-Amlogic-no.aarch64-22/install_pkg/linux-69e87fa40cc3a04bf91d92e388d2787a2efcb50c/usr/lib/kernel-overlays/base/lib/modules/5.15.196/kernel/drivers/media/usb/ttusb-dec/ttusbdecfe.ko
2026-09-27T02:57:12.9888306Z   INSTALL /home/runner/work/_temp/work/ce/build.CoreELEC-Amlogic-no.aarch64-22/install_pkg/linux-69e87fa40cc3a04bf91d92e388d2787a2efcb50c/usr/lib/kernel-overlays/base/lib/modules/5.15.196/kernel/drivers/media/v4l2-core/tuner.ko
2026-09-27T02:57:12.9896149Z   INSTALL /home/runner/work/_temp/work/ce/build.CoreELEC-Amlogic-no.aarch64-22/install_pkg/linux-69e87fa40cc3a04bf91d92e388d2787a2efcb50c/usr/lib/kernel-overlays/base/lib/modules/5.15.196/kernel/drivers/misc/eeprom/eeprom_93cx6.ko
2026-09-27T02:57:12.9920949Z   INSTALL /home/runner/work/_temp/work/ce/build.CoreELEC-Amlogic-no.aarch64-22/install_pkg/linux-69e87fa40cc3a04bf91d92e388d2787a2efcb50c/usr/lib/kernel-overlays/base/lib/modules/5.15.196/kernel/drivers/mux/mux-adg792a.ko
2026-09-27T02:57:12.9933294Z   INSTALL /home/runner/work/_temp/work/ce/build.CoreELEC-Amlogic-no.aarch64-22/install_pkg/linux-69e87fa40cc3a04bf91d92e388d2787a2efcb50c/usr/lib/kernel-overlays/base/lib/modules/5.15.196/kernel/drivers/mux/mux-adgs1408.ko
2026-09-27T02:57:12.9947668Z   INSTALL /home/runner/work/_temp/work/ce/build.CoreELEC-Amlogic-no.aarch64-22/install_pkg/linux-69e87fa40cc3a04bf91d92e388d2787a2efcb50c/usr/lib/kernel-overlays/base/lib/modules/5.15.196/kernel/drivers/mux/mux-core.ko
2026-09-27T02:57:12.9958087Z   INSTALL /home/runner/work/_temp/work/ce/build.CoreELEC-Amlogic-no.aarch64-22/install_pkg/linux-69e87fa40cc3a04bf91d92e388d2787a2efcb50c/usr/lib/kernel-overlays/base/lib/modules/5.15.196/kernel/drivers/mux/mux-gpio.ko
2026-09-27T02:57:12.9961873Z   INSTALL /home/runner/work/_temp/work/ce/build.CoreELEC-Amlogic-no.aarch64-22/install_pkg/linux-69e87fa40cc3a04bf91d92e388d2787a2efcb50c/usr/lib/kernel-overlays/base/lib/modules/5.15.196/kernel/drivers/mux/mux-mmio.ko
2026-09-27T02:57:12.9983131Z   INSTALL /home/runner/work/_temp/work/ce/build.CoreELEC-Amlogic-no.aarch64-22/install_pkg/linux-69e87fa40cc3a04bf91d92e388d2787a2efcb50c/usr/lib/kernel-overlays/base/lib/modules/5.15.196/kernel/drivers/net/dummy.ko
2026-09-27T02:57:12.9991829Z   INSTALL /home/runner/work/_temp/work/ce/build.CoreELEC-Amlogic-no.aarch64-22/install_pkg/linux-69e87fa40cc3a04bf91d92e388d2787a2efcb50c/usr/lib/kernel-overlays/base/lib/modules/5.15.196/kernel/drivers/net/ifb.ko
2026-09-27T02:57:13.0013559Z   INSTALL /home/runner/work/_temp/work/ce/build.CoreELEC-Amlogic-no.aarch64-22/install_pkg/linux-69e87fa40cc3a04bf91d92e388d2787a2efcb50c/usr/lib/kernel-overlays/base/lib/modules/5.15.196/kernel/drivers/net/ipvlan/ipvlan.ko
2026-09-27T02:57:13.0032501Z   INSTALL /home/runner/work/_temp/work/ce/build.CoreELEC-Amlogic-no.aarch64-22/install_pkg/linux-69e87fa40cc3a04bf91d92e388d2787a2efcb50c/usr/lib/kernel-overlays/base/lib/modules/5.15.196/kernel/drivers/net/ipvlan/ipvtap.ko
2026-09-27T02:57:13.0064323Z   INSTALL /home/runner/work/_temp/work/ce/build.CoreELEC-Amlogic-no.aarch64-22/install_pkg/linux-69e87fa40cc3a04bf91d92e388d2787a2efcb50c/usr/lib/kernel-overlays/base/lib/modules/5.15.196/kernel/drivers/net/macvlan.ko
2026-09-27T02:57:13.0067482Z   INSTALL /home/runner/work/_temp/work/ce/build.CoreELEC-Amlogic-no.aarch64-22/install_pkg/linux-69e87fa40cc3a04bf91d92e388d2787a2efcb50c/usr/lib/kernel-overlays/base/lib/modules/5.15.196/kernel/drivers/net/macvtap.ko
2026-09-27T02:57:13.0069515Z   INSTALL /home/runner/work/_temp/work/ce/build.CoreELEC-Amlogic-no.aarch64-22/install_pkg/linux-69e87fa40cc3a04bf91d92e388d2787a2efcb50c/usr/lib/kernel-overlays/base/lib/modules/5.15.196/kernel/drivers/net/phy/ax88796b.ko
2026-09-27T02:57:13.0073809Z   INSTALL /home/runner/work/_temp/work/ce/build.CoreELEC-Amlogic-no.aarch64-22/install_pkg/linux-69e87fa40cc3a04bf91d92e388d2787a2efcb50c/usr/lib/kernel-overlays/base/lib/modules/5.15.196/kernel/drivers/net/phy/microchip.ko
2026-09-27T02:57:13.0097518Z   INSTALL /home/runner/work/_temp/work/ce/build.CoreELEC-Amlogic-no.aarch64-22/install_pkg/linux-69e87fa40cc3a04bf91d92e388d2787a2efcb50c/usr/lib/kernel-overlays/base/lib/modules/5.15.196/kernel/drivers/net/phy/smsc.ko
2026-09-27T02:57:13.0106000Z   INSTALL /home/runner/work/_temp/work/ce/build.CoreELEC-Amlogic-no.aarch64-22/install_pkg/linux-69e87fa40cc3a04bf91d92e388d2787a2efcb50c/usr/lib/kernel-overlays/base/lib/modules/5.15.196/kernel/drivers/net/ppp/bsd_comp.ko
2026-09-27T02:57:13.0114544Z   INSTALL /home/runner/work/_temp/work/ce/build.CoreELEC-Amlogic-no.aarch64-22/install_pkg/linux-69e87fa40cc3a04bf91d92e388d2787a2efcb50c/usr/lib/kernel-overlays/base/lib/modules/5.15.196/kernel/drivers/net/ppp/ppp_deflate.ko
2026-09-27T02:57:13.0129398Z   INSTALL /home/runner/work/_temp/work/ce/build.CoreELEC-Amlogic-no.aarch64-22/install_pkg/linux-69e87fa40cc3a04bf91d92e388d2787a2efcb50c/usr/lib/kernel-overlays/base/lib/modules/5.15.196/kernel/drivers/net/ppp/ppp_mppe.ko
2026-09-27T02:57:13.0158007Z   INSTALL /home/runner/work/_temp/work/ce/build.CoreELEC-Amlogic-no.aarch64-22/install_pkg/linux-69e87fa40cc3a04bf91d92e388d2787a2efcb50c/usr/lib/kernel-overlays/base/lib/modules/5.15.196/kernel/drivers/net/ppp/pppox.ko
2026-09-27T02:57:13.0177763Z   INSTALL /home/runner/work/_temp/work/ce/build.CoreELEC-Amlogic-no.aarch64-22/install_pkg/linux-69e87fa40cc3a04bf91d92e388d2787a2efcb50c/usr/lib/kernel-overlays/base/lib/modules/5.15.196/kernel/drivers/net/tap.ko
2026-09-27T02:57:13.0187022Z   INSTALL /home/runner/work/_temp/work/ce/build.CoreELEC-Amlogic-no.aarch64-22/install_pkg/linux-69e87fa40cc3a04bf91d92e388d2787a2efcb50c/usr/lib/kernel-overlays/base/lib/modules/5.15.196/kernel/drivers/net/ppp/pptp.ko
2026-09-27T02:57:13.0194419Z   INSTALL /home/runner/work/_temp/work/ce/build.CoreELEC-Amlogic-no.aarch64-22/install_pkg/linux-69e87fa40cc3a04bf91d92e388d2787a2efcb50c/usr/lib/kernel-overlays/base/lib/modules/5.15.196/kernel/drivers/net/usb/aqc111.ko
2026-09-27T02:57:13.0211309Z   INSTALL /home/runner/work/_temp/work/ce/build.CoreELEC-Amlogic-no.aarch64-22/install_pkg/linux-69e87fa40cc3a04bf91d92e388d2787a2efcb50c/usr/lib/kernel-overlays/base/lib/modules/5.15.196/kernel/drivers/net/usb/asix.ko
2026-09-27T02:57:13.0225594Z   INSTALL /home/runner/work/_temp/work/ce/build.CoreELEC-Amlogic-no.aarch64-22/install_pkg/linux-69e87fa40cc3a04bf91d92e388d2787a2efcb50c/usr/lib/kernel-overlays/base/lib/modules/5.15.196/kernel/drivers/net/usb/ax88179_178a.ko
2026-09-27T02:57:13.0234908Z   INSTALL /home/runner/work/_temp/work/ce/build.CoreELEC-Amlogic-no.aarch64-22/install_pkg/linux-69e87fa40cc3a04bf91d92e388d2787a2efcb50c/usr/lib/kernel-overlays/base/lib/modules/5.15.196/kernel/drivers/net/usb/catc.ko
2026-09-27T02:57:13.0247774Z   INSTALL /home/runner/work/_temp/work/ce/build.CoreELEC-Amlogic-no.aarch64-22/install_pkg/linux-69e87fa40cc3a04bf91d92e388d2787a2efcb50c/usr/lib/kernel-overlays/base/lib/modules/5.15.196/kernel/drivers/net/usb/cdc_eem.ko
2026-09-27T02:57:13.0268817Z   INSTALL /home/runner/work/_temp/work/ce/build.CoreELEC-Amlogic-no.aarch64-22/install_pkg/linux-69e87fa40cc3a04bf91d92e388d2787a2efcb50c/usr/lib/kernel-overlays/base/lib/modules/5.15.196/kernel/drivers/net/usb/cdc_ether.ko
2026-09-27T02:57:13.0274594Z   INSTALL /home/runner/work/_temp/work/ce/build.CoreELEC-Amlogic-no.aarch64-22/install_pkg/linux-69e87fa40cc3a04bf91d92e388d2787a2efcb50c/usr/lib/kernel-overlays/base/lib/modules/5.15.196/kernel/drivers/net/usb/cdc_mbim.ko
2026-09-27T02:57:13.0291069Z   INSTALL /home/runner/work/_temp/work/ce/build.CoreELEC-Amlogic-no.aarch64-22/install_pkg/linux-69e87fa40cc3a04bf91d92e388d2787a2efcb50c/usr/lib/kernel-overlays/base/lib/modules/5.15.196/kernel/drivers/net/usb/cdc_ncm.ko
2026-09-27T02:57:13.0297468Z   INSTALL /home/runner/work/_temp/work/ce/build.CoreELEC-Amlogic-no.aarch64-22/install_pkg/linux-69e87fa40cc3a04bf91d92e388d2787a2efcb50c/usr/lib/kernel-overlays/base/lib/modules/5.15.196/kernel/drivers/net/usb/cdc_subset.ko
2026-09-27T02:57:13.0316257Z   INSTALL /home/runner/work/_temp/work/ce/build.CoreELEC-Amlogic-no.aarch64-22/install_pkg/linux-69e87fa40cc3a04bf91d92e388d2787a2efcb50c/usr/lib/kernel-overlays/base/lib/modules/5.15.196/kernel/drivers/net/usb/ch9200.ko
2026-09-27T02:57:13.0331570Z   INSTALL /home/runner/work/_temp/work/ce/build.CoreELEC-Amlogic-no.aarch64-22/install_pkg/linux-69e87fa40cc3a04bf91d92e388d2787a2efcb50c/usr/lib/kernel-overlays/base/lib/modules/5.15.196/kernel/drivers/net/usb/cx82310_eth.ko
2026-09-27T02:57:13.0345435Z   INSTALL /home/runner/work/_temp/work/ce/build.CoreELEC-Amlogic-no.aarch64-22/install_pkg/linux-69e87fa40cc3a04bf91d92e388d2787a2efcb50c/usr/lib/kernel-overlays/base/lib/modules/5.15.196/kernel/drivers/net/usb/dm9601.ko
2026-09-27T02:57:13.0357447Z   INSTALL /home/runner/work/_temp/work/ce/build.CoreELEC-Amlogic-no.aarch64-22/install_pkg/linux-69e87fa40cc3a04bf91d92e388d2787a2efcb50c/usr/lib/kernel-overlays/base/lib/modules/5.15.196/kernel/drivers/net/usb/gl620a.ko
2026-09-27T02:57:13.0382856Z   INSTALL /home/runner/work/_temp/work/ce/build.CoreELEC-Amlogic-no.aarch64-22/install_pkg/linux-69e87fa40cc3a04bf91d92e388d2787a2efcb50c/usr/lib/kernel-overlays/base/lib/modules/5.15.196/kernel/drivers/net/usb/hso.ko
2026-09-27T02:57:13.0397873Z   INSTALL /home/runner/work/_temp/work/ce/build.CoreELEC-Amlogic-no.aarch64-22/install_pkg/linux-69e87fa40cc3a04bf91d92e388d2787a2efcb50c/usr/lib/kernel-overlays/base/lib/modules/5.15.196/kernel/drivers/net/usb/huawei_cdc_ncm.ko
2026-09-27T02:57:13.0401129Z   INSTALL /home/runner/work/_temp/work/ce/build.CoreELEC-Amlogic-no.aarch64-22/install_pkg/linux-69e87fa40cc3a04bf91d92e388d2787a2efcb50c/usr/lib/kernel-overlays/base/lib/modules/5.15.196/kernel/drivers/net/usb/int51x1.ko
2026-09-27T02:57:13.0423650Z   INSTALL /home/runner/work/_temp/work/ce/build.CoreELEC-Amlogic-no.aarch64-22/install_pkg/linux-69e87fa40cc3a04bf91d92e388d2787a2efcb50c/usr/lib/kernel-overlays/base/lib/modules/5.15.196/kernel/drivers/net/usb/ipheth.ko
2026-09-27T02:57:13.0430959Z   INSTALL /home/runner/work/_temp/work/ce/build.CoreELEC-Amlogic-no.aarch64-22/install_pkg/linux-69e87fa40cc3a04bf91d92e388d2787a2efcb50c/usr/lib/kernel-overlays/base/lib/modules/5.15.196/kernel/drivers/net/usb/kalmia.ko
2026-09-27T02:57:13.0466641Z   INSTALL /home/runner/work/_temp/work/ce/build.CoreELEC-Amlogic-no.aarch64-22/install_pkg/linux-69e87fa40cc3a04bf91d92e388d2787a2efcb50c/usr/lib/kernel-overlays/base/lib/modules/5.15.196/kernel/drivers/net/usb/kaweth.ko
2026-09-27T02:57:13.0470689Z   INSTALL /home/runner/work/_temp/work/ce/build.CoreELEC-Amlogic-no.aarch64-22/install_pkg/linux-69e87fa40cc3a04bf91d92e388d2787a2efcb50c/usr/lib/kernel-overlays/base/lib/modules/5.15.196/kernel/drivers/net/usb/lan78xx.ko
2026-09-27T02:57:13.0478641Z   INSTALL /home/runner/work/_temp/work/ce/build.CoreELEC-Amlogic-no.aarch64-22/install_pkg/linux-69e87fa40cc3a04bf91d92e388d2787a2efcb50c/usr/lib/kernel-overlays/base/lib/modules/5.15.196/kernel/drivers/net/usb/lg-vl600.ko
2026-09-27T02:57:13.0495135Z   INSTALL /home/runner/work/_temp/work/ce/build.CoreELEC-Amlogic-no.aarch64-22/install_pkg/linux-69e87fa40cc3a04bf91d92e388d2787a2efcb50c/usr/lib/kernel-overlays/base/lib/modules/5.15.196/kernel/drivers/net/usb/mcs7830.ko
2026-09-27T02:57:13.0506842Z   INSTALL /home/runner/work/_temp/work/ce/build.CoreELEC-Amlogic-no.aarch64-22/install_pkg/linux-69e87fa40cc3a04bf91d92e388d2787a2efcb50c/usr/lib/kernel-overlays/base/lib/modules/5.15.196/kernel/drivers/net/usb/net1080.ko
2026-09-27T02:57:13.0527732Z   INSTALL /home/runner/work/_temp/work/ce/build.CoreELEC-Amlogic-no.aarch64-22/install_pkg/linux-69e87fa40cc3a04bf91d92e388d2787a2efcb50c/usr/lib/kernel-overlays/base/lib/modules/5.15.196/kernel/drivers/net/usb/pegasus.ko
2026-09-27T02:57:13.0534107Z   INSTALL /home/runner/work/_temp/work/ce/build.CoreELEC-Amlogic-no.aarch64-22/install_pkg/linux-69e87fa40cc3a04bf91d92e388d2787a2efcb50c/usr/lib/kernel-overlays/base/lib/modules/5.15.196/kernel/drivers/net/usb/plusb.ko
2026-09-27T02:57:13.0557684Z   INSTALL /home/runner/work/_temp/work/ce/build.CoreELEC-Amlogic-no.aarch64-22/install_pkg/linux-69e87fa40cc3a04bf91d92e388d2787a2efcb50c/usr/lib/kernel-overlays/base/lib/modules/5.15.196/kernel/drivers/net/usb/qmi_wwan.ko
2026-09-27T02:57:13.0576797Z   INSTALL /home/runner/work/_temp/work/ce/build.CoreELEC-Amlogic-no.aarch64-22/install_pkg/linux-69e87fa40cc3a04bf91d92e388d2787a2efcb50c/usr/lib/kernel-overlays/base/lib/modules/5.15.196/kernel/drivers/net/usb/r8152.ko
2026-09-27T02:57:13.0583882Z   INSTALL /home/runner/work/_temp/work/ce/build.CoreELEC-Amlogic-no.aarch64-22/install_pkg/linux-69e87fa40cc3a04bf91d92e388d2787a2efcb50c/usr/lib/kernel-overlays/base/lib/modules/5.15.196/kernel/drivers/net/usb/r8153_ecm.ko
2026-09-27T02:57:13.0615864Z   INSTALL /home/runner/work/_temp/work/ce/build.CoreELEC-Amlogic-no.aarch64-22/install_pkg/linux-69e87fa40cc3a04bf91d92e388d2787a2efcb50c/usr/lib/kernel-overlays/base/lib/modules/5.15.196/kernel/drivers/net/usb/rtl8150.ko
2026-09-27T02:57:13.0618168Z   INSTALL /home/runner/work/_temp/work/ce/build.CoreELEC-Amlogic-no.aarch64-22/install_pkg/linux-69e87fa40cc3a04bf91d92e388d2787a2efcb50c/usr/lib/kernel-overlays/base/lib/modules/5.15.196/kernel/drivers/net/usb/rndis_host.ko
2026-09-27T02:57:13.0632406Z   INSTALL /home/runner/work/_temp/work/ce/build.CoreELEC-Amlogic-no.aarch64-22/install_pkg/linux-69e87fa40cc3a04bf91d92e388d2787a2efcb50c/usr/lib/kernel-overlays/base/lib/modules/5.15.196/kernel/drivers/net/usb/sierra_net.ko
2026-09-27T02:57:13.0638525Z   INSTALL /home/runner/work/_temp/work/ce/build.CoreELEC-Amlogic-no.aarch64-22/install_pkg/linux-69e87fa40cc3a04bf91d92e388d2787a2efcb50c/usr/lib/kernel-overlays/base/lib/modules/5.15.196/kernel/drivers/net/usb/smsc75xx.ko
2026-09-27T02:57:13.0663509Z   INSTALL /home/runner/work/_temp/work/ce/build.CoreELEC-Amlogic-no.aarch64-22/install_pkg/linux-69e87fa40cc3a04bf91d92e388d2787a2efcb50c/usr/lib/kernel-overlays/base/lib/modules/5.15.196/kernel/drivers/net/usb/smsc95xx.ko
2026-09-27T02:57:13.0677291Z   INSTALL /home/runner/work/_temp/work/ce/build.CoreELEC-Amlogic-no.aarch64-22/install_pkg/linux-69e87fa40cc3a04bf91d92e388d2787a2efcb50c/usr/lib/kernel-overlays/base/lib/modules/5.15.196/kernel/drivers/net/usb/sr9700.ko
2026-09-27T02:57:13.0683236Z   INSTALL /home/runner/work/_temp/work/ce/build.CoreELEC-Amlogic-no.aarch64-22/install_pkg/linux-69e87fa40cc3a04bf91d92e388d2787a2efcb50c/usr/lib/kernel-overlays/base/lib/modules/5.15.196/kernel/drivers/net/usb/sr9800.ko
2026-09-27T02:57:13.0706191Z   INSTALL /home/runner/work/_temp/work/ce/build.CoreELEC-Amlogic-no.aarch64-22/install_pkg/linux-69e87fa40cc3a04bf91d92e388d2787a2efcb50c/usr/lib/kernel-overlays/base/lib/modules/5.15.196/kernel/drivers/net/usb/usbnet.ko
2026-09-27T02:57:13.0712605Z   INSTALL /home/runner/work/_temp/work/ce/build.CoreELEC-Amlogic-no.aarch64-22/install_pkg/linux-69e87fa40cc3a04bf91d92e388d2787a2efcb50c/usr/lib/kernel-overlays/base/lib/modules/5.15.196/kernel/drivers/net/usb/zaurus.ko
2026-09-27T02:57:13.0726827Z   INSTALL /home/runner/work/_temp/work/ce/build.CoreELEC-Amlogic-no.aarch64-22/install_pkg/linux-69e87fa40cc3a04bf91d92e388d2787a2efcb50c/usr/lib/kernel-overlays/base/lib/modules/5.15.196/kernel/drivers/net/veth.ko
2026-09-27T02:57:13.0732799Z   INSTALL /home/runner/work/_temp/work/ce/build.CoreELEC-Amlogic-no.aarch64-22/install_pkg/linux-69e87fa40cc3a04bf91d92e388d2787a2efcb50c/usr/lib/kernel-overlays/base/lib/modules/5.15.196/kernel/drivers/net/vrf.ko
2026-09-27T02:57:13.0764613Z   INSTALL /home/runner/work/_temp/work/ce/build.CoreELEC-Amlogic-no.aarch64-22/install_pkg/linux-69e87fa40cc3a04bf91d92e388d2787a2efcb50c/usr/lib/kernel-overlays/base/lib/modules/5.15.196/kernel/drivers/net/vxlan/vxlan.ko
2026-09-27T02:57:13.0775402Z   INSTALL /home/runner/work/_temp/work/ce/build.CoreELEC-Amlogic-no.aarch64-22/install_pkg/linux-69e87fa40cc3a04bf91d92e388d2787a2efcb50c/usr/lib/kernel-overlays/base/lib/modules/5.15.196/kernel/drivers/net/wireguard/wireguard.ko
2026-09-27T02:57:13.0781245Z   INSTALL /home/runner/work/_temp/work/ce/build.CoreELEC-Amlogic-no.aarch64-22/install_pkg/linux-69e87fa40cc3a04bf91d92e388d2787a2efcb50c/usr/lib/kernel-overlays/base/lib/modules/5.15.196/kernel/drivers/net/wireless/ath/ar5523/ar5523.ko
2026-09-27T02:57:13.0807386Z   INSTALL /home/runner/work/_temp/work/ce/build.CoreELEC-Amlogic-no.aarch64-22/install_pkg/linux-69e87fa40cc3a04bf91d92e388d2787a2efcb50c/usr/lib/kernel-overlays/base/lib/modules/5.15.196/kernel/drivers/net/wireless/ath/ath.ko
2026-09-27T02:57:13.0827313Z   INSTALL /home/runner/work/_temp/work/ce/build.CoreELEC-Amlogic-no.aarch64-22/install_pkg/linux-69e87fa40cc3a04bf91d92e388d2787a2efcb50c/usr/lib/kernel-overlays/base/lib/modules/5.15.196/kernel/drivers/net/wireless/ath/ath10k/ath10k_core.ko
2026-09-27T02:57:13.0833903Z   INSTALL /home/runner/work/_temp/work/ce/build.CoreELEC-Amlogic-no.aarch64-22/install_pkg/linux-69e87fa40cc3a04bf91d92e388d2787a2efcb50c/usr/lib/kernel-overlays/base/lib/modules/5.15.196/kernel/drivers/net/wireless/ath/ath10k/ath10k_sdio.ko
2026-09-27T02:57:13.0853252Z   INSTALL /home/runner/work/_temp/work/ce/build.CoreELEC-Amlogic-no.aarch64-22/install_pkg/linux-69e87fa40cc3a04bf91d92e388d2787a2efcb50c/usr/lib/kernel-overlays/base/lib/modules/5.15.196/kernel/drivers/net/wireless/ath/ath10k/ath10k_usb.ko
2026-09-27T02:57:13.0878876Z   INSTALL /home/runner/work/_temp/work/ce/build.CoreELEC-Amlogic-no.aarch64-22/install_pkg/linux-69e87fa40cc3a04bf91d92e388d2787a2efcb50c/usr/lib/kernel-overlays/base/lib/modules/5.15.196/kernel/drivers/net/wireless/ath/ath6kl/ath6kl_core.ko
2026-09-27T02:57:13.0894130Z   INSTALL /home/runner/work/_temp/work/ce/build.CoreELEC-Amlogic-no.aarch64-22/install_pkg/linux-69e87fa40cc3a04bf91d92e388d2787a2efcb50c/usr/lib/kernel-overlays/base/lib/modules/5.15.196/kernel/drivers/net/wireless/ath/ath6kl/ath6kl_sdio.ko
2026-09-27T02:57:13.0914924Z   INSTALL /home/runner/work/_temp/work/ce/build.CoreELEC-Amlogic-no.aarch64-22/install_pkg/linux-69e87fa40cc3a04bf91d92e388d2787a2efcb50c/usr/lib/kernel-overlays/base/lib/modules/5.15.196/kernel/drivers/net/wireless/ath/ath6kl/ath6kl_usb.ko
2026-09-27T02:57:13.0917588Z   INSTALL /home/runner/work/_temp/work/ce/build.CoreELEC-Amlogic-no.aarch64-22/install_pkg/linux-69e87fa40cc3a04bf91d92e388d2787a2efcb50c/usr/lib/kernel-overlays/base/lib/modules/5.15.196/kernel/drivers/net/wireless/ath/ath9k/ath9k.ko
2026-09-27T02:57:13.0949595Z   INSTALL /home/runner/work/_temp/work/ce/build.CoreELEC-Amlogic-no.aarch64-22/install_pkg/linux-69e87fa40cc3a04bf91d92e388d2787a2efcb50c/usr/lib/kernel-overlays/base/lib/modules/5.15.196/kernel/drivers/net/wireless/ath/ath9k/ath9k_common.ko
2026-09-27T02:57:13.0965809Z   INSTALL /home/runner/work/_temp/work/ce/build.CoreELEC-Amlogic-no.aarch64-22/install_pkg/linux-69e87fa40cc3a04bf91d92e388d2787a2efcb50c/usr/lib/kernel-overlays/base/lib/modules/5.15.196/kernel/drivers/net/wireless/ath/ath9k/ath9k_htc.ko
2026-09-27T02:57:13.0972814Z   INSTALL /home/runner/work/_temp/work/ce/build.CoreELEC-Amlogic-no.aarch64-22/install_pkg/linux-69e87fa40cc3a04bf91d92e388d2787a2efcb50c/usr/lib/kernel-overlays/base/lib/modules/5.15.196/kernel/drivers/net/wireless/ath/ath9k/ath9k_hw.ko
2026-09-27T02:57:13.0989981Z   INSTALL /home/runner/work/_temp/work/ce/build.CoreELEC-Amlogic-no.aarch64-22/install_pkg/linux-69e87fa40cc3a04bf91d92e388d2787a2efcb50c/usr/lib/kernel-overlays/base/lib/modules/5.15.196/kernel/drivers/net/wireless/ath/carl9170/carl9170.ko
2026-09-27T02:57:13.1003584Z   INSTALL /home/runner/work/_temp/work/ce/build.CoreELEC-Amlogic-no.aarch64-22/install_pkg/linux-69e87fa40cc3a04bf91d92e388d2787a2efcb50c/usr/lib/kernel-overlays/base/lib/modules/5.15.196/kernel/drivers/net/wireless/ath/wcn36xx/wcn36xx.ko
2026-09-27T02:57:13.1035742Z   INSTALL /home/runner/work/_temp/work/ce/build.CoreELEC-Amlogic-no.aarch64-22/install_pkg/linux-69e87fa40cc3a04bf91d92e388d2787a2efcb50c/usr/lib/kernel-overlays/base/lib/modules/5.15.196/kernel/drivers/net/wireless/mediatek/mt7601u/mt7601u.ko
2026-09-27T02:57:13.1054218Z   INSTALL /home/runner/work/_temp/work/ce/build.CoreELEC-Amlogic-no.aarch64-22/install_pkg/linux-69e87fa40cc3a04bf91d92e388d2787a2efcb50c/usr/lib/kernel-overlays/base/lib/modules/5.15.196/kernel/drivers/net/wireless/ralink/rt2x00/rt2500usb.ko
2026-09-27T02:57:13.1060526Z   INSTALL /home/runner/work/_temp/work/ce/build.CoreELEC-Amlogic-no.aarch64-22/install_pkg/linux-69e87fa40cc3a04bf91d92e388d2787a2efcb50c/usr/lib/kernel-overlays/base/lib/modules/5.15.196/kernel/drivers/net/wireless/ralink/rt2x00/rt2800lib.ko
2026-09-27T02:57:13.1074802Z   INSTALL /home/runner/work/_temp/work/ce/build.CoreELEC-Amlogic-no.aarch64-22/install_pkg/linux-69e87fa40cc3a04bf91d92e388d2787a2efcb50c/usr/lib/kernel-overlays/base/lib/modules/5.15.196/kernel/drivers/net/wireless/ralink/rt2x00/rt2800usb.ko
2026-09-27T02:57:13.1103671Z   INSTALL /home/runner/work/_temp/work/ce/build.CoreELEC-Amlogic-no.aarch64-22/install_pkg/linux-69e87fa40cc3a04bf91d92e388d2787a2efcb50c/usr/lib/kernel-overlays/base/lib/modules/5.15.196/kernel/drivers/net/wireless/ralink/rt2x00/rt2x00lib.ko
2026-09-27T02:57:13.1118317Z   INSTALL /home/runner/work/_temp/work/ce/build.CoreELEC-Amlogic-no.aarch64-22/install_pkg/linux-69e87fa40cc3a04bf91d92e388d2787a2efcb50c/usr/lib/kernel-overlays/base/lib/modules/5.15.196/kernel/drivers/net/wireless/ralink/rt2x00/rt2x00usb.ko
2026-09-27T02:57:13.1125861Z   INSTALL /home/runner/work/_temp/work/ce/build.CoreELEC-Amlogic-no.aarch64-22/install_pkg/linux-69e87fa40cc3a04bf91d92e388d2787a2efcb50c/usr/lib/kernel-overlays/base/lib/modules/5.15.196/kernel/drivers/net/wireless/ralink/rt2x00/rt73usb.ko
2026-09-27T02:57:13.1148739Z   INSTALL /home/runner/work/_temp/work/ce/build.CoreELEC-Amlogic-no.aarch64-22/install_pkg/linux-69e87fa40cc3a04bf91d92e388d2787a2efcb50c/usr/lib/kernel-overlays/base/lib/modules/5.15.196/kernel/drivers/net/wireless/realtek/rtl818x/rtl8187/rtl8187.ko
2026-09-27T02:57:13.1172476Z   INSTALL /home/runner/work/_temp/work/ce/build.CoreELEC-Amlogic-no.aarch64-22/install_pkg/linux-69e87fa40cc3a04bf91d92e388d2787a2efcb50c/usr/lib/kernel-overlays/base/lib/modules/5.15.196/kernel/drivers/net/wireless/realtek/rtl8xxxu/rtl8xxxu.ko
2026-09-27T02:57:13.1190429Z   INSTALL /home/runner/work/_temp/work/ce/build.CoreELEC-Amlogic-no.aarch64-22/install_pkg/linux-69e87fa40cc3a04bf91d92e388d2787a2efcb50c/usr/lib/kernel-overlays/base/lib/modules/5.15.196/kernel/drivers/net/wireless/realtek/rtlwifi/btcoexist/btcoexist.ko
2026-09-27T02:57:13.1193175Z   INSTALL /home/runner/work/_temp/work/ce/build.CoreELEC-Amlogic-no.aarch64-22/install_pkg/linux-69e87fa40cc3a04bf91d92e388d2787a2efcb50c/usr/lib/kernel-overlays/base/lib/modules/5.15.196/kernel/drivers/net/wireless/realtek/rtlwifi/rtl8188ee/rtl8188ee.ko
2026-09-27T02:57:13.1218708Z   INSTALL /home/runner/work/_temp/work/ce/build.CoreELEC-Amlogic-no.aarch64-22/install_pkg/linux-69e87fa40cc3a04bf91d92e388d2787a2efcb50c/usr/lib/kernel-overlays/base/lib/modules/5.15.196/kernel/drivers/net/wireless/realtek/rtlwifi/rtl8192c/rtl8192c-common.ko
2026-09-27T02:57:13.1237761Z   INSTALL /home/runner/work/_temp/work/ce/build.CoreELEC-Amlogic-no.aarch64-22/install_pkg/linux-69e87fa40cc3a04bf91d92e388d2787a2efcb50c/usr/lib/kernel-overlays/base/lib/modules/5.15.196/kernel/drivers/net/wireless/realtek/rtlwifi/rtl8192ce/rtl8192ce.ko
2026-09-27T02:57:13.1267809Z   INSTALL /home/runner/work/_temp/work/ce/build.CoreELEC-Amlogic-no.aarch64-22/install_pkg/linux-69e87fa40cc3a04bf91d92e388d2787a2efcb50c/usr/lib/kernel-overlays/base/lib/modules/5.15.196/kernel/drivers/net/wireless/realtek/rtlwifi/rtl8192cu/rtl8192cu.ko
2026-09-27T02:57:13.1287821Z   INSTALL /home/runner/work/_temp/work/ce/build.CoreELEC-Amlogic-no.aarch64-22/install_pkg/linux-69e87fa40cc3a04bf91d92e388d2787a2efcb50c/usr/lib/kernel-overlays/base/lib/modules/5.15.196/kernel/drivers/net/wireless/realtek/rtlwifi/rtl8192de/rtl8192de.ko
2026-09-27T02:57:13.1289908Z   INSTALL /home/runner/work/_temp/work/ce/build.CoreELEC-Amlogic-no.aarch64-22/install_pkg/linux-69e87fa40cc3a04bf91d92e388d2787a2efcb50c/usr/lib/kernel-overlays/base/lib/modules/5.15.196/kernel/drivers/net/wireless/realtek/rtlwifi/rtl8192ee/rtl8192ee.ko
2026-09-27T02:57:13.1315284Z   INSTALL /home/runner/work/_temp/work/ce/build.CoreELEC-Amlogic-no.aarch64-22/install_pkg/linux-69e87fa40cc3a04bf91d92e388d2787a2efcb50c/usr/lib/kernel-overlays/base/lib/modules/5.15.196/kernel/drivers/net/wireless/realtek/rtlwifi/rtl8192se/rtl8192se.ko
2026-09-27T02:57:13.1361690Z   INSTALL /home/runner/work/_temp/work/ce/build.CoreELEC-Amlogic-no.aarch64-22/install_pkg/linux-69e87fa40cc3a04bf91d92e388d2787a2efcb50c/usr/lib/kernel-overlays/base/lib/modules/5.15.196/kernel/drivers/net/wireless/realtek/rtlwifi/rtl8723ae/rtl8723ae.ko
2026-09-27T02:57:13.1364175Z   INSTALL /home/runner/work/_temp/work/ce/build.CoreELEC-Amlogic-no.aarch64-22/install_pkg/linux-69e87fa40cc3a04bf91d92e388d2787a2efcb50c/usr/lib/kernel-overlays/base/lib/modules/5.15.196/kernel/drivers/net/wireless/realtek/rtlwifi/rtl8723be/rtl8723be.ko
2026-09-27T02:57:13.1387009Z   INSTALL /home/runner/work/_temp/work/ce/build.CoreELEC-Amlogic-no.aarch64-22/install_pkg/linux-69e87fa40cc3a04bf91d92e388d2787a2efcb50c/usr/lib/kernel-overlays/base/lib/modules/5.15.196/kernel/drivers/net/wireless/realtek/rtlwifi/rtl8723com/rtl8723-common.ko
2026-09-27T02:57:13.1452068Z   INSTALL /home/runner/work/_temp/work/ce/build.CoreELEC-Amlogic-no.aarch64-22/install_pkg/linux-69e87fa40cc3a04bf91d92e388d2787a2efcb50c/usr/lib/kernel-overlays/base/lib/modules/5.15.196/kernel/drivers/net/wireless/realtek/rtlwifi/rtl8821ae/rtl8821ae.ko
2026-09-27T02:57:13.1456653Z   INSTALL /home/runner/work/_temp/work/ce/build.CoreELEC-Amlogic-no.aarch64-22/install_pkg/linux-69e87fa40cc3a04bf91d92e388d2787a2efcb50c/usr/lib/kernel-overlays/base/lib/modules/5.15.196/kernel/drivers/net/wireless/realtek/rtlwifi/rtl_pci.ko
2026-09-27T02:57:13.1483431Z   INSTALL /home/runner/work/_temp/work/ce/build.CoreELEC-Amlogic-no.aarch64-22/install_pkg/linux-69e87fa40cc3a04bf91d92e388d2787a2efcb50c/usr/lib/kernel-overlays/base/lib/modules/5.15.196/kernel/drivers/net/wireless/realtek/rtlwifi/rtlwifi.ko
2026-09-27T02:57:13.1489925Z   INSTALL /home/runner/work/_temp/work/ce/build.CoreELEC-Amlogic-no.aarch64-22/install_pkg/linux-69e87fa40cc3a04bf91d92e388d2787a2efcb50c/usr/lib/kernel-overlays/base/lib/modules/5.15.196/kernel/drivers/net/wireless/realtek/rtlwifi/rtl_usb.ko
2026-09-27T02:57:13.1510471Z   INSTALL /home/runner/work/_temp/work/ce/build.CoreELEC-Amlogic-no.aarch64-22/install_pkg/linux-69e87fa40cc3a04bf91d92e388d2787a2efcb50c/usr/lib/kernel-overlays/base/lib/modules/5.15.196/kernel/drivers/net/wireless/rndis_wlan.ko
2026-09-27T02:57:13.1516770Z   INSTALL /home/runner/work/_temp/work/ce/build.CoreELEC-Amlogic-no.aarch64-22/install_pkg/linux-69e87fa40cc3a04bf91d92e388d2787a2efcb50c/usr/lib/kernel-overlays/base/lib/modules/5.15.196/kernel/drivers/net/wireless/zydas/zd1201.ko
2026-09-27T02:57:13.1540533Z   INSTALL /home/runner/work/_temp/work/ce/build.CoreELEC-Amlogic-no.aarch64-22/install_pkg/linux-69e87fa40cc3a04bf91d92e388d2787a2efcb50c/usr/lib/kernel-overlays/base/lib/modules/5.15.196/kernel/drivers/nvme/host/nvme-core.ko
2026-09-27T02:57:13.1588188Z   INSTALL /home/runner/work/_temp/work/ce/build.CoreELEC-Amlogic-no.aarch64-22/install_pkg/linux-69e87fa40cc3a04bf91d92e388d2787a2efcb50c/usr/lib/kernel-overlays/base/lib/modules/5.15.196/kernel/drivers/nvme/host/nvme-fabrics.ko
2026-09-27T02:57:13.1609666Z   INSTALL /home/runner/work/_temp/work/ce/build.CoreELEC-Amlogic-no.aarch64-22/install_pkg/linux-69e87fa40cc3a04bf91d92e388d2787a2efcb50c/usr/lib/kernel-overlays/base/lib/modules/5.15.196/kernel/drivers/nvme/host/nvme-fc.ko
2026-09-27T02:57:13.1612508Z   INSTALL /home/runner/work/_temp/work/ce/build.CoreELEC-Amlogic-no.aarch64-22/install_pkg/linux-69e87fa40cc3a04bf91d92e388d2787a2efcb50c/usr/lib/kernel-overlays/base/lib/modules/5.15.196/kernel/drivers/nvme/host/nvme-tcp.ko
2026-09-27T02:57:13.1614868Z   INSTALL /home/runner/work/_temp/work/ce/build.CoreELEC-Amlogic-no.aarch64-22/install_pkg/linux-69e87fa40cc3a04bf91d92e388d2787a2efcb50c/usr/lib/kernel-overlays/base/lib/modules/5.15.196/kernel/drivers/nvme/host/nvme.ko
2026-09-27T02:57:13.1641778Z   INSTALL /home/runner/work/_temp/work/ce/build.CoreELEC-Amlogic-no.aarch64-22/install_pkg/linux-69e87fa40cc3a04bf91d92e388d2787a2efcb50c/usr/lib/kernel-overlays/base/lib/modules/5.15.196/kernel/drivers/nvme/target/nvme-loop.ko
2026-09-27T02:57:13.1667777Z   INSTALL /home/runner/work/_temp/work/ce/build.CoreELEC-Amlogic-no.aarch64-22/install_pkg/linux-69e87fa40cc3a04bf91d92e388d2787a2efcb50c/usr/lib/kernel-overlays/base/lib/modules/5.15.196/kernel/drivers/nvme/target/nvmet-fc.ko
2026-09-27T02:57:13.1677542Z   INSTALL /home/runner/work/_temp/work/ce/build.CoreELEC-Amlogic-no.aarch64-22/install_pkg/linux-69e87fa40cc3a04bf91d92e388d2787a2efcb50c/usr/lib/kernel-overlays/base/lib/modules/5.15.196/kernel/drivers/nvme/target/nvmet-tcp.ko
2026-09-27T02:57:13.1685768Z   INSTALL /home/runner/work/_temp/work/ce/build.CoreELEC-Amlogic-no.aarch64-22/install_pkg/linux-69e87fa40cc3a04bf91d92e388d2787a2efcb50c/usr/lib/kernel-overlays/base/lib/modules/5.15.196/kernel/drivers/nvme/target/nvmet.ko
2026-09-27T02:57:13.1700607Z   INSTALL /home/runner/work/_temp/work/ce/build.CoreELEC-Amlogic-no.aarch64-22/install_pkg/linux-69e87fa40cc3a04bf91d92e388d2787a2efcb50c/usr/lib/kernel-overlays/base/lib/modules/5.15.196/kernel/drivers/scsi/ch.ko
2026-09-27T02:57:13.1720943Z   INSTALL /home/runner/work/_temp/work/ce/build.CoreELEC-Amlogic-no.aarch64-22/install_pkg/linux-69e87fa40cc3a04bf91d92e388d2787a2efcb50c/usr/lib/kernel-overlays/base/lib/modules/5.15.196/kernel/drivers/ssb/ssb.ko
2026-09-27T02:57:13.1723215Z   INSTALL /home/runner/work/_temp/work/ce/build.CoreELEC-Amlogic-no.aarch64-22/install_pkg/linux-69e87fa40cc3a04bf91d92e388d2787a2efcb50c/usr/lib/kernel-overlays/base/lib/modules/5.15.196/kernel/drivers/tty/serdev/serdev.ko
2026-09-27T02:57:13.1733477Z   INSTALL /home/runner/work/_temp/work/ce/build.CoreELEC-Amlogic-no.aarch64-22/install_pkg/linux-69e87fa40cc3a04bf91d92e388d2787a2efcb50c/usr/lib/kernel-overlays/base/lib/modules/5.15.196/kernel/drivers/usb/class/cdc-acm.ko
2026-09-27T02:57:13.1767179Z   INSTALL /home/runner/work/_temp/work/ce/build.CoreELEC-Amlogic-no.aarch64-22/install_pkg/linux-69e87fa40cc3a04bf91d92e388d2787a2efcb50c/usr/lib/kernel-overlays/base/lib/modules/5.15.196/kernel/drivers/usb/class/cdc-wdm.ko
2026-09-27T02:57:13.1772203Z   INSTALL /home/runner/work/_temp/work/ce/build.CoreELEC-Amlogic-no.aarch64-22/install_pkg/linux-69e87fa40cc3a04bf91d92e388d2787a2efcb50c/usr/lib/kernel-overlays/base/lib/modules/5.15.196/kernel/drivers/usb/misc/ezusb.ko
2026-09-27T02:57:13.1777859Z   INSTALL /home/runner/work/_temp/work/ce/build.CoreELEC-Amlogic-no.aarch64-22/install_pkg/linux-69e87fa40cc3a04bf91d92e388d2787a2efcb50c/usr/lib/kernel-overlays/base/lib/modules/5.15.196/kernel/drivers/usb/serial/aircable.ko
2026-09-27T02:57:13.1811861Z   INSTALL /home/runner/work/_temp/work/ce/build.CoreELEC-Amlogic-no.aarch64-22/install_pkg/linux-69e87fa40cc3a04bf91d92e388d2787a2efcb50c/usr/lib/kernel-overlays/base/lib/modules/5.15.196/kernel/drivers/usb/serial/ark3116.ko
2026-09-27T02:57:13.1818294Z   INSTALL /home/runner/work/_temp/work/ce/build.CoreELEC-Amlogic-no.aarch64-22/install_pkg/linux-69e87fa40cc3a04bf91d92e388d2787a2efcb50c/usr/lib/kernel-overlays/base/lib/modules/5.15.196/kernel/drivers/usb/serial/belkin_sa.ko
2026-09-27T02:57:13.1828835Z   INSTALL /home/runner/work/_temp/work/ce/build.CoreELEC-Amlogic-no.aarch64-22/install_pkg/linux-69e87fa40cc3a04bf91d92e388d2787a2efcb50c/usr/lib/kernel-overlays/base/lib/modules/5.15.196/kernel/drivers/usb/serial/ch341.ko
2026-09-27T02:57:13.1836223Z   INSTALL /home/runner/work/_temp/work/ce/build.CoreELEC-Amlogic-no.aarch64-22/install_pkg/linux-69e87fa40cc3a04bf91d92e388d2787a2efcb50c/usr/lib/kernel-overlays/base/lib/modules/5.15.196/kernel/drivers/usb/serial/cp210x.ko
2026-09-27T02:57:13.1857225Z   INSTALL /home/runner/work/_temp/work/ce/build.CoreELEC-Amlogic-no.aarch64-22/install_pkg/linux-69e87fa40cc3a04bf91d92e388d2787a2efcb50c/usr/lib/kernel-overlays/base/lib/modules/5.15.196/kernel/drivers/usb/serial/cyberjack.ko
2026-09-27T02:57:13.1871399Z   INSTALL /home/runner/work/_temp/work/ce/build.CoreELEC-Amlogic-no.aarch64-22/install_pkg/linux-69e87fa40cc3a04bf91d92e388d2787a2efcb50c/usr/lib/kernel-overlays/base/lib/modules/5.15.196/kernel/drivers/usb/serial/cypress_m8.ko
2026-09-27T02:57:13.1879315Z   INSTALL /home/runner/work/_temp/work/ce/build.CoreELEC-Amlogic-no.aarch64-22/install_pkg/linux-69e87fa40cc3a04bf91d92e388d2787a2efcb50c/usr/lib/kernel-overlays/base/lib/modules/5.15.196/kernel/drivers/usb/serial/digi_acceleport.ko
2026-09-27T02:57:13.1893822Z   INSTALL /home/runner/work/_temp/work/ce/build.CoreELEC-Amlogic-no.aarch64-22/install_pkg/linux-69e87fa40cc3a04bf91d92e388d2787a2efcb50c/usr/lib/kernel-overlays/base/lib/modules/5.15.196/kernel/drivers/usb/serial/empeg.ko
2026-09-27T02:57:13.1907990Z   INSTALL /home/runner/work/_temp/work/ce/build.CoreELEC-Amlogic-no.aarch64-22/install_pkg/linux-69e87fa40cc3a04bf91d92e388d2787a2efcb50c/usr/lib/kernel-overlays/base/lib/modules/5.15.196/kernel/drivers/usb/serial/f81232.ko
2026-09-27T02:57:13.1913451Z   INSTALL /home/runner/work/_temp/work/ce/build.CoreELEC-Amlogic-no.aarch64-22/install_pkg/linux-69e87fa40cc3a04bf91d92e388d2787a2efcb50c/usr/lib/kernel-overlays/base/lib/modules/5.15.196/kernel/drivers/usb/serial/f81534.ko
2026-09-27T02:57:13.1938092Z   INSTALL /home/runner/work/_temp/work/ce/build.CoreELEC-Amlogic-no.aarch64-22/install_pkg/linux-69e87fa40cc3a04bf91d92e388d2787a2efcb50c/usr/lib/kernel-overlays/base/lib/modules/5.15.196/kernel/drivers/usb/serial/ftdi_sio.ko
2026-09-27T02:57:13.1956157Z   INSTALL /home/runner/work/_temp/work/ce/build.CoreELEC-Amlogic-no.aarch64-22/install_pkg/linux-69e87fa40cc3a04bf91d92e388d2787a2efcb50c/usr/lib/kernel-overlays/base/lib/modules/5.15.196/kernel/drivers/usb/serial/garmin_gps.ko
2026-09-27T02:57:13.1964069Z   INSTALL /home/runner/work/_temp/work/ce/build.CoreELEC-Amlogic-no.aarch64-22/install_pkg/linux-69e87fa40cc3a04bf91d92e388d2787a2efcb50c/usr/lib/kernel-overlays/base/lib/modules/5.15.196/kernel/drivers/usb/serial/io_edgeport.ko
2026-09-27T02:57:13.1998525Z   INSTALL /home/runner/work/_temp/work/ce/build.CoreELEC-Amlogic-no.aarch64-22/install_pkg/linux-69e87fa40cc3a04bf91d92e388d2787a2efcb50c/usr/lib/kernel-overlays/base/lib/modules/5.15.196/kernel/drivers/usb/serial/io_ti.ko
2026-09-27T02:57:13.2008150Z   INSTALL /home/runner/work/_temp/work/ce/build.CoreELEC-Amlogic-no.aarch64-22/install_pkg/linux-69e87fa40cc3a04bf91d92e388d2787a2efcb50c/usr/lib/kernel-overlays/base/lib/modules/5.15.196/kernel/drivers/usb/serial/ipaq.ko
2026-09-27T02:57:13.2035546Z   INSTALL /home/runner/work/_temp/work/ce/build.CoreELEC-Amlogic-no.aarch64-22/install_pkg/linux-69e87fa40cc3a04bf91d92e388d2787a2efcb50c/usr/lib/kernel-overlays/base/lib/modules/5.15.196/kernel/drivers/usb/serial/ipw.ko
2026-09-27T02:57:13.2037668Z   INSTALL /home/runner/work/_temp/work/ce/build.CoreELEC-Amlogic-no.aarch64-22/install_pkg/linux-69e87fa40cc3a04bf91d92e388d2787a2efcb50c/usr/lib/kernel-overlays/base/lib/modules/5.15.196/kernel/drivers/usb/serial/ir-usb.ko
2026-09-27T02:57:13.2039274Z   INSTALL /home/runner/work/_temp/work/ce/build.CoreELEC-Amlogic-no.aarch64-22/install_pkg/linux-69e87fa40cc3a04bf91d92e388d2787a2efcb50c/usr/lib/kernel-overlays/base/lib/modules/5.15.196/kernel/drivers/usb/serial/iuu_phoenix.ko
2026-09-27T02:57:13.2056324Z   INSTALL /home/runner/work/_temp/work/ce/build.CoreELEC-Amlogic-no.aarch64-22/install_pkg/linux-69e87fa40cc3a04bf91d92e388d2787a2efcb50c/usr/lib/kernel-overlays/base/lib/modules/5.15.196/kernel/drivers/usb/serial/keyspan.ko
2026-09-27T02:57:13.2072265Z   INSTALL /home/runner/work/_temp/work/ce/build.CoreELEC-Amlogic-no.aarch64-22/install_pkg/linux-69e87fa40cc3a04bf91d92e388d2787a2efcb50c/usr/lib/kernel-overlays/base/lib/modules/5.15.196/kernel/drivers/usb/serial/keyspan_pda.ko
2026-09-27T02:57:13.2081762Z   INSTALL /home/runner/work/_temp/work/ce/build.CoreELEC-Amlogic-no.aarch64-22/install_pkg/linux-69e87fa40cc3a04bf91d92e388d2787a2efcb50c/usr/lib/kernel-overlays/base/lib/modules/5.15.196/kernel/drivers/usb/serial/kl5kusb105.ko
2026-09-27T02:57:13.2104333Z   INSTALL /home/runner/work/_temp/work/ce/build.CoreELEC-Amlogic-no.aarch64-22/install_pkg/linux-69e87fa40cc3a04bf91d92e388d2787a2efcb50c/usr/lib/kernel-overlays/base/lib/modules/5.15.196/kernel/drivers/usb/serial/kobil_sct.ko
2026-09-27T02:57:13.2118953Z   INSTALL /home/runner/work/_temp/work/ce/build.CoreELEC-Amlogic-no.aarch64-22/install_pkg/linux-69e87fa40cc3a04bf91d92e388d2787a2efcb50c/usr/lib/kernel-overlays/base/lib/modules/5.15.196/kernel/drivers/usb/serial/mct_u232.ko
2026-09-27T02:57:13.2131086Z   INSTALL /home/runner/work/_temp/work/ce/build.CoreELEC-Amlogic-no.aarch64-22/install_pkg/linux-69e87fa40cc3a04bf91d92e388d2787a2efcb50c/usr/lib/kernel-overlays/base/lib/modules/5.15.196/kernel/drivers/usb/serial/metro-usb.ko
2026-09-27T02:57:13.2133269Z   INSTALL /home/runner/work/_temp/work/ce/build.CoreELEC-Amlogic-no.aarch64-22/install_pkg/linux-69e87fa40cc3a04bf91d92e388d2787a2efcb50c/usr/lib/kernel-overlays/base/lib/modules/5.15.196/kernel/drivers/usb/serial/mos7720.ko
2026-09-27T02:57:13.2169124Z   INSTALL /home/runner/work/_temp/work/ce/build.CoreELEC-Amlogic-no.aarch64-22/install_pkg/linux-69e87fa40cc3a04bf91d92e388d2787a2efcb50c/usr/lib/kernel-overlays/base/lib/modules/5.15.196/kernel/drivers/usb/serial/mos7840.ko
2026-09-27T02:57:13.2187896Z   INSTALL /home/runner/work/_temp/work/ce/build.CoreELEC-Amlogic-no.aarch64-22/install_pkg/linux-69e87fa40cc3a04bf91d92e388d2787a2efcb50c/usr/lib/kernel-overlays/base/lib/modules/5.15.196/kernel/drivers/usb/serial/mxuport.ko
2026-09-27T02:57:13.2195753Z   INSTALL /home/runner/work/_temp/work/ce/build.CoreELEC-Amlogic-no.aarch64-22/install_pkg/linux-69e87fa40cc3a04bf91d92e388d2787a2efcb50c/usr/lib/kernel-overlays/base/lib/modules/5.15.196/kernel/drivers/usb/serial/navman.ko
2026-09-27T02:57:13.2215630Z   INSTALL /home/runner/work/_temp/work/ce/build.CoreELEC-Amlogic-no.aarch64-22/install_pkg/linux-69e87fa40cc3a04bf91d92e388d2787a2efcb50c/usr/lib/kernel-overlays/base/lib/modules/5.15.196/kernel/drivers/usb/serial/omninet.ko
2026-09-27T02:57:13.2235155Z   INSTALL /home/runner/work/_temp/work/ce/build.CoreELEC-Amlogic-no.aarch64-22/install_pkg/linux-69e87fa40cc3a04bf91d92e388d2787a2efcb50c/usr/lib/kernel-overlays/base/lib/modules/5.15.196/kernel/drivers/usb/serial/opticon.ko
2026-09-27T02:57:13.2237577Z   INSTALL /home/runner/work/_temp/work/ce/build.CoreELEC-Amlogic-no.aarch64-22/install_pkg/linux-69e87fa40cc3a04bf91d92e388d2787a2efcb50c/usr/lib/kernel-overlays/base/lib/modules/5.15.196/kernel/drivers/usb/serial/option.ko
2026-09-27T02:57:13.2239769Z   INSTALL /home/runner/work/_temp/work/ce/build.CoreELEC-Amlogic-no.aarch64-22/install_pkg/linux-69e87fa40cc3a04bf91d92e388d2787a2efcb50c/usr/lib/kernel-overlays/base/lib/modules/5.15.196/kernel/drivers/usb/serial/oti6858.ko
2026-09-27T02:57:13.2262523Z   INSTALL /home/runner/work/_temp/work/ce/build.CoreELEC-Amlogic-no.aarch64-22/install_pkg/linux-69e87fa40cc3a04bf91d92e388d2787a2efcb50c/usr/lib/kernel-overlays/base/lib/modules/5.15.196/kernel/drivers/usb/serial/pl2303.ko
2026-09-27T02:57:13.2278316Z   INSTALL /home/runner/work/_temp/work/ce/build.CoreELEC-Amlogic-no.aarch64-22/install_pkg/linux-69e87fa40cc3a04bf91d92e388d2787a2efcb50c/usr/lib/kernel-overlays/base/lib/modules/5.15.196/kernel/drivers/usb/serial/qcaux.ko
2026-09-27T02:57:13.2288207Z   INSTALL /home/runner/work/_temp/work/ce/build.CoreELEC-Amlogic-no.aarch64-22/install_pkg/linux-69e87fa40cc3a04bf91d92e388d2787a2efcb50c/usr/lib/kernel-overlays/base/lib/modules/5.15.196/kernel/drivers/usb/serial/qcserial.ko
2026-09-27T02:57:13.2308963Z   INSTALL /home/runner/work/_temp/work/ce/build.CoreELEC-Amlogic-no.aarch64-22/install_pkg/linux-69e87fa40cc3a04bf91d92e388d2787a2efcb50c/usr/lib/kernel-overlays/base/lib/modules/5.15.196/kernel/drivers/usb/serial/quatech2.ko
2026-09-27T02:57:13.2322856Z   INSTALL /home/runner/work/_temp/work/ce/build.CoreELEC-Amlogic-no.aarch64-22/install_pkg/linux-69e87fa40cc3a04bf91d92e388d2787a2efcb50c/usr/lib/kernel-overlays/base/lib/modules/5.15.196/kernel/drivers/usb/serial/safe_serial.ko
2026-09-27T02:57:13.2329690Z   INSTALL /home/runner/work/_temp/work/ce/build.CoreELEC-Amlogic-no.aarch64-22/install_pkg/linux-69e87fa40cc3a04bf91d92e388d2787a2efcb50c/usr/lib/kernel-overlays/base/lib/modules/5.15.196/kernel/drivers/usb/serial/sierra.ko
2026-09-27T02:57:13.2340412Z   INSTALL /home/runner/work/_temp/work/ce/build.CoreELEC-Amlogic-no.aarch64-22/install_pkg/linux-69e87fa40cc3a04bf91d92e388d2787a2efcb50c/usr/lib/kernel-overlays/base/lib/modules/5.15.196/kernel/drivers/usb/serial/spcp8x5.ko
2026-09-27T02:57:13.2357694Z   INSTALL /home/runner/work/_temp/work/ce/build.CoreELEC-Amlogic-no.aarch64-22/install_pkg/linux-69e87fa40cc3a04bf91d92e388d2787a2efcb50c/usr/lib/kernel-overlays/base/lib/modules/5.15.196/kernel/drivers/usb/serial/ssu100.ko
2026-09-27T02:57:13.2377368Z   INSTALL /home/runner/work/_temp/work/ce/build.CoreELEC-Amlogic-no.aarch64-22/install_pkg/linux-69e87fa40cc3a04bf91d92e388d2787a2efcb50c/usr/lib/kernel-overlays/base/lib/modules/5.15.196/kernel/drivers/usb/serial/symbolserial.ko
2026-09-27T02:57:13.2380169Z   INSTALL /home/runner/work/_temp/work/ce/build.CoreELEC-Amlogic-no.aarch64-22/install_pkg/linux-69e87fa40cc3a04bf91d92e388d2787a2efcb50c/usr/lib/kernel-overlays/base/lib/modules/5.15.196/kernel/drivers/usb/serial/ti_usb_3410_5052.ko
2026-09-27T02:57:13.2398619Z   INSTALL /home/runner/work/_temp/work/ce/build.CoreELEC-Amlogic-no.aarch64-22/install_pkg/linux-69e87fa40cc3a04bf91d92e388d2787a2efcb50c/usr/lib/kernel-overlays/base/lib/modules/5.15.196/kernel/drivers/usb/serial/upd78f0730.ko
2026-09-27T02:57:13.2419280Z   INSTALL /home/runner/work/_temp/work/ce/build.CoreELEC-Amlogic-no.aarch64-22/install_pkg/linux-69e87fa40cc3a04bf91d92e388d2787a2efcb50c/usr/lib/kernel-overlays/base/lib/modules/5.15.196/kernel/drivers/usb/serial/usb-serial-simple.ko
2026-09-27T02:57:13.2424415Z   INSTALL /home/runner/work/_temp/work/ce/build.CoreELEC-Amlogic-no.aarch64-22/install_pkg/linux-69e87fa40cc3a04bf91d92e388d2787a2efcb50c/usr/lib/kernel-overlays/base/lib/modules/5.15.196/kernel/drivers/usb/serial/usb_debug.ko
2026-09-27T02:57:13.2438735Z   INSTALL /home/runner/work/_temp/work/ce/build.CoreELEC-Amlogic-no.aarch64-22/install_pkg/linux-69e87fa40cc3a04bf91d92e388d2787a2efcb50c/usr/lib/kernel-overlays/base/lib/modules/5.15.196/kernel/drivers/usb/serial/usb_wwan.ko
2026-09-27T02:57:13.2460606Z   INSTALL /home/runner/work/_temp/work/ce/build.CoreELEC-Amlogic-no.aarch64-22/install_pkg/linux-69e87fa40cc3a04bf91d92e388d2787a2efcb50c/usr/lib/kernel-overlays/base/lib/modules/5.15.196/kernel/drivers/usb/serial/visor.ko
2026-09-27T02:57:13.2483644Z   INSTALL /home/runner/work/_temp/work/ce/build.CoreELEC-Amlogic-no.aarch64-22/install_pkg/linux-69e87fa40cc3a04bf91d92e388d2787a2efcb50c/usr/lib/kernel-overlays/base/lib/modules/5.15.196/kernel/drivers/usb/serial/whiteheat.ko
2026-09-27T02:57:13.2485806Z   INSTALL /home/runner/work/_temp/work/ce/build.CoreELEC-Amlogic-no.aarch64-22/install_pkg/linux-69e87fa40cc3a04bf91d92e388d2787a2efcb50c/usr/lib/kernel-overlays/base/lib/modules/5.15.196/kernel/drivers/usb/serial/wishbone-serial.ko
2026-09-27T02:57:13.2497200Z   INSTALL /home/runner/work/_temp/work/ce/build.CoreELEC-Amlogic-no.aarch64-22/install_pkg/linux-69e87fa40cc3a04bf91d92e388d2787a2efcb50c/usr/lib/kernel-overlays/base/lib/modules/5.15.196/kernel/drivers/usb/serial/xr_serial.ko
2026-09-27T02:57:13.2502116Z   INSTALL /home/runner/work/_temp/work/ce/build.CoreELEC-Amlogic-no.aarch64-22/install_pkg/linux-69e87fa40cc3a04bf91d92e388d2787a2efcb50c/usr/lib/kernel-overlays/base/lib/modules/5.15.196/kernel/drivers/usb/serial/xsens_mt.ko
2026-09-27T02:57:13.2534504Z   INSTALL /home/runner/work/_temp/work/ce/build.CoreELEC-Amlogic-no.aarch64-22/install_pkg/linux-69e87fa40cc3a04bf91d92e388d2787a2efcb50c/usr/lib/kernel-overlays/base/lib/modules/5.15.196/kernel/drivers/usb/typec/tcpm/fusb302.ko
2026-09-27T02:57:13.2540433Z   INSTALL /home/runner/work/_temp/work/ce/build.CoreELEC-Amlogic-no.aarch64-22/install_pkg/linux-69e87fa40cc3a04bf91d92e388d2787a2efcb50c/usr/lib/kernel-overlays/base/lib/modules/5.15.196/kernel/drivers/usb/typec/tcpm/tcpci.ko
2026-09-27T02:57:13.2554304Z   INSTALL /home/runner/work/_temp/work/ce/build.CoreELEC-Amlogic-no.aarch64-22/install_pkg/linux-69e87fa40cc3a04bf91d92e388d2787a2efcb50c/usr/lib/kernel-overlays/base/lib/modules/5.15.196/kernel/drivers/usb/typec/tcpm/tcpm.ko
2026-09-27T02:57:13.2561514Z   INSTALL /home/runner/work/_temp/work/ce/build.CoreELEC-Amlogic-no.aarch64-22/install_pkg/linux-69e87fa40cc3a04bf91d92e388d2787a2efcb50c/usr/lib/kernel-overlays/base/lib/modules/5.15.196/kernel/drivers/usb/typec/typec.ko
2026-09-27T02:57:13.2582527Z   INSTALL /home/runner/work/_temp/work/ce/build.CoreELEC-Amlogic-no.aarch64-22/install_pkg/linux-69e87fa40cc3a04bf91d92e388d2787a2efcb50c/usr/lib/kernel-overlays/base/lib/modules/5.15.196/kernel/drivers/usb/typec/ucsi/typec_ucsi.ko
2026-09-27T02:57:13.2587269Z   INSTALL /home/runner/work/_temp/work/ce/build.CoreELEC-Amlogic-no.aarch64-22/install_pkg/linux-69e87fa40cc3a04bf91d92e388d2787a2efcb50c/usr/lib/kernel-overlays/base/lib/modules/5.15.196/kernel/fs/autofs/autofs4.ko
2026-09-27T02:57:13.2613188Z   INSTALL /home/runner/work/_temp/work/ce/build.CoreELEC-Amlogic-no.aarch64-22/install_pkg/linux-69e87fa40cc3a04bf91d92e388d2787a2efcb50c/usr/lib/kernel-overlays/base/lib/modules/5.15.196/kernel/fs/btrfs/btrfs.ko
2026-09-27T02:57:13.2618182Z   INSTALL /home/runner/work/_temp/work/ce/build.CoreELEC-Amlogic-no.aarch64-22/install_pkg/linux-69e87fa40cc3a04bf91d92e388d2787a2efcb50c/usr/lib/kernel-overlays/base/lib/modules/5.15.196/kernel/fs/isofs/isofs.ko
2026-09-27T02:57:13.2644055Z   INSTALL /home/runner/work/_temp/work/ce/build.CoreELEC-Amlogic-no.aarch64-22/install_pkg/linux-69e87fa40cc3a04bf91d92e388d2787a2efcb50c/usr/lib/kernel-overlays/base/lib/modules/5.15.196/kernel/fs/jfs/jfs.ko
2026-09-27T02:57:13.2651592Z   INSTALL /home/runner/work/_temp/work/ce/build.CoreELEC-Amlogic-no.aarch64-22/install_pkg/linux-69e87fa40cc3a04bf91d92e388d2787a2efcb50c/usr/lib/kernel-overlays/base/lib/modules/5.15.196/kernel/fs/nfs/blocklayout/blocklayoutdriver.ko
2026-09-27T02:57:13.2698336Z   INSTALL /home/runner/work/_temp/work/ce/build.CoreELEC-Amlogic-no.aarch64-22/install_pkg/linux-69e87fa40cc3a04bf91d92e388d2787a2efcb50c/usr/lib/kernel-overlays/base/lib/modules/5.15.196/kernel/fs/nfs_common/nfs_acl.ko
2026-09-27T02:57:13.2763265Z   INSTALL /home/runner/work/_temp/work/ce/build.CoreELEC-Amlogic-no.aarch64-22/install_pkg/linux-69e87fa40cc3a04bf91d92e388d2787a2efcb50c/usr/lib/kernel-overlays/base/lib/modules/5.15.196/kernel/fs/overlayfs/overlay.ko
2026-09-27T02:57:13.2765383Z   INSTALL /home/runner/work/_temp/work/ce/build.CoreELEC-Amlogic-no.aarch64-22/install_pkg/linux-69e87fa40cc3a04bf91d92e388d2787a2efcb50c/usr/lib/kernel-overlays/base/lib/modules/5.15.196/kernel/fs/nfsd/nfsd.ko
2026-09-27T02:57:13.2797489Z   INSTALL /home/runner/work/_temp/work/ce/build.CoreELEC-Amlogic-no.aarch64-22/install_pkg/linux-69e87fa40cc3a04bf91d92e388d2787a2efcb50c/usr/lib/kernel-overlays/base/lib/modules/5.15.196/kernel/fs/reiserfs/reiserfs.ko
2026-09-27T02:57:13.2837769Z   INSTALL /home/runner/work/_temp/work/ce/build.CoreELEC-Amlogic-no.aarch64-22/install_pkg/linux-69e87fa40cc3a04bf91d92e388d2787a2efcb50c/usr/lib/kernel-overlays/base/lib/modules/5.15.196/kernel/fs/udf/udf.ko
2026-09-27T02:57:13.2864186Z   INSTALL /home/runner/work/_temp/work/ce/build.CoreELEC-Amlogic-no.aarch64-22/install_pkg/linux-69e87fa40cc3a04bf91d92e388d2787a2efcb50c/usr/lib/kernel-overlays/base/lib/modules/5.15.196/kernel/fs/xfs/xfs.ko
2026-09-27T02:57:13.2887246Z   INSTALL /home/runner/work/_temp/work/ce/build.CoreELEC-Amlogic-no.aarch64-22/install_pkg/linux-69e87fa40cc3a04bf91d92e388d2787a2efcb50c/usr/lib/kernel-overlays/base/lib/modules/5.15.196/kernel/kernel/configs.ko
2026-09-27T02:57:13.2917600Z   INSTALL /home/runner/work/_temp/work/ce/build.CoreELEC-Amlogic-no.aarch64-22/install_pkg/linux-69e87fa40cc3a04bf91d92e388d2787a2efcb50c/usr/lib/kernel-overlays/base/lib/modules/5.15.196/kernel/lib/crc-ccitt.ko
2026-09-27T02:57:13.2947213Z   INSTALL /home/runner/work/_temp/work/ce/build.CoreELEC-Amlogic-no.aarch64-22/install_pkg/linux-69e87fa40cc3a04bf91d92e388d2787a2efcb50c/usr/lib/kernel-overlays/base/lib/modules/5.15.196/kernel/lib/crypto/libarc4.ko
2026-09-27T02:57:13.2949139Z   INSTALL /home/runner/work/_temp/work/ce/build.CoreELEC-Amlogic-no.aarch64-22/install_pkg/linux-69e87fa40cc3a04bf91d92e388d2787a2efcb50c/usr/lib/kernel-overlays/base/lib/modules/5.15.196/kernel/lib/crc-itu-t.ko
2026-09-27T02:57:13.2968546Z   INSTALL /home/runner/work/_temp/work/ce/build.CoreELEC-Amlogic-no.aarch64-22/install_pkg/linux-69e87fa40cc3a04bf91d92e388d2787a2efcb50c/usr/lib/kernel-overlays/base/lib/modules/5.15.196/kernel/lib/math/cordic.ko
2026-09-27T02:57:13.2983358Z   INSTALL /home/runner/work/_temp/work/ce/build.CoreELEC-Amlogic-no.aarch64-22/install_pkg/linux-69e87fa40cc3a04bf91d92e388d2787a2efcb50c/usr/lib/kernel-overlays/base/lib/modules/5.15.196/kernel/lib/raid6/raid6_pq.ko
2026-09-27T02:57:13.3044053Z   INSTALL /home/runner/work/_temp/work/ce/build.CoreELEC-Amlogic-no.aarch64-22/install_pkg/linux-69e87fa40cc3a04bf91d92e388d2787a2efcb50c/usr/lib/kernel-overlays/base/lib/modules/5.15.196/kernel/lib/zstd/zstd_compress.ko
2026-09-27T02:57:13.3046095Z   INSTALL /home/runner/work/_temp/work/ce/build.CoreELEC-Amlogic-no.aarch64-22/install_pkg/linux-69e87fa40cc3a04bf91d92e388d2787a2efcb50c/usr/lib/kernel-overlays/base/lib/modules/5.15.196/kernel/net/802/p8022.ko
2026-09-27T02:57:13.3048151Z   INSTALL /home/runner/work/_temp/work/ce/build.CoreELEC-Amlogic-no.aarch64-22/install_pkg/linux-69e87fa40cc3a04bf91d92e388d2787a2efcb50c/usr/lib/kernel-overlays/base/lib/modules/5.15.196/kernel/net/802/psnap.ko
2026-09-27T02:57:13.3078642Z   INSTALL /home/runner/work/_temp/work/ce/build.CoreELEC-Amlogic-no.aarch64-22/install_pkg/linux-69e87fa40cc3a04bf91d92e388d2787a2efcb50c/usr/lib/kernel-overlays/base/lib/modules/5.15.196/kernel/net/802/stp.ko
2026-09-27T02:57:13.3096161Z   INSTALL /home/runner/work/_temp/work/ce/build.CoreELEC-Amlogic-no.aarch64-22/install_pkg/linux-69e87fa40cc3a04bf91d92e388d2787a2efcb50c/usr/lib/kernel-overlays/base/lib/modules/5.15.196/kernel/net/8021q/8021q.ko
2026-09-27T02:57:13.3117587Z   INSTALL /home/runner/work/_temp/work/ce/build.CoreELEC-Amlogic-no.aarch64-22/install_pkg/linux-69e87fa40cc3a04bf91d92e388d2787a2efcb50c/usr/lib/kernel-overlays/base/lib/modules/5.15.196/kernel/net/bluetooth/bluetooth.ko
2026-09-27T02:57:13.3119610Z   INSTALL /home/runner/work/_temp/work/ce/build.CoreELEC-Amlogic-no.aarch64-22/install_pkg/linux-69e87fa40cc3a04bf91d92e388d2787a2efcb50c/usr/lib/kernel-overlays/base/lib/modules/5.15.196/kernel/net/bluetooth/hidp/hidp.ko
2026-09-27T02:57:13.3149867Z   INSTALL /home/runner/work/_temp/work/ce/build.CoreELEC-Amlogic-no.aarch64-22/install_pkg/linux-69e87fa40cc3a04bf91d92e388d2787a2efcb50c/usr/lib/kernel-overlays/base/lib/modules/5.15.196/kernel/net/bluetooth/rfcomm/rfcomm.ko
2026-09-27T02:57:13.3187565Z   INSTALL /home/runner/work/_temp/work/ce/build.CoreELEC-Amlogic-no.aarch64-22/install_pkg/linux-69e87fa40cc3a04bf91d92e388d2787a2efcb50c/usr/lib/kernel-overlays/base/lib/modules/5.15.196/kernel/net/bridge/br_netfilter.ko
2026-09-27T02:57:13.3200071Z   INSTALL /home/runner/work/_temp/work/ce/build.CoreELEC-Amlogic-no.aarch64-22/install_pkg/linux-69e87fa40cc3a04bf91d92e388d2787a2efcb50c/usr/lib/kernel-overlays/base/lib/modules/5.15.196/kernel/net/bridge/bridge.ko
2026-09-27T02:57:13.3209074Z   INSTALL /home/runner/work/_temp/work/ce/build.CoreELEC-Amlogic-no.aarch64-22/install_pkg/linux-69e87fa40cc3a04bf91d92e388d2787a2efcb50c/usr/lib/kernel-overlays/base/lib/modules/5.15.196/kernel/net/bridge/netfilter/nft_meta_bridge.ko
2026-09-27T02:57:13.3237275Z   INSTALL /home/runner/work/_temp/work/ce/build.CoreELEC-Amlogic-no.aarch64-22/install_pkg/linux-69e87fa40cc3a04bf91d92e388d2787a2efcb50c/usr/lib/kernel-overlays/base/lib/modules/5.15.196/kernel/net/bridge/netfilter/nft_reject_bridge.ko
2026-09-27T02:57:13.3265260Z   INSTALL /home/runner/work/_temp/work/ce/build.CoreELEC-Amlogic-no.aarch64-22/install_pkg/linux-69e87fa40cc3a04bf91d92e388d2787a2efcb50c/usr/lib/kernel-overlays/base/lib/modules/5.15.196/kernel/net/ipv4/esp4.ko
2026-09-27T02:57:13.3291109Z   INSTALL /home/runner/work/_temp/work/ce/build.CoreELEC-Amlogic-no.aarch64-22/install_pkg/linux-69e87fa40cc3a04bf91d92e388d2787a2efcb50c/usr/lib/kernel-overlays/base/lib/modules/5.15.196/kernel/net/ipv4/gre.ko
2026-09-27T02:57:13.3293538Z   INSTALL /home/runner/work/_temp/work/ce/build.CoreELEC-Amlogic-no.aarch64-22/install_pkg/linux-69e87fa40cc3a04bf91d92e388d2787a2efcb50c/usr/lib/kernel-overlays/base/lib/modules/5.15.196/kernel/net/ipv4/inet_diag.ko
2026-09-27T02:57:13.3314361Z   INSTALL /home/runner/work/_temp/work/ce/build.CoreELEC-Amlogic-no.aarch64-22/install_pkg/linux-69e87fa40cc3a04bf91d92e388d2787a2efcb50c/usr/lib/kernel-overlays/base/lib/modules/5.15.196/kernel/net/ipv4/ip_tunnel.ko
2026-09-27T02:57:13.3339350Z   INSTALL /home/runner/work/_temp/work/ce/build.CoreELEC-Amlogic-no.aarch64-22/install_pkg/linux-69e87fa40cc3a04bf91d92e388d2787a2efcb50c/usr/lib/kernel-overlays/base/lib/modules/5.15.196/kernel/net/ipv4/netfilter/arpt_mangle.ko
2026-09-27T02:57:13.3342113Z   INSTALL /home/runner/work/_temp/work/ce/build.CoreELEC-Amlogic-no.aarch64-22/install_pkg/linux-69e87fa40cc3a04bf91d92e388d2787a2efcb50c/usr/lib/kernel-overlays/base/lib/modules/5.15.196/kernel/net/ipv4/netfilter/arp_tables.ko
2026-09-27T02:57:13.3374650Z   INSTALL /home/runner/work/_temp/work/ce/build.CoreELEC-Amlogic-no.aarch64-22/install_pkg/linux-69e87fa40cc3a04bf91d92e388d2787a2efcb50c/usr/lib/kernel-overlays/base/lib/modules/5.15.196/kernel/net/ipv4/netfilter/ip_tables.ko
2026-09-27T02:57:13.3389514Z   INSTALL /home/runner/work/_temp/work/ce/build.CoreELEC-Amlogic-no.aarch64-22/install_pkg/linux-69e87fa40cc3a04bf91d92e388d2787a2efcb50c/usr/lib/kernel-overlays/base/lib/modules/5.15.196/kernel/net/ipv4/netfilter/iptable_raw.ko
2026-09-27T02:57:13.3404669Z   INSTALL /home/runner/work/_temp/work/ce/build.CoreELEC-Amlogic-no.aarch64-22/install_pkg/linux-69e87fa40cc3a04bf91d92e388d2787a2efcb50c/usr/lib/kernel-overlays/base/lib/modules/5.15.196/kernel/net/ipv4/netfilter/iptable_security.ko
2026-09-27T02:57:13.3409219Z   INSTALL /home/runner/work/_temp/work/ce/build.CoreELEC-Amlogic-no.aarch64-22/install_pkg/linux-69e87fa40cc3a04bf91d92e388d2787a2efcb50c/usr/lib/kernel-overlays/base/lib/modules/5.15.196/kernel/net/ipv4/netfilter/nf_defrag_ipv4.ko
2026-09-27T02:57:13.3431389Z   INSTALL /home/runner/work/_temp/work/ce/build.CoreELEC-Amlogic-no.aarch64-22/install_pkg/linux-69e87fa40cc3a04bf91d92e388d2787a2efcb50c/usr/lib/kernel-overlays/base/lib/modules/5.15.196/kernel/net/ipv4/netfilter/nf_dup_ipv4.ko
2026-09-27T02:57:13.3451151Z   INSTALL /home/runner/work/_temp/work/ce/build.CoreELEC-Amlogic-no.aarch64-22/install_pkg/linux-69e87fa40cc3a04bf91d92e388d2787a2efcb50c/usr/lib/kernel-overlays/base/lib/modules/5.15.196/kernel/net/ipv4/netfilter/nf_flow_table_ipv4.ko
2026-09-27T02:57:13.3467750Z   INSTALL /home/runner/work/_temp/work/ce/build.CoreELEC-Amlogic-no.aarch64-22/install_pkg/linux-69e87fa40cc3a04bf91d92e388d2787a2efcb50c/usr/lib/kernel-overlays/base/lib/modules/5.15.196/kernel/net/ipv4/netfilter/nf_nat_pptp.ko
2026-09-27T02:57:13.3475493Z   INSTALL /home/runner/work/_temp/work/ce/build.CoreELEC-Amlogic-no.aarch64-22/install_pkg/linux-69e87fa40cc3a04bf91d92e388d2787a2efcb50c/usr/lib/kernel-overlays/base/lib/modules/5.15.196/kernel/net/ipv4/netfilter/nf_reject_ipv4.ko
2026-09-27T02:57:13.3496616Z   INSTALL /home/runner/work/_temp/work/ce/build.CoreELEC-Amlogic-no.aarch64-22/install_pkg/linux-69e87fa40cc3a04bf91d92e388d2787a2efcb50c/usr/lib/kernel-overlays/base/lib/modules/5.15.196/kernel/net/ipv4/netfilter/nf_socket_ipv4.ko
2026-09-27T02:57:13.3502948Z   INSTALL /home/runner/work/_temp/work/ce/build.CoreELEC-Amlogic-no.aarch64-22/install_pkg/linux-69e87fa40cc3a04bf91d92e388d2787a2efcb50c/usr/lib/kernel-overlays/base/lib/modules/5.15.196/kernel/net/ipv4/netfilter/nf_tproxy_ipv4.ko
2026-09-27T02:57:13.3523845Z   INSTALL /home/runner/work/_temp/work/ce/build.CoreELEC-Amlogic-no.aarch64-22/install_pkg/linux-69e87fa40cc3a04bf91d92e388d2787a2efcb50c/usr/lib/kernel-overlays/base/lib/modules/5.15.196/kernel/net/ipv4/netfilter/nft_dup_ipv4.ko
2026-09-27T02:57:13.3541953Z   INSTALL /home/runner/work/_temp/work/ce/build.CoreELEC-Amlogic-no.aarch64-22/install_pkg/linux-69e87fa40cc3a04bf91d92e388d2787a2efcb50c/usr/lib/kernel-overlays/base/lib/modules/5.15.196/kernel/net/ipv4/netfilter/nft_fib_ipv4.ko
2026-09-27T02:57:13.3550416Z   INSTALL /home/runner/work/_temp/work/ce/build.CoreELEC-Amlogic-no.aarch64-22/install_pkg/linux-69e87fa40cc3a04bf91d92e388d2787a2efcb50c/usr/lib/kernel-overlays/base/lib/modules/5.15.196/kernel/net/ipv4/netfilter/nft_reject_ipv4.ko
2026-09-27T02:57:13.3569621Z   INSTALL /home/runner/work/_temp/work/ce/build.CoreELEC-Amlogic-no.aarch64-22/install_pkg/linux-69e87fa40cc3a04bf91d92e388d2787a2efcb50c/usr/lib/kernel-overlays/base/lib/modules/5.15.196/kernel/net/ipv4/tcp_diag.ko
2026-09-27T02:57:13.3575325Z   INSTALL /home/runner/work/_temp/work/ce/build.CoreELEC-Amlogic-no.aarch64-22/install_pkg/linux-69e87fa40cc3a04bf91d92e388d2787a2efcb50c/usr/lib/kernel-overlays/base/lib/modules/5.15.196/kernel/net/ipv4/tunnel4.ko
2026-09-27T02:57:13.3594835Z   INSTALL /home/runner/work/_temp/work/ce/build.CoreELEC-Amlogic-no.aarch64-22/install_pkg/linux-69e87fa40cc3a04bf91d92e388d2787a2efcb50c/usr/lib/kernel-overlays/base/lib/modules/5.15.196/kernel/net/ipv4/udp_diag.ko
2026-09-27T02:57:13.3599288Z   INSTALL /home/runner/work/_temp/work/ce/build.CoreELEC-Amlogic-no.aarch64-22/install_pkg/linux-69e87fa40cc3a04bf91d92e388d2787a2efcb50c/usr/lib/kernel-overlays/base/lib/modules/5.15.196/kernel/net/ipv4/udp_tunnel.ko
2026-09-27T02:57:13.3647439Z   INSTALL /home/runner/work/_temp/work/ce/build.CoreELEC-Amlogic-no.aarch64-22/install_pkg/linux-69e87fa40cc3a04bf91d92e388d2787a2efcb50c/usr/lib/kernel-overlays/base/lib/modules/5.15.196/kernel/net/ipv6/ah6.ko
2026-09-27T02:57:13.3650349Z   INSTALL /home/runner/work/_temp/work/ce/build.CoreELEC-Amlogic-no.aarch64-22/install_pkg/linux-69e87fa40cc3a04bf91d92e388d2787a2efcb50c/usr/lib/kernel-overlays/base/lib/modules/5.15.196/kernel/net/ipv6/esp6.ko
2026-09-27T02:57:13.3656845Z   INSTALL /home/runner/work/_temp/work/ce/build.CoreELEC-Amlogic-no.aarch64-22/install_pkg/linux-69e87fa40cc3a04bf91d92e388d2787a2efcb50c/usr/lib/kernel-overlays/base/lib/modules/5.15.196/kernel/net/ipv6/ip6_udp_tunnel.ko
2026-09-27T02:57:13.3658319Z   INSTALL /home/runner/work/_temp/work/ce/build.CoreELEC-Amlogic-no.aarch64-22/install_pkg/linux-69e87fa40cc3a04bf91d92e388d2787a2efcb50c/usr/lib/kernel-overlays/base/lib/modules/5.15.196/kernel/net/ipv6/ipcomp6.ko
2026-09-27T02:57:13.3684919Z   INSTALL /home/runner/work/_temp/work/ce/build.CoreELEC-Amlogic-no.aarch64-22/install_pkg/linux-69e87fa40cc3a04bf91d92e388d2787a2efcb50c/usr/lib/kernel-overlays/base/lib/modules/5.15.196/kernel/net/ipv6/mip6.ko
2026-09-27T02:57:13.3705383Z   INSTALL /home/runner/work/_temp/work/ce/build.CoreELEC-Amlogic-no.aarch64-22/install_pkg/linux-69e87fa40cc3a04bf91d92e388d2787a2efcb50c/usr/lib/kernel-overlays/base/lib/modules/5.15.196/kernel/net/ipv6/netfilter/ip6_tables.ko
2026-09-27T02:57:13.3708804Z   INSTALL /home/runner/work/_temp/work/ce/build.CoreELEC-Amlogic-no.aarch64-22/install_pkg/linux-69e87fa40cc3a04bf91d92e388d2787a2efcb50c/usr/lib/kernel-overlays/base/lib/modules/5.15.196/kernel/net/ipv6/netfilter/nf_defrag_ipv6.ko
2026-09-27T02:57:13.3721141Z   INSTALL /home/runner/work/_temp/work/ce/build.CoreELEC-Amlogic-no.aarch64-22/install_pkg/linux-69e87fa40cc3a04bf91d92e388d2787a2efcb50c/usr/lib/kernel-overlays/base/lib/modules/5.15.196/kernel/net/ipv6/netfilter/nf_dup_ipv6.ko
2026-09-27T02:57:13.3741372Z   INSTALL /home/runner/work/_temp/work/ce/build.CoreELEC-Amlogic-no.aarch64-22/install_pkg/linux-69e87fa40cc3a04bf91d92e388d2787a2efcb50c/usr/lib/kernel-overlays/base/lib/modules/5.15.196/kernel/net/ipv6/netfilter/nf_flow_table_ipv6.ko
2026-09-27T02:57:13.3750792Z   INSTALL /home/runner/work/_temp/work/ce/build.CoreELEC-Amlogic-no.aarch64-22/install_pkg/linux-69e87fa40cc3a04bf91d92e388d2787a2efcb50c/usr/lib/kernel-overlays/base/lib/modules/5.15.196/kernel/net/ipv6/netfilter/nf_reject_ipv6.ko
2026-09-27T02:57:13.3760957Z   INSTALL /home/runner/work/_temp/work/ce/build.CoreELEC-Amlogic-no.aarch64-22/install_pkg/linux-69e87fa40cc3a04bf91d92e388d2787a2efcb50c/usr/lib/kernel-overlays/base/lib/modules/5.15.196/kernel/net/ipv6/netfilter/nf_socket_ipv6.ko
2026-09-27T02:57:13.3775072Z   INSTALL /home/runner/work/_temp/work/ce/build.CoreELEC-Amlogic-no.aarch64-22/install_pkg/linux-69e87fa40cc3a04bf91d92e388d2787a2efcb50c/usr/lib/kernel-overlays/base/lib/modules/5.15.196/kernel/net/ipv6/netfilter/nf_tproxy_ipv6.ko
2026-09-27T02:57:13.3798556Z   INSTALL /home/runner/work/_temp/work/ce/build.CoreELEC-Amlogic-no.aarch64-22/install_pkg/linux-69e87fa40cc3a04bf91d92e388d2787a2efcb50c/usr/lib/kernel-overlays/base/lib/modules/5.15.196/kernel/net/ipv6/netfilter/nft_dup_ipv6.ko
2026-09-27T02:57:13.3812895Z   INSTALL /home/runner/work/_temp/work/ce/build.CoreELEC-Amlogic-no.aarch64-22/install_pkg/linux-69e87fa40cc3a04bf91d92e388d2787a2efcb50c/usr/lib/kernel-overlays/base/lib/modules/5.15.196/kernel/net/ipv6/netfilter/nft_fib_ipv6.ko
2026-09-27T02:57:13.3817906Z   INSTALL /home/runner/work/_temp/work/ce/build.CoreELEC-Amlogic-no.aarch64-22/install_pkg/linux-69e87fa40cc3a04bf91d92e388d2787a2efcb50c/usr/lib/kernel-overlays/base/lib/modules/5.15.196/kernel/net/ipv6/netfilter/nft_reject_ipv6.ko
2026-09-27T02:57:13.3831575Z   INSTALL /home/runner/work/_temp/work/ce/build.CoreELEC-Amlogic-no.aarch64-22/install_pkg/linux-69e87fa40cc3a04bf91d92e388d2787a2efcb50c/usr/lib/kernel-overlays/base/lib/modules/5.15.196/kernel/net/ipv6/sit.ko
2026-09-27T02:57:13.3854231Z   INSTALL /home/runner/work/_temp/work/ce/build.CoreELEC-Amlogic-no.aarch64-22/install_pkg/linux-69e87fa40cc3a04bf91d92e388d2787a2efcb50c/usr/lib/kernel-overlays/base/lib/modules/5.15.196/kernel/net/ipv6/tunnel6.ko
2026-09-27T02:57:13.3863724Z   INSTALL /home/runner/work/_temp/work/ce/build.CoreELEC-Amlogic-no.aarch64-22/install_pkg/linux-69e87fa40cc3a04bf91d92e388d2787a2efcb50c/usr/lib/kernel-overlays/base/lib/modules/5.15.196/kernel/net/ipv6/xfrm6_tunnel.ko
2026-09-27T02:57:13.3880907Z   INSTALL /home/runner/work/_temp/work/ce/build.CoreELEC-Amlogic-no.aarch64-22/install_pkg/linux-69e87fa40cc3a04bf91d92e388d2787a2efcb50c/usr/lib/kernel-overlays/base/lib/modules/5.15.196/kernel/net/key/af_key.ko
2026-09-27T02:57:13.3895126Z   INSTALL /home/runner/work/_temp/work/ce/build.CoreELEC-Amlogic-no.aarch64-22/install_pkg/linux-69e87fa40cc3a04bf91d92e388d2787a2efcb50c/usr/lib/kernel-overlays/base/lib/modules/5.15.196/kernel/net/l2tp/l2tp_core.ko
2026-09-27T02:57:13.3907919Z   INSTALL /home/runner/work/_temp/work/ce/build.CoreELEC-Amlogic-no.aarch64-22/install_pkg/linux-69e87fa40cc3a04bf91d92e388d2787a2efcb50c/usr/lib/kernel-overlays/base/lib/modules/5.15.196/kernel/net/l2tp/l2tp_debugfs.ko
2026-09-27T02:57:13.3913537Z   INSTALL /home/runner/work/_temp/work/ce/build.CoreELEC-Amlogic-no.aarch64-22/install_pkg/linux-69e87fa40cc3a04bf91d92e388d2787a2efcb50c/usr/lib/kernel-overlays/base/lib/modules/5.15.196/kernel/net/l2tp/l2tp_eth.ko
2026-09-27T02:57:13.3932431Z   INSTALL /home/runner/work/_temp/work/ce/build.CoreELEC-Amlogic-no.aarch64-22/install_pkg/linux-69e87fa40cc3a04bf91d92e388d2787a2efcb50c/usr/lib/kernel-overlays/base/lib/modules/5.15.196/kernel/net/l2tp/l2tp_ip.ko
2026-09-27T02:57:13.3948281Z   INSTALL /home/runner/work/_temp/work/ce/build.CoreELEC-Amlogic-no.aarch64-22/install_pkg/linux-69e87fa40cc3a04bf91d92e388d2787a2efcb50c/usr/lib/kernel-overlays/base/lib/modules/5.15.196/kernel/net/l2tp/l2tp_ip6.ko
2026-09-27T02:57:13.3961325Z   INSTALL /home/runner/work/_temp/work/ce/build.CoreELEC-Amlogic-no.aarch64-22/install_pkg/linux-69e87fa40cc3a04bf91d92e388d2787a2efcb50c/usr/lib/kernel-overlays/base/lib/modules/5.15.196/kernel/net/l2tp/l2tp_netlink.ko
2026-09-27T02:57:13.3982365Z   INSTALL /home/runner/work/_temp/work/ce/build.CoreELEC-Amlogic-no.aarch64-22/install_pkg/linux-69e87fa40cc3a04bf91d92e388d2787a2efcb50c/usr/lib/kernel-overlays/base/lib/modules/5.15.196/kernel/net/l2tp/l2tp_ppp.ko
2026-09-27T02:57:13.3990283Z   INSTALL /home/runner/work/_temp/work/ce/build.CoreELEC-Amlogic-no.aarch64-22/install_pkg/linux-69e87fa40cc3a04bf91d92e388d2787a2efcb50c/usr/lib/kernel-overlays/base/lib/modules/5.15.196/kernel/net/llc/llc.ko
2026-09-27T02:57:13.4010837Z   INSTALL /home/runner/work/_temp/work/ce/build.CoreELEC-Amlogic-no.aarch64-22/install_pkg/linux-69e87fa40cc3a04bf91d92e388d2787a2efcb50c/usr/lib/kernel-overlays/base/lib/modules/5.15.196/kernel/net/mac80211/mac80211.ko
2026-09-27T02:57:13.4042840Z   INSTALL /home/runner/work/_temp/work/ce/build.CoreELEC-Amlogic-no.aarch64-22/install_pkg/linux-69e87fa40cc3a04bf91d92e388d2787a2efcb50c/usr/lib/kernel-overlays/base/lib/modules/5.15.196/kernel/net/netfilter/ipvs/ip_vs.ko
2026-09-27T02:57:13.4058252Z   INSTALL /home/runner/work/_temp/work/ce/build.CoreELEC-Amlogic-no.aarch64-22/install_pkg/linux-69e87fa40cc3a04bf91d92e388d2787a2efcb50c/usr/lib/kernel-overlays/base/lib/modules/5.15.196/kernel/net/netfilter/ipvs/ip_vs_ftp.ko
2026-09-27T02:57:13.4076272Z   INSTALL /home/runner/work/_temp/work/ce/build.CoreELEC-Amlogic-no.aarch64-22/install_pkg/linux-69e87fa40cc3a04bf91d92e388d2787a2efcb50c/usr/lib/kernel-overlays/base/lib/modules/5.15.196/kernel/net/netfilter/ipvs/ip_vs_rr.ko
2026-09-27T02:57:13.4100574Z   INSTALL /home/runner/work/_temp/work/ce/build.CoreELEC-Amlogic-no.aarch64-22/install_pkg/linux-69e87fa40cc3a04bf91d92e388d2787a2efcb50c/usr/lib/kernel-overlays/base/lib/modules/5.15.196/kernel/net/netfilter/nf_conncount.ko
2026-09-27T02:57:13.4112646Z   INSTALL /home/runner/work/_temp/work/ce/build.CoreELEC-Amlogic-no.aarch64-22/install_pkg/linux-69e87fa40cc3a04bf91d92e388d2787a2efcb50c/usr/lib/kernel-overlays/base/lib/modules/5.15.196/kernel/net/netfilter/nf_conntrack.ko
2026-09-27T02:57:13.4115296Z   INSTALL /home/runner/work/_temp/work/ce/build.CoreELEC-Amlogic-no.aarch64-22/install_pkg/linux-69e87fa40cc3a04bf91d92e388d2787a2efcb50c/usr/lib/kernel-overlays/base/lib/modules/5.15.196/kernel/net/netfilter/nf_conntrack_broadcast.ko
2026-09-27T02:57:13.4128936Z   INSTALL /home/runner/work/_temp/work/ce/build.CoreELEC-Amlogic-no.aarch64-22/install_pkg/linux-69e87fa40cc3a04bf91d92e388d2787a2efcb50c/usr/lib/kernel-overlays/base/lib/modules/5.15.196/kernel/net/netfilter/nf_conntrack_ftp.ko
2026-09-27T02:57:13.4153259Z   INSTALL /home/runner/work/_temp/work/ce/build.CoreELEC-Amlogic-no.aarch64-22/install_pkg/linux-69e87fa40cc3a04bf91d92e388d2787a2efcb50c/usr/lib/kernel-overlays/base/lib/modules/5.15.196/kernel/net/netfilter/nf_conntrack_netbios_ns.ko
2026-09-27T02:57:13.4178742Z   INSTALL /home/runner/work/_temp/work/ce/build.CoreELEC-Amlogic-no.aarch64-22/install_pkg/linux-69e87fa40cc3a04bf91d92e388d2787a2efcb50c/usr/lib/kernel-overlays/base/lib/modules/5.15.196/kernel/net/netfilter/nf_conntrack_netlink.ko
2026-09-27T02:57:13.4192147Z   INSTALL /home/runner/work/_temp/work/ce/build.CoreELEC-Amlogic-no.aarch64-22/install_pkg/linux-69e87fa40cc3a04bf91d92e388d2787a2efcb50c/usr/lib/kernel-overlays/base/lib/modules/5.15.196/kernel/net/netfilter/nf_conntrack_pptp.ko
2026-09-27T02:57:13.4194512Z   INSTALL /home/runner/work/_temp/work/ce/build.CoreELEC-Amlogic-no.aarch64-22/install_pkg/linux-69e87fa40cc3a04bf91d92e388d2787a2efcb50c/usr/lib/kernel-overlays/base/lib/modules/5.15.196/kernel/net/netfilter/nf_conntrack_tftp.ko
2026-09-27T02:57:13.4203919Z   INSTALL /home/runner/work/_temp/work/ce/build.CoreELEC-Amlogic-no.aarch64-22/install_pkg/linux-69e87fa40cc3a04bf91d92e388d2787a2efcb50c/usr/lib/kernel-overlays/base/lib/modules/5.15.196/kernel/net/netfilter/nf_dup_netdev.ko
2026-09-27T02:57:13.4223888Z   INSTALL /home/runner/work/_temp/work/ce/build.CoreELEC-Amlogic-no.aarch64-22/install_pkg/linux-69e87fa40cc3a04bf91d92e388d2787a2efcb50c/usr/lib/kernel-overlays/base/lib/modules/5.15.196/kernel/net/netfilter/nf_flow_table.ko
2026-09-27T02:57:13.4253664Z   INSTALL /home/runner/work/_temp/work/ce/build.CoreELEC-Amlogic-no.aarch64-22/install_pkg/linux-69e87fa40cc3a04bf91d92e388d2787a2efcb50c/usr/lib/kernel-overlays/base/lib/modules/5.15.196/kernel/net/netfilter/nf_flow_table_inet.ko
2026-09-27T02:57:13.4256038Z   INSTALL /home/runner/work/_temp/work/ce/build.CoreELEC-Amlogic-no.aarch64-22/install_pkg/linux-69e87fa40cc3a04bf91d92e388d2787a2efcb50c/usr/lib/kernel-overlays/base/lib/modules/5.15.196/kernel/net/netfilter/nf_log_syslog.ko
2026-09-27T02:57:13.4273555Z   INSTALL /home/runner/work/_temp/work/ce/build.CoreELEC-Amlogic-no.aarch64-22/install_pkg/linux-69e87fa40cc3a04bf91d92e388d2787a2efcb50c/usr/lib/kernel-overlays/base/lib/modules/5.15.196/kernel/net/netfilter/nf_nat.ko
2026-09-27T02:57:13.4281309Z   INSTALL /home/runner/work/_temp/work/ce/build.CoreELEC-Amlogic-no.aarch64-22/install_pkg/linux-69e87fa40cc3a04bf91d92e388d2787a2efcb50c/usr/lib/kernel-overlays/base/lib/modules/5.15.196/kernel/net/netfilter/nf_nat_ftp.ko
2026-09-27T02:57:13.4302642Z   INSTALL /home/runner/work/_temp/work/ce/build.CoreELEC-Amlogic-no.aarch64-22/install_pkg/linux-69e87fa40cc3a04bf91d92e388d2787a2efcb50c/usr/lib/kernel-overlays/base/lib/modules/5.15.196/kernel/net/netfilter/nf_nat_tftp.ko
2026-09-27T02:57:13.4308566Z   INSTALL /home/runner/work/_temp/work/ce/build.CoreELEC-Amlogic-no.aarch64-22/install_pkg/linux-69e87fa40cc3a04bf91d92e388d2787a2efcb50c/usr/lib/kernel-overlays/base/lib/modules/5.15.196/kernel/net/netfilter/nf_synproxy_core.ko
2026-09-27T02:57:13.4341151Z   INSTALL /home/runner/work/_temp/work/ce/build.CoreELEC-Amlogic-no.aarch64-22/install_pkg/linux-69e87fa40cc3a04bf91d92e388d2787a2efcb50c/usr/lib/kernel-overlays/base/lib/modules/5.15.196/kernel/net/netfilter/nf_tables.ko
2026-09-27T02:57:13.4355265Z   INSTALL /home/runner/work/_temp/work/ce/build.CoreELEC-Amlogic-no.aarch64-22/install_pkg/linux-69e87fa40cc3a04bf91d92e388d2787a2efcb50c/usr/lib/kernel-overlays/base/lib/modules/5.15.196/kernel/net/netfilter/nfnetlink.ko
2026-09-27T02:57:13.4364150Z   INSTALL /home/runner/work/_temp/work/ce/build.CoreELEC-Amlogic-no.aarch64-22/install_pkg/linux-69e87fa40cc3a04bf91d92e388d2787a2efcb50c/usr/lib/kernel-overlays/base/lib/modules/5.15.196/kernel/net/netfilter/nfnetlink_hook.ko
2026-09-27T02:57:13.4391500Z   INSTALL /home/runner/work/_temp/work/ce/build.CoreELEC-Amlogic-no.aarch64-22/install_pkg/linux-69e87fa40cc3a04bf91d92e388d2787a2efcb50c/usr/lib/kernel-overlays/base/lib/modules/5.15.196/kernel/net/netfilter/nfnetlink_log.ko
2026-09-27T02:57:13.4408807Z   INSTALL /home/runner/work/_temp/work/ce/build.CoreELEC-Amlogic-no.aarch64-22/install_pkg/linux-69e87fa40cc3a04bf91d92e388d2787a2efcb50c/usr/lib/kernel-overlays/base/lib/modules/5.15.196/kernel/net/netfilter/nfnetlink_osf.ko
2026-09-27T02:57:13.4422877Z   INSTALL /home/runner/work/_temp/work/ce/build.CoreELEC-Amlogic-no.aarch64-22/install_pkg/linux-69e87fa40cc3a04bf91d92e388d2787a2efcb50c/usr/lib/kernel-overlays/base/lib/modules/5.15.196/kernel/net/netfilter/nfnetlink_queue.ko
2026-09-27T02:57:13.4432818Z   INSTALL /home/runner/work/_temp/work/ce/build.CoreELEC-Amlogic-no.aarch64-22/install_pkg/linux-69e87fa40cc3a04bf91d92e388d2787a2efcb50c/usr/lib/kernel-overlays/base/lib/modules/5.15.196/kernel/net/netfilter/nft_chain_nat.ko
2026-09-27T02:57:13.4442707Z   INSTALL /home/runner/work/_temp/work/ce/build.CoreELEC-Amlogic-no.aarch64-22/install_pkg/linux-69e87fa40cc3a04bf91d92e388d2787a2efcb50c/usr/lib/kernel-overlays/base/lib/modules/5.15.196/kernel/net/netfilter/nft_compat.ko
2026-09-27T02:57:13.4462564Z   INSTALL /home/runner/work/_temp/work/ce/build.CoreELEC-Amlogic-no.aarch64-22/install_pkg/linux-69e87fa40cc3a04bf91d92e388d2787a2efcb50c/usr/lib/kernel-overlays/base/lib/modules/5.15.196/kernel/net/netfilter/nft_connlimit.ko
2026-09-27T02:57:13.4472985Z   INSTALL /home/runner/work/_temp/work/ce/build.CoreELEC-Amlogic-no.aarch64-22/install_pkg/linux-69e87fa40cc3a04bf91d92e388d2787a2efcb50c/usr/lib/kernel-overlays/base/lib/modules/5.15.196/kernel/net/netfilter/nft_counter.ko
2026-09-27T02:57:13.4490603Z   INSTALL /home/runner/work/_temp/work/ce/build.CoreELEC-Amlogic-no.aarch64-22/install_pkg/linux-69e87fa40cc3a04bf91d92e388d2787a2efcb50c/usr/lib/kernel-overlays/base/lib/modules/5.15.196/kernel/net/netfilter/nft_ct.ko
2026-09-27T02:57:13.4511669Z   INSTALL /home/runner/work/_temp/work/ce/build.CoreELEC-Amlogic-no.aarch64-22/install_pkg/linux-69e87fa40cc3a04bf91d92e388d2787a2efcb50c/usr/lib/kernel-overlays/base/lib/modules/5.15.196/kernel/net/netfilter/nft_dup_netdev.ko
2026-09-27T02:57:13.4517101Z   INSTALL /home/runner/work/_temp/work/ce/build.CoreELEC-Amlogic-no.aarch64-22/install_pkg/linux-69e87fa40cc3a04bf91d92e388d2787a2efcb50c/usr/lib/kernel-overlays/base/lib/modules/5.15.196/kernel/net/netfilter/nft_fib.ko
2026-09-27T02:57:13.4532172Z   INSTALL /home/runner/work/_temp/work/ce/build.CoreELEC-Amlogic-no.aarch64-22/install_pkg/linux-69e87fa40cc3a04bf91d92e388d2787a2efcb50c/usr/lib/kernel-overlays/base/lib/modules/5.15.196/kernel/net/netfilter/nft_fib_inet.ko
2026-09-27T02:57:13.4554217Z   INSTALL /home/runner/work/_temp/work/ce/build.CoreELEC-Amlogic-no.aarch64-22/install_pkg/linux-69e87fa40cc3a04bf91d92e388d2787a2efcb50c/usr/lib/kernel-overlays/base/lib/modules/5.15.196/kernel/net/netfilter/nft_flow_offload.ko
2026-09-27T02:57:13.4556607Z   INSTALL /home/runner/work/_temp/work/ce/build.CoreELEC-Amlogic-no.aarch64-22/install_pkg/linux-69e87fa40cc3a04bf91d92e388d2787a2efcb50c/usr/lib/kernel-overlays/base/lib/modules/5.15.196/kernel/net/netfilter/nft_fib_netdev.ko
2026-09-27T02:57:13.4569211Z   INSTALL /home/runner/work/_temp/work/ce/build.CoreELEC-Amlogic-no.aarch64-22/install_pkg/linux-69e87fa40cc3a04bf91d92e388d2787a2efcb50c/usr/lib/kernel-overlays/base/lib/modules/5.15.196/kernel/net/netfilter/nft_fwd_netdev.ko
2026-09-27T02:57:13.4581940Z   INSTALL /home/runner/work/_temp/work/ce/build.CoreELEC-Amlogic-no.aarch64-22/install_pkg/linux-69e87fa40cc3a04bf91d92e388d2787a2efcb50c/usr/lib/kernel-overlays/base/lib/modules/5.15.196/kernel/net/netfilter/nft_hash.ko
2026-09-27T02:57:13.4599044Z   INSTALL /home/runner/work/_temp/work/ce/build.CoreELEC-Amlogic-no.aarch64-22/install_pkg/linux-69e87fa40cc3a04bf91d92e388d2787a2efcb50c/usr/lib/kernel-overlays/base/lib/modules/5.15.196/kernel/net/netfilter/nft_limit.ko
2026-09-27T02:57:13.4632391Z   INSTALL /home/runner/work/_temp/work/ce/build.CoreELEC-Amlogic-no.aarch64-22/install_pkg/linux-69e87fa40cc3a04bf91d92e388d2787a2efcb50c/usr/lib/kernel-overlays/base/lib/modules/5.15.196/kernel/net/netfilter/nft_log.ko
2026-09-27T02:57:13.4639137Z   INSTALL /home/runner/work/_temp/work/ce/build.CoreELEC-Amlogic-no.aarch64-22/install_pkg/linux-69e87fa40cc3a04bf91d92e388d2787a2efcb50c/usr/lib/kernel-overlays/base/lib/modules/5.15.196/kernel/net/netfilter/nft_masq.ko
2026-09-27T02:57:13.4641223Z   INSTALL /home/runner/work/_temp/work/ce/build.CoreELEC-Amlogic-no.aarch64-22/install_pkg/linux-69e87fa40cc3a04bf91d92e388d2787a2efcb50c/usr/lib/kernel-overlays/base/lib/modules/5.15.196/kernel/net/netfilter/nft_nat.ko
2026-09-27T02:57:13.4667580Z   INSTALL /home/runner/work/_temp/work/ce/build.CoreELEC-Amlogic-no.aarch64-22/install_pkg/linux-69e87fa40cc3a04bf91d92e388d2787a2efcb50c/usr/lib/kernel-overlays/base/lib/modules/5.15.196/kernel/net/netfilter/nft_numgen.ko
2026-09-27T02:57:13.4669616Z   INSTALL /home/runner/work/_temp/work/ce/build.CoreELEC-Amlogic-no.aarch64-22/install_pkg/linux-69e87fa40cc3a04bf91d92e388d2787a2efcb50c/usr/lib/kernel-overlays/base/lib/modules/5.15.196/kernel/net/netfilter/nft_objref.ko
2026-09-27T02:57:13.4674493Z   INSTALL /home/runner/work/_temp/work/ce/build.CoreELEC-Amlogic-no.aarch64-22/install_pkg/linux-69e87fa40cc3a04bf91d92e388d2787a2efcb50c/usr/lib/kernel-overlays/base/lib/modules/5.15.196/kernel/net/netfilter/nft_osf.ko
2026-09-27T02:57:13.4691835Z   INSTALL /home/runner/work/_temp/work/ce/build.CoreELEC-Amlogic-no.aarch64-22/install_pkg/linux-69e87fa40cc3a04bf91d92e388d2787a2efcb50c/usr/lib/kernel-overlays/base/lib/modules/5.15.196/kernel/net/netfilter/nft_queue.ko
2026-09-27T02:57:13.4711768Z   INSTALL /home/runner/work/_temp/work/ce/build.CoreELEC-Amlogic-no.aarch64-22/install_pkg/linux-69e87fa40cc3a04bf91d92e388d2787a2efcb50c/usr/lib/kernel-overlays/base/lib/modules/5.15.196/kernel/net/netfilter/nft_quota.ko
2026-09-27T02:57:13.4724235Z   INSTALL /home/runner/work/_temp/work/ce/build.CoreELEC-Amlogic-no.aarch64-22/install_pkg/linux-69e87fa40cc3a04bf91d92e388d2787a2efcb50c/usr/lib/kernel-overlays/base/lib/modules/5.15.196/kernel/net/netfilter/nft_redir.ko
2026-09-27T02:57:13.4736437Z   INSTALL /home/runner/work/_temp/work/ce/build.CoreELEC-Amlogic-no.aarch64-22/install_pkg/linux-69e87fa40cc3a04bf91d92e388d2787a2efcb50c/usr/lib/kernel-overlays/base/lib/modules/5.15.196/kernel/net/netfilter/nft_reject.ko
2026-09-27T02:57:13.4757136Z   INSTALL /home/runner/work/_temp/work/ce/build.CoreELEC-Amlogic-no.aarch64-22/install_pkg/linux-69e87fa40cc3a04bf91d92e388d2787a2efcb50c/usr/lib/kernel-overlays/base/lib/modules/5.15.196/kernel/net/netfilter/nft_reject_inet.ko
2026-09-27T02:57:13.4762257Z   INSTALL /home/runner/work/_temp/work/ce/build.CoreELEC-Amlogic-no.aarch64-22/install_pkg/linux-69e87fa40cc3a04bf91d92e388d2787a2efcb50c/usr/lib/kernel-overlays/base/lib/modules/5.15.196/kernel/net/netfilter/nft_reject_netdev.ko
2026-09-27T02:57:13.4782767Z   INSTALL /home/runner/work/_temp/work/ce/build.CoreELEC-Amlogic-no.aarch64-22/install_pkg/linux-69e87fa40cc3a04bf91d92e388d2787a2efcb50c/usr/lib/kernel-overlays/base/lib/modules/5.15.196/kernel/net/netfilter/nft_socket.ko
2026-09-27T02:57:13.4786733Z   INSTALL /home/runner/work/_temp/work/ce/build.CoreELEC-Amlogic-no.aarch64-22/install_pkg/linux-69e87fa40cc3a04bf91d92e388d2787a2efcb50c/usr/lib/kernel-overlays/base/lib/modules/5.15.196/kernel/net/netfilter/nft_synproxy.ko
2026-09-27T02:57:13.4811970Z   INSTALL /home/runner/work/_temp/work/ce/build.CoreELEC-Amlogic-no.aarch64-22/install_pkg/linux-69e87fa40cc3a04bf91d92e388d2787a2efcb50c/usr/lib/kernel-overlays/base/lib/modules/5.15.196/kernel/net/netfilter/nft_tproxy.ko
2026-09-27T02:57:13.4814618Z   INSTALL /home/runner/work/_temp/work/ce/build.CoreELEC-Amlogic-no.aarch64-22/install_pkg/linux-69e87fa40cc3a04bf91d92e388d2787a2efcb50c/usr/lib/kernel-overlays/base/lib/modules/5.15.196/kernel/net/netfilter/nft_tunnel.ko
2026-09-27T02:57:13.4833686Z   INSTALL /home/runner/work/_temp/work/ce/build.CoreELEC-Amlogic-no.aarch64-22/install_pkg/linux-69e87fa40cc3a04bf91d92e388d2787a2efcb50c/usr/lib/kernel-overlays/base/lib/modules/5.15.196/kernel/net/netfilter/nft_xfrm.ko
2026-09-27T02:57:13.4856531Z   INSTALL /home/runner/work/_temp/work/ce/build.CoreELEC-Amlogic-no.aarch64-22/install_pkg/linux-69e87fa40cc3a04bf91d92e388d2787a2efcb50c/usr/lib/kernel-overlays/base/lib/modules/5.15.196/kernel/net/netfilter/x_tables.ko
2026-09-27T02:57:13.4873966Z   INSTALL /home/runner/work/_temp/work/ce/build.CoreELEC-Amlogic-no.aarch64-22/install_pkg/linux-69e87fa40cc3a04bf91d92e388d2787a2efcb50c/usr/lib/kernel-overlays/base/lib/modules/5.15.196/kernel/net/netfilter/xt_CONNSECMARK.ko
2026-09-27T02:57:13.4880459Z   INSTALL /home/runner/work/_temp/work/ce/build.CoreELEC-Amlogic-no.aarch64-22/install_pkg/linux-69e87fa40cc3a04bf91d92e388d2787a2efcb50c/usr/lib/kernel-overlays/base/lib/modules/5.15.196/kernel/net/netfilter/xt_CT.ko
2026-09-27T02:57:13.4899299Z   INSTALL /home/runner/work/_temp/work/ce/build.CoreELEC-Amlogic-no.aarch64-22/install_pkg/linux-69e87fa40cc3a04bf91d92e388d2787a2efcb50c/usr/lib/kernel-overlays/base/lib/modules/5.15.196/kernel/net/netfilter/xt_MASQUERADE.ko
2026-09-27T02:57:13.4901695Z   INSTALL /home/runner/work/_temp/work/ce/build.CoreELEC-Amlogic-no.aarch64-22/install_pkg/linux-69e87fa40cc3a04bf91d92e388d2787a2efcb50c/usr/lib/kernel-overlays/base/lib/modules/5.15.196/kernel/net/netfilter/xt_NETMAP.ko
2026-09-27T02:57:13.4933427Z   INSTALL /home/runner/work/_temp/work/ce/build.CoreELEC-Amlogic-no.aarch64-22/install_pkg/linux-69e87fa40cc3a04bf91d92e388d2787a2efcb50c/usr/lib/kernel-overlays/base/lib/modules/5.15.196/kernel/net/netfilter/xt_REDIRECT.ko
2026-09-27T02:57:13.4942057Z   INSTALL /home/runner/work/_temp/work/ce/build.CoreELEC-Amlogic-no.aarch64-22/install_pkg/linux-69e87fa40cc3a04bf91d92e388d2787a2efcb50c/usr/lib/kernel-overlays/base/lib/modules/5.15.196/kernel/net/netfilter/xt_TCPMSS.ko
2026-09-27T02:57:13.4948937Z   INSTALL /home/runner/work/_temp/work/ce/build.CoreELEC-Amlogic-no.aarch64-22/install_pkg/linux-69e87fa40cc3a04bf91d92e388d2787a2efcb50c/usr/lib/kernel-overlays/base/lib/modules/5.15.196/kernel/net/netfilter/xt_addrtype.ko
2026-09-27T02:57:13.4965798Z   INSTALL /home/runner/work/_temp/work/ce/build.CoreELEC-Amlogic-no.aarch64-22/install_pkg/linux-69e87fa40cc3a04bf91d92e388d2787a2efcb50c/usr/lib/kernel-overlays/base/lib/modules/5.15.196/kernel/net/netfilter/xt_bpf.ko
2026-09-27T02:57:13.4987277Z   INSTALL /home/runner/work/_temp/work/ce/build.CoreELEC-Amlogic-no.aarch64-22/install_pkg/linux-69e87fa40cc3a04bf91d92e388d2787a2efcb50c/usr/lib/kernel-overlays/base/lib/modules/5.15.196/kernel/net/netfilter/xt_comment.ko
2026-09-27T02:57:13.5003830Z   INSTALL /home/runner/work/_temp/work/ce/build.CoreELEC-Amlogic-no.aarch64-22/install_pkg/linux-69e87fa40cc3a04bf91d92e388d2787a2efcb50c/usr/lib/kernel-overlays/base/lib/modules/5.15.196/kernel/net/netfilter/xt_connlimit.ko
2026-09-27T02:57:13.5007179Z   INSTALL /home/runner/work/_temp/work/ce/build.CoreELEC-Amlogic-no.aarch64-22/install_pkg/linux-69e87fa40cc3a04bf91d92e388d2787a2efcb50c/usr/lib/kernel-overlays/base/lib/modules/5.15.196/kernel/net/netfilter/xt_connmark.ko
2026-09-27T02:57:13.5013166Z   INSTALL /home/runner/work/_temp/work/ce/build.CoreELEC-Amlogic-no.aarch64-22/install_pkg/linux-69e87fa40cc3a04bf91d92e388d2787a2efcb50c/usr/lib/kernel-overlays/base/lib/modules/5.15.196/kernel/net/netfilter/xt_conntrack.ko
2026-09-27T02:57:13.5034462Z   INSTALL /home/runner/work/_temp/work/ce/build.CoreELEC-Amlogic-no.aarch64-22/install_pkg/linux-69e87fa40cc3a04bf91d92e388d2787a2efcb50c/usr/lib/kernel-overlays/base/lib/modules/5.15.196/kernel/net/netfilter/xt_ecn.ko
2026-09-27T02:57:13.5052730Z   INSTALL /home/runner/work/_temp/work/ce/build.CoreELEC-Amlogic-no.aarch64-22/install_pkg/linux-69e87fa40cc3a04bf91d92e388d2787a2efcb50c/usr/lib/kernel-overlays/base/lib/modules/5.15.196/kernel/net/netfilter/xt_hashlimit.ko
2026-09-27T02:57:13.5065434Z   INSTALL /home/runner/work/_temp/work/ce/build.CoreELEC-Amlogic-no.aarch64-22/install_pkg/linux-69e87fa40cc3a04bf91d92e388d2787a2efcb50c/usr/lib/kernel-overlays/base/lib/modules/5.15.196/kernel/net/netfilter/xt_helper.ko
2026-09-27T02:57:13.5084331Z   INSTALL /home/runner/work/_temp/work/ce/build.CoreELEC-Amlogic-no.aarch64-22/install_pkg/linux-69e87fa40cc3a04bf91d92e388d2787a2efcb50c/usr/lib/kernel-overlays/base/lib/modules/5.15.196/kernel/net/netfilter/xt_hl.ko
2026-09-27T02:57:13.5101746Z   INSTALL /home/runner/work/_temp/work/ce/build.CoreELEC-Amlogic-no.aarch64-22/install_pkg/linux-69e87fa40cc3a04bf91d92e388d2787a2efcb50c/usr/lib/kernel-overlays/base/lib/modules/5.15.196/kernel/net/netfilter/xt_iprange.ko
2026-09-27T02:57:13.5112634Z   INSTALL /home/runner/work/_temp/work/ce/build.CoreELEC-Amlogic-no.aarch64-22/install_pkg/linux-69e87fa40cc3a04bf91d92e388d2787a2efcb50c/usr/lib/kernel-overlays/base/lib/modules/5.15.196/kernel/net/netfilter/xt_ipvs.ko
2026-09-27T02:57:13.5121255Z   INSTALL /home/runner/work/_temp/work/ce/build.CoreELEC-Amlogic-no.aarch64-22/install_pkg/linux-69e87fa40cc3a04bf91d92e388d2787a2efcb50c/usr/lib/kernel-overlays/base/lib/modules/5.15.196/kernel/net/netfilter/xt_l2tp.ko
2026-09-27T02:57:13.5138947Z   INSTALL /home/runner/work/_temp/work/ce/build.CoreELEC-Amlogic-no.aarch64-22/install_pkg/linux-69e87fa40cc3a04bf91d92e388d2787a2efcb50c/usr/lib/kernel-overlays/base/lib/modules/5.15.196/kernel/net/netfilter/xt_length.ko
2026-09-27T02:57:13.5145604Z   INSTALL /home/runner/work/_temp/work/ce/build.CoreELEC-Amlogic-no.aarch64-22/install_pkg/linux-69e87fa40cc3a04bf91d92e388d2787a2efcb50c/usr/lib/kernel-overlays/base/lib/modules/5.15.196/kernel/net/netfilter/xt_limit.ko
2026-09-27T02:57:13.5174707Z   INSTALL /home/runner/work/_temp/work/ce/build.CoreELEC-Amlogic-no.aarch64-22/install_pkg/linux-69e87fa40cc3a04bf91d92e388d2787a2efcb50c/usr/lib/kernel-overlays/base/lib/modules/5.15.196/kernel/net/netfilter/xt_mac.ko
2026-09-27T02:57:13.5178399Z   INSTALL /home/runner/work/_temp/work/ce/build.CoreELEC-Amlogic-no.aarch64-22/install_pkg/linux-69e87fa40cc3a04bf91d92e388d2787a2efcb50c/usr/lib/kernel-overlays/base/lib/modules/5.15.196/kernel/net/netfilter/xt_mark.ko
2026-09-27T02:57:13.5198236Z   INSTALL /home/runner/work/_temp/work/ce/build.CoreELEC-Amlogic-no.aarch64-22/install_pkg/linux-69e87fa40cc3a04bf91d92e388d2787a2efcb50c/usr/lib/kernel-overlays/base/lib/modules/5.15.196/kernel/net/netfilter/xt_multiport.ko
2026-09-27T02:57:13.5209102Z   INSTALL /home/runner/work/_temp/work/ce/build.CoreELEC-Amlogic-no.aarch64-22/install_pkg/linux-69e87fa40cc3a04bf91d92e388d2787a2efcb50c/usr/lib/kernel-overlays/base/lib/modules/5.15.196/kernel/net/netfilter/xt_nat.ko
2026-09-27T02:57:13.5227405Z   INSTALL /home/runner/work/_temp/work/ce/build.CoreELEC-Amlogic-no.aarch64-22/install_pkg/linux-69e87fa40cc3a04bf91d92e388d2787a2efcb50c/usr/lib/kernel-overlays/base/lib/modules/5.15.196/kernel/net/netfilter/xt_owner.ko
2026-09-27T02:57:13.5241058Z   INSTALL /home/runner/work/_temp/work/ce/build.CoreELEC-Amlogic-no.aarch64-22/install_pkg/linux-69e87fa40cc3a04bf91d92e388d2787a2efcb50c/usr/lib/kernel-overlays/base/lib/modules/5.15.196/kernel/net/netfilter/xt_state.ko
2026-09-27T02:57:13.5244330Z   INSTALL /home/runner/work/_temp/work/ce/build.CoreELEC-Amlogic-no.aarch64-22/install_pkg/linux-69e87fa40cc3a04bf91d92e388d2787a2efcb50c/usr/lib/kernel-overlays/base/lib/modules/5.15.196/kernel/net/netfilter/xt_tcpmss.ko
2026-09-27T02:57:13.5264698Z   INSTALL /home/runner/work/_temp/work/ce/build.CoreELEC-Amlogic-no.aarch64-22/install_pkg/linux-69e87fa40cc3a04bf91d92e388d2787a2efcb50c/usr/lib/kernel-overlays/base/lib/modules/5.15.196/kernel/net/netfilter/xt_tcpudp.ko
2026-09-27T02:57:13.5284955Z   INSTALL /home/runner/work/_temp/work/ce/build.CoreELEC-Amlogic-no.aarch64-22/install_pkg/linux-69e87fa40cc3a04bf91d92e388d2787a2efcb50c/usr/lib/kernel-overlays/base/lib/modules/5.15.196/kernel/net/sched/act_ct.ko
2026-09-27T02:57:13.5298754Z   INSTALL /home/runner/work/_temp/work/ce/build.CoreELEC-Amlogic-no.aarch64-22/install_pkg/linux-69e87fa40cc3a04bf91d92e388d2787a2efcb50c/usr/lib/kernel-overlays/base/lib/modules/5.15.196/kernel/net/wireless/cfg80211.ko
2026-09-27T02:57:13.5301218Z   INSTALL /home/runner/work/_temp/work/ce/build.CoreELEC-Amlogic-no.aarch64-22/install_pkg/linux-69e87fa40cc3a04bf91d92e388d2787a2efcb50c/usr/lib/kernel-overlays/base/lib/modules/5.15.196/kernel/net/xfrm/xfrm_algo.ko
2026-09-27T02:57:13.5315373Z   INSTALL /home/runner/work/_temp/work/ce/build.CoreELEC-Amlogic-no.aarch64-22/install_pkg/linux-69e87fa40cc3a04bf91d92e388d2787a2efcb50c/usr/lib/kernel-overlays/base/lib/modules/5.15.196/kernel/net/xfrm/xfrm_interface.ko
2026-09-27T02:57:13.5342673Z   INSTALL /home/runner/work/_temp/work/ce/build.CoreELEC-Amlogic-no.aarch64-22/install_pkg/linux-69e87fa40cc3a04bf91d92e388d2787a2efcb50c/usr/lib/kernel-overlays/base/lib/modules/5.15.196/kernel/net/xfrm/xfrm_ipcomp.ko
2026-09-27T02:57:13.5361603Z   INSTALL /home/runner/work/_temp/work/ce/build.CoreELEC-Amlogic-no.aarch64-22/install_pkg/linux-69e87fa40cc3a04bf91d92e388d2787a2efcb50c/usr/lib/kernel-overlays/base/lib/modules/5.15.196/kernel/net/xfrm/xfrm_user.ko
2026-09-27T02:57:13.5372382Z   INSTALL /home/runner/work/_temp/work/ce/build.CoreELEC-Amlogic-no.aarch64-22/install_pkg/linux-69e87fa40cc3a04bf91d92e388d2787a2efcb50c/usr/lib/kernel-overlays/base/lib/modules/5.15.196/kernel/sound/soc/codecs/snd-soc-spdif-rx.ko
2026-09-27T02:57:13.5385549Z   INSTALL /home/runner/work/_temp/work/ce/build.CoreELEC-Amlogic-no.aarch64-22/install_pkg/linux-69e87fa40cc3a04bf91d92e388d2787a2efcb50c/usr/lib/kernel-overlays/base/lib/modules/5.15.196/kernel/sound/soc/codecs/snd-soc-spdif-tx.ko
2026-09-27T02:57:15.2631078Z boot image: total=24274944 page=2048 hdr_ver=0 os_ver=0x0 name='' cmdline=''
2026-09-27T02:57:15.2631641Z   kernel @0x2000000  ramdisk @0x1000000  second @0xf00000  tags @0x100
2026-09-27T02:57:15.2632025Z   kernel=16974786 bytes (head 894c5a4f)
2026-09-27T02:57:15.2632332Z   ramdisk=7295237 bytes (head 28b52ffd)
2026-09-27T02:57:15.6074717Z patched: Linux version 5.15.196 (runner@runnervmtr4k5) (Android (10087095, +pgo, +bolt, +lto, -mlgo, based on r487747c) clang version 17.0.2 (https://android.googlesource.com/toolchain/llvm-project d9f89f4d16663d5012e5c09495f3b30ece3d2362), LLD 17.0.2) #1 SMP PREEMPT Sun Sep 27 02:40:43 UTC 2026
2026-09-27T02:57:15.6084271Z 
2026-09-27T02:57:15.6085037Z === module ABI check (patched) against the official SYSTEM's modules  [02:57:15Z]
2026-09-27T02:57:15.9044627Z [patched] official modules: 903; symbol CRCs checked: 36428; match rebuilt kernel: 33798; MISMATCH: 0; not in rebuilt Module.symvers: 2630
2026-09-27T02:57:15.9045334Z [patched] official vermagic(s): 5.15.196 SMP preempt mod_unload modversions aarch64
2026-09-27T02:57:15.9045842Z [patched] same-named modules rebuilt: 798; srcversion identical: 99, different: 0, absent: 699
2026-09-27T02:57:15.9549325Z 
2026-09-27T02:57:15.9550178Z === verify the patch is in the patched tree  [02:57:15Z]
2026-09-27T02:57:16.3975232Z 2608:		if (!drm->mode_config.suspend_state)
2026-09-27T02:57:16.3988295Z FATAL: old stack copy still present
2026-09-27T02:57:16.4030325Z ##[error]Process completed with exit code 1.
2026-09-27T02:57:16.4156947Z ##[group]Run actions/upload-artifact@v4
2026-09-27T02:57:16.4157195Z with:
2026-09-27T02:57:16.4157375Z   name: test-kernel-build
2026-09-27T02:57:16.4157572Z   path: out/
2026-09-27T02:57:16.4157750Z   if-no-files-found: warn
2026-09-27T02:57:16.4157950Z   compression-level: 6
2026-09-27T02:57:16.4158145Z   overwrite: false
2026-09-27T02:57:16.4158330Z   include-hidden-files: false
2026-09-27T02:57:16.4158642Z env:
2026-09-27T02:57:16.4158856Z   CE_COMMIT: cb01a8989c75486ff0cfc7cbab7bcd6c20cfbc7f
2026-09-27T02:57:16.4159135Z   BASE_CD: 23b23cb6b709d53a5b7cb2cc6984f0c4d16bb125
2026-09-27T02:57:16.4159411Z   PATCHED_CD: 48e62bf2932c98e48d18569ff0a1d73e25924eda
2026-09-27T02:57:16.4159682Z   PATCHED_CD_REPO: avrignaud/common_drivers
2026-09-27T02:57:16.4160174Z   OFFICIAL_TAR_URL: https://archive.coreelec.org/Amlogic-no/CE-22/20260926/CoreELEC-Amlogic-no.aarch64-22.0-Piers_nightly_20260926.tar
2026-09-27T02:57:16.4160657Z   RELEASE_TAG: test-hpd-leak-fix-nightly_20260926
2026-09-27T02:57:16.4160941Z   BUILD_UNPATCHED: yes
2026-09-27T02:57:16.4161122Z ##[endgroup]
2026-09-27T02:57:16.9444792Z (node:1055597) [DEP0040] DeprecationWarning: The `punycode` module is deprecated. Please use a userland alternative instead.
2026-09-27T02:57:16.9445709Z (Use `node --trace-deprecation ...` to show where the warning was created)
2026-09-27T02:57:16.9519928Z With the provided path, there will be 16 files uploaded
2026-09-27T02:57:16.9524812Z Artifact name is valid!
2026-09-27T02:57:16.9525529Z Root directory input is valid!
2026-09-27T02:57:17.3308329Z Beginning upload of artifact content to blob storage
2026-09-27T02:57:17.6096291Z (node:1055597) [DEP0169] DeprecationWarning: `url.parse()` behavior is not standardized and prone to errors that have security implications. Use the WHATWG URL API instead. CVEs are not issued for `url.parse()` vulnerabilities.
2026-09-27T02:57:18.0107729Z Uploaded bytes 8388608
2026-09-27T02:57:18.4691374Z Uploaded bytes 16777216
2026-09-27T02:57:18.4712726Z Uploaded bytes 25165824
2026-09-27T02:57:18.8794776Z Uploaded bytes 33554432
2026-09-27T02:57:18.9098617Z Uploaded bytes 41943040
2026-09-27T02:57:19.4073536Z Uploaded bytes 50331648
2026-09-27T02:57:19.4611092Z Uploaded bytes 50840636
2026-09-27T02:57:19.5001285Z Finished uploading artifact content to blob storage!
2026-09-27T02:57:19.5004398Z SHA256 digest of uploaded artifact zip is 496f8c443e5af5e96457681d5b2d3da656f0bfbeb1c86950cc16ba566681827a
2026-09-27T02:57:19.5006470Z Finalizing artifact upload
2026-09-27T02:57:19.7255743Z Artifact test-kernel-build.zip successfully finalized. Artifact ID 10921757594
2026-09-27T02:57:19.7256782Z Artifact test-kernel-build has been successfully uploaded! Final size is 50840636 bytes. Artifact ID is 10921757594
2026-09-27T02:57:19.7261448Z Artifact download URL: https://github.com/avrignaud/common_drivers/actions/runs/36285385545/artifacts/10921757594
2026-09-27T02:57:19.7378614Z ##[group]Run mkdir -p faillogs
2026-09-27T02:57:19.7378879Z [36;1mmkdir -p faillogs[0m
2026-09-27T02:57:19.7379146Z [36;1mfor f in out/build-*.log; do[0m
2026-09-27T02:57:19.7379379Z [36;1m  [ -f "$f" ] || continue[0m
2026-09-27T02:57:19.7379598Z [36;1m  cp "$f" faillogs/[0m
2026-09-27T02:57:19.7379861Z [36;1m  tail -300 "$f" > "faillogs/$(basename "$f" .log)-tail.txt"[0m
2026-09-27T02:57:19.7380139Z [36;1mdone[0m
2026-09-27T02:57:19.7380325Z [36;1mls -la faillogs || true[0m
2026-09-27T02:57:19.7380569Z [36;1mTAG="ci-logs-run-${GITHUB_RUN_ID}"[0m
2026-09-27T02:57:19.7380955Z [36;1mgh release create "$TAG" --repo "$GITHUB_REPOSITORY" --target "$GITHUB_SHA" --prerelease \[0m
2026-09-27T02:57:19.7381366Z [36;1m  --title "CI logs for failed run $GITHUB_RUN_ID" \[0m
2026-09-27T02:57:19.7381802Z [36;1m  --notes "Build logs of failed run ${GITHUB_SERVER_URL}/${GITHUB_REPOSITORY}/actions/runs/${GITHUB_RUN_ID}" \[0m
2026-09-27T02:57:19.7382266Z [36;1m  faillogs/* || true[0m
2026-09-27T02:57:19.7824856Z shell: /usr/bin/bash -e {0}
2026-09-27T02:57:19.7825095Z env:
2026-09-27T02:57:19.7825317Z   CE_COMMIT: cb01a8989c75486ff0cfc7cbab7bcd6c20cfbc7f
2026-09-27T02:57:19.7825629Z   BASE_CD: 23b23cb6b709d53a5b7cb2cc6984f0c4d16bb125
2026-09-27T02:57:19.7826065Z   PATCHED_CD: 48e62bf2932c98e48d18569ff0a1d73e25924eda
2026-09-27T02:57:19.7826379Z   PATCHED_CD_REPO: avrignaud/common_drivers
2026-09-27T02:57:19.7826889Z   OFFICIAL_TAR_URL: https://archive.coreelec.org/Amlogic-no/CE-22/20260926/CoreELEC-Amlogic-no.aarch64-22.0-Piers_nightly_20260926.tar
2026-09-27T02:57:19.7827518Z   RELEASE_TAG: test-hpd-leak-fix-nightly_20260926
2026-09-27T02:57:19.7827772Z   BUILD_UNPATCHED: yes
2026-09-27T02:57:19.7829829Z   GH_TOKEN: ***
2026-09-27T02:57:19.7830015Z ##[endgroup]
2026-09-27T02:57:19.8088417Z total 48628
2026-09-27T02:57:19.8088881Z drwxr-xr-x 2 runner runner     4096 Sep 27 02:57 .
2026-09-27T02:57:19.8089190Z drwxr-xr-x 7 runner runner     4096 Sep 27 02:57 ..
2026-09-27T02:57:19.8089538Z -rw-r--r-- 1 runner runner    23292 Sep 27 02:57 build-patched-tail.txt
2026-09-27T02:57:19.8089910Z -rw-r--r-- 1 runner runner   594457 Sep 27 02:57 build-patched.log
2026-09-27T02:57:19.8090257Z -rw-r--r-- 1 runner runner    23292 Sep 27 02:57 build-unpatched-tail.txt
2026-09-27T02:57:19.8090610Z -rw-r--r-- 1 runner runner 49137045 Sep 27 02:57 build-unpatched.log
2026-09-27T02:57:23.8730437Z https://github.com/avrignaud/common_drivers/releases/tag/ci-logs-run-36285385545
2026-09-27T02:57:23.8854402Z Post job cleanup.
2026-09-27T02:57:23.9617025Z [command]/usr/bin/git version
2026-09-27T02:57:23.9656303Z git version 2.55.0
2026-09-27T02:57:23.9690469Z Temporarily overriding HOME='/home/runner/work/_temp/2aa71b38-a160-4039-aa8a-5367596f948e' before making global git config changes
2026-09-27T02:57:23.9691302Z Adding repository directory to the temporary git global config as a safe directory
2026-09-27T02:57:23.9696104Z [command]/usr/bin/git config --global --add safe.directory /home/runner/work/common_drivers/common_drivers
2026-09-27T02:57:23.9727468Z [command]/usr/bin/git config --local --name-only --get-regexp core\.sshCommand
2026-09-27T02:57:23.9755341Z [command]/usr/bin/git submodule foreach --recursive sh -c "git config --local --name-only --get-regexp 'core\.sshCommand' && git config --local --unset-all 'core.sshCommand' || :"
2026-09-27T02:57:23.9957455Z [command]/usr/bin/git config --local --name-only --get-regexp http\.https\:\/\/github\.com\/\.extraheader
2026-09-27T02:57:23.9977350Z http.https://github.com/.extraheader
2026-09-27T02:57:23.9987235Z [command]/usr/bin/git config --local --unset-all http.https://github.com/.extraheader
2026-09-27T02:57:24.0014431Z [command]/usr/bin/git submodule foreach --recursive sh -c "git config --local --name-only --get-regexp 'http\.https\:\/\/github\.com\/\.extraheader' && git config --local --unset-all 'http.https://github.com/.extraheader' || :"
2026-09-27T02:57:24.0199331Z [command]/usr/bin/git config --local --name-only --get-regexp ^includeIf\.gitdir:
2026-09-27T02:57:24.0230736Z [command]/usr/bin/git submodule foreach --recursive git config --local --show-origin --name-only --get-regexp remote.origin.url
2026-09-27T02:57:24.0528171Z Cleaning up orphan processes
2026-09-27T02:57:24.0841997Z ##[warning]Node.js 20 is deprecated. The following actions target Node.js 20 but are being forced to run on Node.js 24: actions/checkout@v4, actions/upload-artifact@v4. For more information see: https://github.blog/changelog/2025-09-19-deprecation-of-node-20-on-github-actions-runners/